TITLE = FEM_GUI_V2

SPACE_DIMENSION = 2

NUMBER_OF_ELEMENTS = 7422

ELEMENT_TYPES =
1 1 1 1 1 1 1 1 1 1 1 1 1 1 1 1 1 1 1 1 
1 1 1 1 1 1 1 1 1 1 1 1 1 1 1 1 1 1 1 1 
1 1 1 1 1 1 1 1 1 1 1 1 1 1 1 1 1 1 1 1 
1 1 1 1 1 1 1 1 1 1 1 1 1 1 1 1 1 1 1 1 
1 1 1 1 1 1 1 1 1 1 1 1 1 1 1 1 1 1 1 1 
1 1 1 1 1 1 1 1 1 1 1 1 1 1 1 1 1 1 1 1 
1 1 1 1 1 1 1 1 1 1 1 1 1 1 1 1 1 1 1 1 
1 1 1 1 1 1 1 1 1 1 1 1 1 1 1 1 1 1 1 1 
1 1 1 1 1 1 1 1 1 1 1 1 1 1 1 1 1 1 1 1 
1 1 1 1 1 1 1 1 1 1 1 1 1 1 1 1 1 1 1 1 
1 1 1 1 1 1 1 1 1 1 1 1 1 1 1 1 1 1 1 1 
1 1 1 1 1 1 1 1 1 1 1 1 1 1 1 1 1 1 1 1 
1 1 1 1 1 1 1 1 1 1 1 1 1 1 1 1 1 1 1 1 
1 1 1 1 1 1 1 1 1 1 1 1 1 1 1 1 1 1 1 1 
1 1 1 1 1 1 1 1 1 1 1 1 1 1 1 1 1 1 1 1 
1 1 1 1 1 1 1 1 1 1 1 1 1 1 1 1 1 1 1 1 
1 1 1 1 1 1 1 1 1 1 1 1 1 1 1 1 1 1 1 1 
1 1 1 1 1 1 1 1 1 1 1 1 1 1 1 1 1 1 1 1 
1 1 1 1 1 1 1 1 1 1 1 1 1 1 1 1 1 1 1 1 
1 1 1 1 1 1 1 1 1 1 1 1 1 1 1 1 1 1 1 1 
1 1 1 1 1 1 1 1 1 1 1 1 1 1 1 1 1 1 1 1 
1 1 1 1 1 1 1 1 1 1 1 1 1 1 1 1 1 1 1 1 
1 1 1 1 1 1 1 1 1 1 1 1 1 1 1 1 1 1 1 1 
1 1 1 1 1 1 1 1 1 1 1 1 1 1 1 1 1 1 1 1 
1 1 1 1 1 1 1 1 1 1 1 1 1 1 1 1 1 1 1 1 
1 1 1 1 1 1 1 1 1 1 1 1 1 1 1 1 1 1 1 1 
1 1 1 1 1 1 1 1 1 1 1 1 1 1 1 1 1 1 1 1 
1 1 1 1 1 1 1 1 1 1 1 1 1 1 1 1 1 1 1 1 
1 1 1 1 1 1 1 1 1 1 1 1 1 1 1 1 1 1 1 1 
1 1 1 1 1 1 1 1 1 1 1 1 1 1 1 1 1 1 1 1 
1 1 1 1 1 1 1 1 1 1 1 1 1 1 1 1 1 1 1 1 
1 1 1 1 1 1 1 1 1 1 1 1 1 1 1 1 1 1 1 1 
1 1 1 1 1 1 1 1 1 1 1 1 1 1 1 1 1 1 1 1 
1 1 1 1 1 1 1 1 1 1 1 1 1 1 1 1 1 1 1 1 
1 1 1 1 1 1 1 1 1 1 1 1 1 1 1 1 1 1 1 1 
1 1 1 1 1 1 1 1 1 1 1 1 1 1 1 1 1 1 1 1 
1 1 1 1 1 1 1 1 1 1 1 1 1 1 1 1 1 1 1 1 
1 1 1 1 1 1 1 1 1 1 1 1 1 1 1 1 1 1 1 1 
1 1 1 1 1 1 1 1 1 1 1 1 1 1 1 1 1 1 1 1 
1 1 1 1 1 1 1 1 1 1 1 1 1 1 1 1 1 1 1 1 
1 1 1 1 1 1 1 1 1 1 1 1 1 1 1 1 1 1 1 1 
1 1 1 1 1 1 1 1 1 1 1 1 1 1 1 1 1 1 1 1 
1 1 1 1 1 1 1 1 1 1 1 1 1 1 1 1 1 1 1 1 
1 1 1 1 1 1 1 1 1 1 1 1 1 1 1 1 1 1 1 1 
1 1 1 1 1 1 1 1 1 1 1 1 1 1 1 1 1 1 1 1 
1 1 1 1 1 1 1 1 1 1 1 1 1 1 1 1 1 1 1 1 
1 1 1 1 1 1 1 1 1 1 1 1 1 1 1 1 1 1 1 1 
1 1 1 1 1 1 1 1 1 1 1 1 1 1 1 1 1 1 1 1 
1 1 1 1 1 1 1 1 1 1 1 1 1 1 1 1 1 1 1 1 
1 1 1 1 1 1 1 1 1 1 1 1 1 1 1 1 1 1 1 1 
1 1 1 1 1 1 1 1 1 1 1 1 1 1 1 1 1 1 1 1 
1 1 1 1 1 1 1 1 1 1 1 1 1 1 1 1 1 1 1 1 
1 1 1 1 1 1 1 1 1 1 1 1 1 1 1 1 1 1 1 1 
1 1 1 1 1 1 1 1 1 1 1 1 1 1 1 1 1 1 1 1 
1 1 1 1 1 1 1 1 1 1 1 1 1 1 1 1 1 1 1 1 
1 1 1 1 1 1 1 1 1 1 1 1 1 1 1 1 1 1 1 1 
1 1 1 1 1 1 1 1 1 1 1 1 1 1 1 1 1 1 1 1 
1 1 1 1 1 1 1 1 1 1 1 1 1 1 1 1 1 1 1 1 
1 1 1 1 1 1 1 1 1 1 1 1 1 1 1 1 1 1 1 1 
1 1 1 1 1 1 1 1 1 1 1 1 1 1 1 1 1 1 1 1 
1 1 1 1 1 1 1 1 1 1 1 1 1 1 1 1 1 1 1 1 
1 1 1 1 1 1 1 1 1 1 1 1 1 1 1 1 1 1 1 1 
1 1 1 1 1 1 1 1 1 1 1 1 1 1 1 1 1 1 1 1 
1 1 1 1 1 1 1 1 1 1 1 1 1 1 1 1 1 1 1 1 
1 1 1 1 1 1 1 1 1 1 1 1 1 1 1 1 1 1 1 1 
1 1 1 1 1 1 1 1 1 1 1 1 1 1 1 1 1 1 1 1 
1 1 1 1 1 1 1 1 1 1 1 1 1 1 1 1 1 1 1 1 
1 1 1 1 1 1 1 1 1 1 1 1 1 1 1 1 1 1 1 1 
1 1 1 1 1 1 1 1 1 1 1 1 1 1 1 1 1 1 1 1 
1 1 1 1 1 1 1 1 1 1 1 1 1 1 1 1 1 1 1 1 
1 1 1 1 1 1 1 1 1 1 1 1 1 1 1 1 1 1 1 1 
1 1 1 1 1 1 1 1 1 1 1 1 1 1 1 1 1 1 1 1 
1 1 1 1 1 1 1 1 1 1 1 1 1 1 1 1 1 1 1 1 
1 1 1 1 1 1 1 1 1 1 1 1 1 1 1 1 1 1 1 1 
1 1 1 1 1 1 1 1 1 1 1 1 1 1 1 1 1 1 1 1 
1 1 1 1 1 1 1 1 1 1 1 1 1 1 1 1 1 1 1 1 
1 1 1 1 1 1 1 1 1 1 1 1 1 1 1 1 1 1 1 1 
1 1 1 1 1 1 1 1 1 1 1 1 1 1 1 1 1 1 1 1 
1 1 1 1 1 1 1 1 1 1 1 1 1 1 1 1 1 1 1 1 
1 1 1 1 1 1 1 1 1 1 1 1 1 1 1 1 1 1 1 1 
1 1 1 1 1 1 1 1 1 1 1 1 1 1 1 1 1 1 1 1 
1 1 1 1 1 1 1 1 1 1 1 1 1 1 1 1 1 1 1 1 
1 1 1 1 1 1 1 1 1 1 1 1 1 1 1 1 1 1 1 1 
1 1 1 1 1 1 1 1 1 1 1 1 1 1 1 1 1 1 1 1 
1 1 1 1 1 1 1 1 1 1 1 1 1 1 1 1 1 1 1 1 
1 1 1 1 1 1 1 1 1 1 1 1 1 1 1 1 1 1 1 1 
1 1 1 1 1 1 1 1 1 1 1 1 1 1 1 1 1 1 1 1 
1 1 1 1 1 1 1 1 1 1 1 1 1 1 1 1 1 1 1 1 
1 1 1 1 1 1 1 1 1 1 1 1 1 1 1 1 1 1 1 1 
1 1 1 1 1 1 1 1 1 1 1 1 1 1 1 1 1 1 1 1 
1 1 1 1 1 1 1 1 1 1 1 1 1 1 1 1 1 1 1 1 
1 1 1 1 1 1 1 1 1 1 1 1 1 1 1 1 1 1 1 1 
1 1 1 1 1 1 1 1 1 1 1 1 1 1 1 1 1 1 1 1 
1 1 1 1 1 1 1 1 1 1 1 1 1 1 1 1 1 1 1 1 
1 1 1 1 1 1 1 1 1 1 1 1 1 1 1 1 1 1 1 1 
1 1 1 1 1 1 1 1 1 1 1 1 1 1 1 1 1 1 1 1 
1 1 1 1 1 1 1 1 1 1 1 1 1 1 1 1 1 1 1 1 
1 1 1 1 1 1 1 1 1 1 1 1 1 1 1 1 1 1 1 1 
1 1 1 1 1 1 1 1 1 1 1 1 1 1 1 1 1 1 1 1 
1 1 1 1 1 1 1 1 1 1 1 1 1 1 1 1 1 1 1 1 
1 1 1 1 1 1 1 1 1 1 1 1 1 1 1 1 1 1 1 1 
1 1 1 1 1 1 1 1 1 1 1 1 1 1 1 1 1 1 1 1 
1 1 1 1 1 1 1 1 1 1 1 1 1 1 1 1 1 1 1 1 
1 1 1 1 1 1 1 1 1 1 1 1 1 1 1 1 1 1 1 1 
1 1 1 1 1 1 1 1 1 1 1 1 1 1 1 1 1 1 1 1 
1 1 1 1 1 1 1 1 1 1 1 1 1 1 1 1 1 1 1 1 
1 1 1 1 1 1 1 1 1 1 1 1 1 1 1 1 1 1 1 1 
1 1 1 1 1 1 1 1 1 1 1 1 1 1 1 1 1 1 1 1 
1 1 1 1 1 1 1 1 1 1 1 1 1 1 1 1 1 1 1 1 
1 1 1 1 1 1 1 1 1 1 1 1 1 1 1 1 1 1 1 1 
1 1 1 1 1 1 1 1 1 1 1 1 1 1 1 1 1 1 1 1 
1 1 1 1 1 1 1 1 1 1 1 1 1 1 1 1 1 1 1 1 
1 1 1 1 1 1 1 1 1 1 1 1 1 1 1 1 1 1 1 1 
1 1 1 1 1 1 1 1 1 1 1 1 1 1 1 1 1 1 1 1 
1 1 1 1 1 1 1 1 1 1 1 1 1 1 1 1 1 1 1 1 
1 1 1 1 1 1 1 1 1 1 1 1 1 1 1 1 1 1 1 1 
1 1 1 1 1 1 1 1 1 1 1 1 1 1 1 1 1 1 1 1 
1 1 1 1 1 1 1 1 1 1 1 1 1 1 1 1 1 1 1 1 
1 1 1 1 1 1 1 1 1 1 1 1 1 1 1 1 1 1 1 1 
1 1 1 1 1 1 1 1 1 1 1 1 1 1 1 1 1 1 1 1 
1 1 1 1 1 1 1 1 1 1 1 1 1 1 1 1 1 1 1 1 
1 1 1 1 1 1 1 1 1 1 1 1 1 1 1 1 1 1 1 1 
1 1 1 1 1 1 1 1 1 1 1 1 1 1 1 1 1 1 1 1 
1 1 1 1 1 1 1 1 1 1 1 1 1 1 1 1 1 1 1 1 
1 1 1 1 1 1 1 1 1 1 1 1 1 1 1 1 1 1 1 1 
1 1 1 1 1 1 1 1 1 1 1 1 1 1 1 1 1 1 1 1 
1 1 1 1 1 1 1 1 1 1 1 1 1 1 1 1 1 1 1 1 
1 1 1 1 1 1 1 1 1 1 1 1 1 1 1 1 1 1 1 1 
1 1 1 1 1 1 1 1 1 1 1 1 1 1 1 1 1 1 1 1 
1 1 1 1 1 1 1 1 1 1 1 1 1 1 1 1 1 1 1 1 
1 1 1 1 1 1 1 1 1 1 1 1 1 1 1 1 1 1 1 1 
1 1 1 1 1 1 1 1 1 1 1 1 1 1 1 1 1 1 1 1 
1 1 1 1 1 1 1 1 1 1 1 1 1 1 1 1 1 1 1 1 
1 1 1 1 1 1 1 1 1 1 1 1 1 1 1 1 1 1 1 1 
1 1 1 1 1 1 1 1 1 1 1 1 1 1 1 1 1 1 1 1 
1 1 1 1 1 1 1 1 1 1 1 1 1 1 1 1 1 1 1 1 
1 1 1 1 1 1 1 1 1 1 1 1 1 1 1 1 1 1 1 1 
1 1 1 1 1 1 1 1 1 1 1 1 1 1 1 1 1 1 1 1 
1 1 1 1 1 1 1 1 1 1 1 1 1 1 1 1 1 1 1 1 
1 1 1 1 1 1 1 1 1 1 1 1 1 1 1 1 1 1 1 1 
1 1 1 1 1 1 1 1 1 1 1 1 1 1 1 1 1 1 1 1 
1 1 1 1 1 1 1 1 1 1 1 1 1 1 1 1 1 1 1 1 
1 1 1 1 1 1 1 1 1 1 1 1 1 1 1 1 1 1 1 1 
1 1 1 1 1 1 1 1 1 1 1 1 1 1 1 1 1 1 1 1 
1 1 1 1 1 1 1 1 1 1 1 1 1 1 1 1 1 1 1 1 
1 1 1 1 1 1 1 1 1 1 1 1 1 1 1 1 1 1 1 1 
1 1 1 1 1 1 1 1 1 1 1 1 1 1 1 1 1 1 1 1 
1 1 1 1 1 1 1 1 1 1 1 1 1 1 1 1 1 1 1 1 
1 1 1 1 1 1 1 1 1 1 1 1 1 1 1 1 1 1 1 1 
1 1 1 1 1 1 1 1 1 1 1 1 1 1 1 1 1 1 1 1 
1 1 1 1 1 1 1 1 1 1 1 1 1 1 1 1 1 1 1 1 
1 1 1 1 1 1 1 1 1 1 1 1 1 1 1 1 1 1 1 1 
1 1 1 1 1 1 1 1 1 1 1 1 1 1 1 1 1 1 1 1 
1 1 1 1 1 1 1 1 1 1 1 1 1 1 1 1 1 1 1 1 
1 1 1 1 1 1 1 1 1 1 1 1 1 1 1 1 1 1 1 1 
1 1 1 1 1 1 1 1 1 1 1 1 1 1 1 1 1 1 1 1 
1 1 1 1 1 1 1 1 1 1 1 1 1 1 1 1 1 1 1 1 
1 1 1 1 1 1 1 1 1 1 1 1 1 1 1 1 1 1 1 1 
1 1 1 1 1 1 1 1 1 1 1 1 1 1 1 1 1 1 1 1 
1 1 1 1 1 1 1 1 1 1 1 1 1 1 1 1 1 1 1 1 
1 1 1 1 1 1 1 1 1 1 1 1 1 1 1 1 1 1 1 1 
1 1 1 1 1 1 1 1 1 1 1 1 1 1 1 1 1 1 1 1 
1 1 1 1 1 1 1 1 1 1 1 1 1 1 1 1 1 1 1 1 
1 1 1 1 1 1 1 1 1 1 1 1 1 1 1 1 1 1 1 1 
1 1 1 1 1 1 1 1 1 1 1 1 1 1 1 1 1 1 1 1 
1 1 1 1 1 1 1 1 1 1 1 1 1 1 1 1 1 1 1 1 
1 1 1 1 1 1 1 1 1 1 1 1 1 1 1 1 1 1 1 1 
1 1 1 1 1 1 1 1 1 1 1 1 1 1 1 1 1 1 1 1 
1 1 1 1 1 1 1 1 1 1 1 1 1 1 1 1 1 1 1 1 
1 1 1 1 1 1 1 1 1 1 1 1 1 1 1 1 1 1 1 1 
1 1 1 1 1 1 1 1 1 1 1 1 1 1 1 1 1 1 1 1 
1 1 1 1 1 1 1 1 1 1 1 1 1 1 1 1 1 1 1 1 
1 1 1 1 1 1 1 1 1 1 1 1 1 1 1 1 1 1 1 1 
1 1 1 1 1 1 1 1 1 1 1 1 1 1 1 1 1 1 1 1 
1 1 1 1 1 1 1 1 1 1 1 1 1 1 1 1 1 1 1 1 
1 1 1 1 1 1 1 1 1 1 1 1 1 1 1 1 1 1 1 1 
1 1 1 1 1 1 1 1 1 1 1 1 1 1 1 1 1 1 1 1 
1 1 1 1 1 1 1 1 1 1 1 1 1 1 1 1 1 1 1 1 
1 1 1 1 1 1 1 1 1 1 1 1 1 1 1 1 1 1 1 1 
1 1 1 1 1 1 1 1 1 1 1 1 1 1 1 1 1 1 1 1 
1 1 1 1 1 1 1 1 1 1 1 1 1 1 1 1 1 1 1 1 
1 1 1 1 1 1 1 1 1 1 1 1 1 1 1 1 1 1 1 1 
1 1 1 1 1 1 1 1 1 1 1 1 1 1 1 1 1 1 1 1 
1 1 1 1 1 1 1 1 1 1 1 1 1 1 1 1 1 1 1 1 
1 1 1 1 1 1 1 1 1 1 1 1 1 1 1 1 1 1 1 1 
1 1 1 1 1 1 1 1 1 1 1 1 1 1 1 1 1 1 1 1 
1 1 1 1 1 1 1 1 1 1 1 1 1 1 1 1 1 1 1 1 
1 1 1 1 1 1 1 1 1 1 1 1 1 1 1 1 1 1 1 1 
1 1 1 1 1 1 1 1 1 1 1 1 1 1 1 1 1 1 1 1 
1 1 1 1 1 1 1 1 1 1 1 1 1 1 1 1 1 1 1 1 
1 1 1 1 1 1 1 1 1 1 1 1 1 1 1 1 1 1 1 1 
1 1 1 1 1 1 1 1 1 1 1 1 1 1 1 1 1 1 1 1 
1 1 1 1 1 1 1 1 1 1 1 1 1 1 1 1 1 1 1 1 
1 1 1 1 1 1 1 1 1 1 1 1 1 1 1 1 1 1 1 1 
1 1 1 1 1 1 1 1 1 1 1 1 1 1 1 1 1 1 1 1 
1 1 1 1 1 1 1 1 1 1 1 1 1 1 1 1 1 1 1 1 
1 1 1 1 1 1 1 1 1 1 1 1 1 1 1 1 1 1 1 1 
1 1 1 1 1 1 1 1 1 1 1 1 1 1 1 1 1 1 1 1 
1 1 1 1 1 1 1 1 1 1 1 1 1 1 1 1 1 1 1 1 
1 1 1 1 1 1 1 1 1 1 1 1 1 1 1 1 1 1 1 1 
1 1 1 1 1 1 1 1 1 1 1 1 1 1 1 1 1 1 1 1 
1 1 1 1 1 1 1 1 1 1 1 1 1 1 1 1 1 1 1 1 
1 1 1 1 1 1 1 1 1 1 1 1 1 1 1 1 1 1 1 1 
1 1 1 1 1 1 1 1 1 1 1 1 1 1 1 1 1 1 1 1 
1 1 1 1 1 1 1 1 1 1 1 1 1 1 1 1 1 1 1 1 
1 1 1 1 1 1 1 1 1 1 1 1 1 1 1 1 1 1 1 1 
1 1 1 1 1 1 1 1 1 1 1 1 1 1 1 1 1 1 1 1 
1 1 1 1 1 1 1 1 1 1 1 1 1 1 1 1 1 1 1 1 
1 1 1 1 1 1 1 1 1 1 1 1 1 1 1 1 1 1 1 1 
1 1 1 1 1 1 1 1 1 1 1 1 1 1 1 1 1 1 1 1 
1 1 1 1 1 1 1 1 1 1 1 1 1 1 1 1 1 1 1 1 
1 1 1 1 1 1 1 1 1 1 1 1 1 1 1 1 1 1 1 1 
1 1 1 1 1 1 1 1 1 1 1 1 1 1 1 1 1 1 1 1 
1 1 1 1 1 1 1 1 1 1 1 1 1 1 1 1 1 1 1 1 
1 1 1 1 1 1 1 1 1 1 1 1 1 1 1 1 1 1 1 1 
1 1 1 1 1 1 1 1 1 1 1 1 1 1 1 1 1 1 1 1 
1 1 1 1 1 1 1 1 1 1 1 1 1 1 1 1 1 1 1 1 
1 1 1 1 1 1 1 1 1 1 1 1 1 1 1 1 1 1 1 1 
1 1 1 1 1 1 1 1 1 1 1 1 1 1 1 1 1 1 1 1 
1 1 1 1 1 1 1 1 1 1 1 1 1 1 1 1 1 1 1 1 
1 1 1 1 1 1 1 1 1 1 1 1 1 1 1 1 1 1 1 1 
1 1 1 1 1 1 1 1 1 1 1 1 1 1 1 1 1 1 1 1 
1 1 1 1 1 1 1 1 1 1 1 1 1 1 1 1 1 1 1 1 
1 1 1 1 1 1 1 1 1 1 1 1 1 1 1 1 1 1 1 1 
1 1 1 1 1 1 1 1 1 1 1 1 1 1 1 1 1 1 1 1 
1 1 1 1 1 1 1 1 1 1 1 1 1 1 1 1 1 1 1 1 
1 1 1 1 1 1 1 1 1 1 1 1 1 1 1 1 1 1 1 1 
1 1 1 1 1 1 1 1 1 1 1 1 1 1 1 1 1 1 1 1 
1 1 1 1 1 1 1 1 1 1 1 1 1 1 1 1 1 1 1 1 
1 1 1 1 1 1 1 1 1 1 1 1 1 1 1 1 1 1 1 1 
1 1 1 1 1 1 1 1 1 1 1 1 1 1 1 1 1 1 1 1 
1 1 1 1 1 1 1 1 1 1 1 1 1 1 1 1 1 1 1 1 
1 1 1 1 1 1 1 1 1 1 1 1 1 1 1 1 1 1 1 1 
1 1 1 1 1 1 1 1 1 1 1 1 1 1 1 1 1 1 1 1 
1 1 1 1 1 1 1 1 1 1 1 1 1 1 1 1 1 1 1 1 
1 1 1 1 1 1 1 1 1 1 1 1 1 1 1 1 1 1 1 1 
1 1 1 1 1 1 1 1 1 1 1 1 1 1 1 1 1 1 1 1 
1 1 1 1 1 1 1 1 1 1 1 1 1 1 1 1 1 1 1 1 
1 1 1 1 1 1 1 1 1 1 1 1 1 1 1 1 1 1 1 1 
1 1 1 1 1 1 1 1 1 1 1 1 1 1 1 1 1 1 1 1 
1 1 1 1 1 1 1 1 1 1 1 1 1 1 1 1 1 1 1 1 
1 1 1 1 1 1 1 1 1 1 1 1 1 1 1 1 1 1 1 1 
1 1 1 1 1 1 1 1 1 1 1 1 1 1 1 1 1 1 1 1 
1 1 1 1 1 1 1 1 1 1 1 1 1 1 1 1 1 1 1 1 
1 1 1 1 1 1 1 1 1 1 1 1 1 1 1 1 1 1 1 1 
1 1 1 1 1 1 1 1 1 1 1 1 1 1 1 1 1 1 1 1 
1 1 1 1 1 1 1 1 1 1 1 1 1 1 1 1 1 1 1 1 
1 1 1 1 1 1 1 1 1 1 1 1 1 1 1 1 1 1 1 1 
1 1 1 1 1 1 1 1 1 1 1 1 1 1 1 1 1 1 1 1 
1 1 1 1 1 1 1 1 1 1 1 1 1 1 1 1 1 1 1 1 
1 1 1 1 1 1 1 1 1 1 1 1 1 1 1 1 1 1 1 1 
1 1 1 1 1 1 1 1 1 1 1 1 1 1 1 1 1 1 1 1 
1 1 1 1 1 1 1 1 1 1 1 1 1 1 1 1 1 1 1 1 
1 1 1 1 1 1 1 1 1 1 1 1 1 1 1 1 1 1 1 1 
1 1 1 1 1 1 1 1 1 1 1 1 1 1 1 1 1 1 1 1 
1 1 1 1 1 1 1 1 1 1 1 1 1 1 1 1 1 1 1 1 
1 1 1 1 1 1 1 1 1 1 1 1 1 1 1 1 1 1 1 1 
1 1 1 1 1 1 1 1 1 1 1 1 1 1 1 1 1 1 1 1 
1 1 1 1 1 1 1 1 1 1 1 1 1 1 1 1 1 1 1 1 
1 1 1 1 1 1 1 1 1 1 1 1 1 1 1 1 1 1 1 1 
1 1 1 1 1 1 1 1 1 1 1 1 1 1 1 1 1 1 1 1 
1 1 1 1 1 1 1 1 1 1 1 1 1 1 1 1 1 1 1 1 
1 1 1 1 1 1 1 1 1 1 1 1 1 1 1 1 1 1 1 1 
1 1 1 1 1 1 1 1 1 1 1 1 1 1 1 1 1 1 1 1 
1 1 1 1 1 1 1 1 1 1 1 1 1 1 1 1 1 1 1 1 
1 1 1 1 1 1 1 1 1 1 1 1 1 1 1 1 1 1 1 1 
1 1 1 1 1 1 1 1 1 1 1 1 1 1 1 1 1 1 1 1 
1 1 1 1 1 1 1 1 1 1 1 1 1 1 1 1 1 1 1 1 
1 1 1 1 1 1 1 1 1 1 1 1 1 1 1 1 1 1 1 1 
1 1 1 1 1 1 1 1 1 1 1 1 1 1 1 1 1 1 1 1 
1 1 1 1 1 1 1 1 1 1 1 1 1 1 1 1 1 1 1 1 
1 1 1 1 1 1 1 1 1 1 1 1 1 1 1 1 1 1 1 1 
1 1 1 1 1 1 1 1 1 1 1 1 1 1 1 1 1 1 1 1 
1 1 1 1 1 1 1 1 1 1 1 1 1 1 1 1 1 1 1 1 
1 1 1 1 1 1 1 1 1 1 1 1 1 1 1 1 1 1 1 1 
1 1 1 1 1 1 1 1 1 1 1 1 1 1 1 1 1 1 1 1 
1 1 1 1 1 1 1 1 1 1 1 1 1 1 1 1 1 1 1 1 
1 1 1 1 1 1 1 1 1 1 1 1 1 1 1 1 1 1 1 1 
1 1 1 1 1 1 1 1 1 1 1 1 1 1 1 1 1 1 1 1 
1 1 1 1 1 1 1 1 1 1 1 1 1 1 1 1 1 1 1 1 
1 1 1 1 1 1 1 1 1 1 1 1 1 1 1 1 1 1 1 1 
1 1 1 1 1 1 1 1 1 1 1 1 1 1 1 1 1 1 1 1 
1 1 1 1 1 1 1 1 1 1 1 1 1 1 1 1 1 1 1 1 
1 1 1 1 1 1 1 1 1 1 1 1 1 1 1 1 1 1 1 1 
1 1 1 1 1 1 1 1 1 1 1 1 1 1 1 1 1 1 1 1 
1 1 1 1 1 1 1 1 1 1 1 1 1 1 1 1 1 1 1 1 
1 1 1 1 1 1 1 1 1 1 1 1 1 1 1 1 1 1 1 1 
1 1 1 1 1 1 1 1 1 1 1 1 1 1 1 1 1 1 1 1 
1 1 1 1 1 1 1 1 1 1 1 1 1 1 1 1 1 1 1 1 
1 1 1 1 1 1 1 1 1 1 1 1 1 1 1 1 1 1 1 1 
1 1 1 1 1 1 1 1 1 1 1 1 1 1 1 1 1 1 1 1 
1 1 1 1 1 1 1 1 1 1 1 1 1 1 1 1 1 1 1 1 
1 1 1 1 1 1 1 1 1 1 1 1 1 1 1 1 1 1 1 1 
1 1 1 1 1 1 1 1 1 1 1 1 1 1 1 1 1 1 1 1 
1 1 1 1 1 1 1 1 1 1 1 1 1 1 1 1 1 1 1 1 
1 1 1 1 1 1 1 1 1 1 1 1 1 1 1 1 1 1 1 1 
1 1 1 1 1 1 1 1 1 1 1 1 1 1 1 1 1 1 1 1 
1 1 1 1 1 1 1 1 1 1 1 1 1 1 1 1 1 1 1 1 
1 1 1 1 1 1 1 1 1 1 1 1 1 1 1 1 1 1 1 1 
1 1 1 1 1 1 1 1 1 1 1 1 1 1 1 1 1 1 1 1 
1 1 1 1 1 1 1 1 1 1 1 1 1 1 1 1 1 1 1 1 
1 1 1 1 1 1 1 1 1 1 1 1 1 1 1 1 1 1 1 1 
1 1 1 1 1 1 1 1 1 1 1 1 1 1 1 1 1 1 1 1 
1 1 1 1 1 1 1 1 1 1 1 1 1 1 1 1 1 1 1 1 
1 1 1 1 1 1 1 1 1 1 1 1 1 1 1 1 1 1 1 1 
1 1 1 1 1 1 1 1 1 1 1 1 1 1 1 1 1 1 1 1 
1 1 1 1 1 1 1 1 1 1 1 1 1 1 1 1 1 1 1 1 
1 1 1 1 1 1 1 1 1 1 1 1 1 1 1 1 1 1 1 1 
1 1 1 1 1 1 1 1 1 1 1 1 1 1 1 1 1 1 1 1 
1 1 1 1 1 1 1 1 1 1 1 1 1 1 1 1 1 1 1 1 
1 1 1 1 1 1 1 1 1 1 1 1 1 1 1 1 1 1 1 1 
1 1 1 1 1 1 1 1 1 1 1 1 1 1 1 1 1 1 1 1 
1 1 1 1 1 1 1 1 1 1 1 1 1 1 1 1 1 1 1 1 
1 1 1 1 1 1 1 1 1 1 1 1 1 1 1 1 1 1 1 1 
1 1 1 1 1 1 1 1 1 1 1 1 1 1 1 1 1 1 1 1 
1 1 1 1 1 1 1 1 1 1 1 1 1 1 1 1 1 1 1 1 
1 1 1 1 1 1 1 1 1 1 1 1 1 1 1 1 1 1 1 1 
1 1 1 1 1 1 1 1 1 1 1 1 1 1 1 1 1 1 1 1 
1 1 1 1 1 1 1 1 1 1 1 1 1 1 1 1 1 1 1 1 
1 1 1 1 1 1 1 1 1 1 1 1 1 1 1 1 1 1 1 1 
1 1 1 1 1 1 1 1 1 1 1 1 1 1 1 1 1 1 1 1 
1 1 1 1 1 1 1 1 1 1 1 1 1 1 1 1 1 1 1 1 
1 1 1 1 1 1 1 1 1 1 1 1 1 1 1 1 1 1 1 1 
1 1 1 1 1 1 1 1 1 1 1 1 1 1 1 1 1 1 1 1 
1 1 1 1 1 1 1 1 1 1 1 1 1 1 1 1 1 1 1 1 
1 1 1 1 1 1 1 1 1 1 1 1 1 1 1 1 1 1 1 1 
1 1 1 1 1 1 1 1 1 1 1 1 1 1 1 1 1 1 1 1 
1 1 1 1 1 1 1 1 1 1 1 1 1 1 1 1 1 1 1 1 
1 1 1 1 1 1 1 1 1 1 1 1 1 1 1 1 1 1 1 1 
1 1 1 1 1 1 1 1 1 1 1 1 1 1 1 1 1 1 1 1 
1 1 1 1 1 1 1 1 1 1 1 1 1 1 1 1 1 1 1 1 
1 1 1 1 1 1 1 1 1 1 1 1 1 1 1 1 1 1 1 1 
1 1 1 1 1 1 1 1 1 1 1 1 1 1 1 1 1 1 1 1 
1 1 1 1 1 1 1 1 1 1 1 1 1 1 1 1 1 1 1 1 
1 1 1 1 1 1 1 1 1 1 1 1 1 1 1 1 1 1 1 1 
1 1 1 1 1 1 1 1 1 1 1 1 1 1 1 1 1 1 1 1 
1 1 1 1 1 1 1 1 1 1 1 1 1 1 1 1 1 1 1 1 
1 1 1 1 1 1 1 1 1 1 1 1 1 1 1 1 1 1 1 1 
1 1 1 1 1 1 1 1 1 1 1 1 1 1 1 1 1 1 1 1 
1 1 1 1 1 1 1 1 1 1 1 1 1 1 1 1 1 1 1 1 
1 1 1 1 1 1 1 1 1 1 1 1 1 1 1 1 1 1 1 1 
1 1 1 1 1 1 1 1 1 1 1 1 1 1 1 1 1 1 1 1 
1 1 1 1 1 1 1 1 1 1 1 1 1 1 1 1 1 1 1 1 
1 1 1 1 1 1 1 1 1 1 1 1 1 1 1 1 1 1 1 1 
1 1 1 1 1 1 1 1 1 1 1 1 1 1 1 1 1 1 1 1 
1 1 1 1 1 1 1 1 1 1 1 1 1 1 1 1 1 1 1 1 
1 1 1 1 1 1 1 1 1 1 1 1 1 1 1 1 1 1 1 1 
1 1 1 1 1 1 1 1 1 1 1 1 1 1 1 1 1 1 1 1 
1 1 1 1 1 1 1 1 1 1 1 1 1 1 1 1 1 1 1 1 
1 1 1 1 1 1 1 1 1 1 1 1 1 1 1 1 1 1 1 1 
1 1 1 1 1 1 1 1 1 1 1 1 1 1 1 1 1 1 1 1 
1 1 1 1 1 1 1 1 1 1 1 1 1 1 1 1 1 1 1 1 
1 1 1 1 1 1 1 1 1 1 1 1 1 1 1 1 1 1 1 1 
1 1 1 1 1 1 1 1 1 1 1 1 1 1 1 1 1 1 1 1 
1 1 1 1 1 1 1 1 1 1 1 1 1 1 1 1 1 1 1 1 
1 1 1 1 1 1 1 1 1 1 1 1 1 1 1 1 1 1 1 1 
1 1 1 1 1 1 1 1 1 1 1 1 1 1 1 1 1 1 1 1 
1 1 1 1 1 1 1 1 1 1 1 1 1 1 1 1 1 1 1 1 
1 1 1 1 1 1 1 1 1 1 1 1 1 1 1 1 1 1 1 1 
1 1 1 1 1 1 1 1 1 1 1 1 1 1 1 1 1 1 1 1 
1 1 1 1 1 1 1 1 1 1 1 1 1 1 1 1 1 1 1 1 
1 1 1 1 1 1 1 1 1 1 1 1 1 1 1 1 1 1 1 1 
1 1 1 1 1 1 1 1 1 1 1 1 1 1 1 1 1 1 1 1 
1 1 1 1 1 1 1 1 1 1 1 1 1 1 1 1 1 1 1 1 
1 1 1 1 1 1 1 1 1 1 1 1 1 1 1 1 1 1 1 1 
1 1 1 1 1 1 1 1 1 1 1 1 1 1 1 1 1 1 1 1 
1 1 1 1 1 1 1 1 1 1 1 1 1 1 1 1 1 1 1 1 
1 1 1 1 1 1 1 1 1 1 1 1 1 1 1 1 1 1 1 1 
1 1 1 1 1 1 1 1 1 1 1 1 1 1 1 1 1 1 1 1 
1 1 1 1 1 1 1 1 1 1 1 1 1 1 1 1 1 1 1 1 
1 1 1 1 1 1 1 1 1 1 1 1 1 1 1 1 1 1 1 1 
1 1 

INDEX_T =
       1       3
       4       6
       7       9
      10      12
      13      15
      16      18
      19      21
      22      24
      25      27
      28      30
      31      33
      34      36
      37      39
      40      42
      43      45
      46      48
      49      51
      52      54
      55      57
      58      60
      61      63
      64      66
      67      69
      70      72
      73      75
      76      78
      79      81
      82      84
      85      87
      88      90
      91      93
      94      96
      97      99
     100     102
     103     105
     106     108
     109     111
     112     114
     115     117
     118     120
     121     123
     124     126
     127     129
     130     132
     133     135
     136     138
     139     141
     142     144
     145     147
     148     150
     151     153
     154     156
     157     159
     160     162
     163     165
     166     168
     169     171
     172     174
     175     177
     178     180
     181     183
     184     186
     187     189
     190     192
     193     195
     196     198
     199     201
     202     204
     205     207
     208     210
     211     213
     214     216
     217     219
     220     222
     223     225
     226     228
     229     231
     232     234
     235     237
     238     240
     241     243
     244     246
     247     249
     250     252
     253     255
     256     258
     259     261
     262     264
     265     267
     268     270
     271     273
     274     276
     277     279
     280     282
     283     285
     286     288
     289     291
     292     294
     295     297
     298     300
     301     303
     304     306
     307     309
     310     312
     313     315
     316     318
     319     321
     322     324
     325     327
     328     330
     331     333
     334     336
     337     339
     340     342
     343     345
     346     348
     349     351
     352     354
     355     357
     358     360
     361     363
     364     366
     367     369
     370     372
     373     375
     376     378
     379     381
     382     384
     385     387
     388     390
     391     393
     394     396
     397     399
     400     402
     403     405
     406     408
     409     411
     412     414
     415     417
     418     420
     421     423
     424     426
     427     429
     430     432
     433     435
     436     438
     439     441
     442     444
     445     447
     448     450
     451     453
     454     456
     457     459
     460     462
     463     465
     466     468
     469     471
     472     474
     475     477
     478     480
     481     483
     484     486
     487     489
     490     492
     493     495
     496     498
     499     501
     502     504
     505     507
     508     510
     511     513
     514     516
     517     519
     520     522
     523     525
     526     528
     529     531
     532     534
     535     537
     538     540
     541     543
     544     546
     547     549
     550     552
     553     555
     556     558
     559     561
     562     564
     565     567
     568     570
     571     573
     574     576
     577     579
     580     582
     583     585
     586     588
     589     591
     592     594
     595     597
     598     600
     601     603
     604     606
     607     609
     610     612
     613     615
     616     618
     619     621
     622     624
     625     627
     628     630
     631     633
     634     636
     637     639
     640     642
     643     645
     646     648
     649     651
     652     654
     655     657
     658     660
     661     663
     664     666
     667     669
     670     672
     673     675
     676     678
     679     681
     682     684
     685     687
     688     690
     691     693
     694     696
     697     699
     700     702
     703     705
     706     708
     709     711
     712     714
     715     717
     718     720
     721     723
     724     726
     727     729
     730     732
     733     735
     736     738
     739     741
     742     744
     745     747
     748     750
     751     753
     754     756
     757     759
     760     762
     763     765
     766     768
     769     771
     772     774
     775     777
     778     780
     781     783
     784     786
     787     789
     790     792
     793     795
     796     798
     799     801
     802     804
     805     807
     808     810
     811     813
     814     816
     817     819
     820     822
     823     825
     826     828
     829     831
     832     834
     835     837
     838     840
     841     843
     844     846
     847     849
     850     852
     853     855
     856     858
     859     861
     862     864
     865     867
     868     870
     871     873
     874     876
     877     879
     880     882
     883     885
     886     888
     889     891
     892     894
     895     897
     898     900
     901     903
     904     906
     907     909
     910     912
     913     915
     916     918
     919     921
     922     924
     925     927
     928     930
     931     933
     934     936
     937     939
     940     942
     943     945
     946     948
     949     951
     952     954
     955     957
     958     960
     961     963
     964     966
     967     969
     970     972
     973     975
     976     978
     979     981
     982     984
     985     987
     988     990
     991     993
     994     996
     997     999
    1000    1002
    1003    1005
    1006    1008
    1009    1011
    1012    1014
    1015    1017
    1018    1020
    1021    1023
    1024    1026
    1027    1029
    1030    1032
    1033    1035
    1036    1038
    1039    1041
    1042    1044
    1045    1047
    1048    1050
    1051    1053
    1054    1056
    1057    1059
    1060    1062
    1063    1065
    1066    1068
    1069    1071
    1072    1074
    1075    1077
    1078    1080
    1081    1083
    1084    1086
    1087    1089
    1090    1092
    1093    1095
    1096    1098
    1099    1101
    1102    1104
    1105    1107
    1108    1110
    1111    1113
    1114    1116
    1117    1119
    1120    1122
    1123    1125
    1126    1128
    1129    1131
    1132    1134
    1135    1137
    1138    1140
    1141    1143
    1144    1146
    1147    1149
    1150    1152
    1153    1155
    1156    1158
    1159    1161
    1162    1164
    1165    1167
    1168    1170
    1171    1173
    1174    1176
    1177    1179
    1180    1182
    1183    1185
    1186    1188
    1189    1191
    1192    1194
    1195    1197
    1198    1200
    1201    1203
    1204    1206
    1207    1209
    1210    1212
    1213    1215
    1216    1218
    1219    1221
    1222    1224
    1225    1227
    1228    1230
    1231    1233
    1234    1236
    1237    1239
    1240    1242
    1243    1245
    1246    1248
    1249    1251
    1252    1254
    1255    1257
    1258    1260
    1261    1263
    1264    1266
    1267    1269
    1270    1272
    1273    1275
    1276    1278
    1279    1281
    1282    1284
    1285    1287
    1288    1290
    1291    1293
    1294    1296
    1297    1299
    1300    1302
    1303    1305
    1306    1308
    1309    1311
    1312    1314
    1315    1317
    1318    1320
    1321    1323
    1324    1326
    1327    1329
    1330    1332
    1333    1335
    1336    1338
    1339    1341
    1342    1344
    1345    1347
    1348    1350
    1351    1353
    1354    1356
    1357    1359
    1360    1362
    1363    1365
    1366    1368
    1369    1371
    1372    1374
    1375    1377
    1378    1380
    1381    1383
    1384    1386
    1387    1389
    1390    1392
    1393    1395
    1396    1398
    1399    1401
    1402    1404
    1405    1407
    1408    1410
    1411    1413
    1414    1416
    1417    1419
    1420    1422
    1423    1425
    1426    1428
    1429    1431
    1432    1434
    1435    1437
    1438    1440
    1441    1443
    1444    1446
    1447    1449
    1450    1452
    1453    1455
    1456    1458
    1459    1461
    1462    1464
    1465    1467
    1468    1470
    1471    1473
    1474    1476
    1477    1479
    1480    1482
    1483    1485
    1486    1488
    1489    1491
    1492    1494
    1495    1497
    1498    1500
    1501    1503
    1504    1506
    1507    1509
    1510    1512
    1513    1515
    1516    1518
    1519    1521
    1522    1524
    1525    1527
    1528    1530
    1531    1533
    1534    1536
    1537    1539
    1540    1542
    1543    1545
    1546    1548
    1549    1551
    1552    1554
    1555    1557
    1558    1560
    1561    1563
    1564    1566
    1567    1569
    1570    1572
    1573    1575
    1576    1578
    1579    1581
    1582    1584
    1585    1587
    1588    1590
    1591    1593
    1594    1596
    1597    1599
    1600    1602
    1603    1605
    1606    1608
    1609    1611
    1612    1614
    1615    1617
    1618    1620
    1621    1623
    1624    1626
    1627    1629
    1630    1632
    1633    1635
    1636    1638
    1639    1641
    1642    1644
    1645    1647
    1648    1650
    1651    1653
    1654    1656
    1657    1659
    1660    1662
    1663    1665
    1666    1668
    1669    1671
    1672    1674
    1675    1677
    1678    1680
    1681    1683
    1684    1686
    1687    1689
    1690    1692
    1693    1695
    1696    1698
    1699    1701
    1702    1704
    1705    1707
    1708    1710
    1711    1713
    1714    1716
    1717    1719
    1720    1722
    1723    1725
    1726    1728
    1729    1731
    1732    1734
    1735    1737
    1738    1740
    1741    1743
    1744    1746
    1747    1749
    1750    1752
    1753    1755
    1756    1758
    1759    1761
    1762    1764
    1765    1767
    1768    1770
    1771    1773
    1774    1776
    1777    1779
    1780    1782
    1783    1785
    1786    1788
    1789    1791
    1792    1794
    1795    1797
    1798    1800
    1801    1803
    1804    1806
    1807    1809
    1810    1812
    1813    1815
    1816    1818
    1819    1821
    1822    1824
    1825    1827
    1828    1830
    1831    1833
    1834    1836
    1837    1839
    1840    1842
    1843    1845
    1846    1848
    1849    1851
    1852    1854
    1855    1857
    1858    1860
    1861    1863
    1864    1866
    1867    1869
    1870    1872
    1873    1875
    1876    1878
    1879    1881
    1882    1884
    1885    1887
    1888    1890
    1891    1893
    1894    1896
    1897    1899
    1900    1902
    1903    1905
    1906    1908
    1909    1911
    1912    1914
    1915    1917
    1918    1920
    1921    1923
    1924    1926
    1927    1929
    1930    1932
    1933    1935
    1936    1938
    1939    1941
    1942    1944
    1945    1947
    1948    1950
    1951    1953
    1954    1956
    1957    1959
    1960    1962
    1963    1965
    1966    1968
    1969    1971
    1972    1974
    1975    1977
    1978    1980
    1981    1983
    1984    1986
    1987    1989
    1990    1992
    1993    1995
    1996    1998
    1999    2001
    2002    2004
    2005    2007
    2008    2010
    2011    2013
    2014    2016
    2017    2019
    2020    2022
    2023    2025
    2026    2028
    2029    2031
    2032    2034
    2035    2037
    2038    2040
    2041    2043
    2044    2046
    2047    2049
    2050    2052
    2053    2055
    2056    2058
    2059    2061
    2062    2064
    2065    2067
    2068    2070
    2071    2073
    2074    2076
    2077    2079
    2080    2082
    2083    2085
    2086    2088
    2089    2091
    2092    2094
    2095    2097
    2098    2100
    2101    2103
    2104    2106
    2107    2109
    2110    2112
    2113    2115
    2116    2118
    2119    2121
    2122    2124
    2125    2127
    2128    2130
    2131    2133
    2134    2136
    2137    2139
    2140    2142
    2143    2145
    2146    2148
    2149    2151
    2152    2154
    2155    2157
    2158    2160
    2161    2163
    2164    2166
    2167    2169
    2170    2172
    2173    2175
    2176    2178
    2179    2181
    2182    2184
    2185    2187
    2188    2190
    2191    2193
    2194    2196
    2197    2199
    2200    2202
    2203    2205
    2206    2208
    2209    2211
    2212    2214
    2215    2217
    2218    2220
    2221    2223
    2224    2226
    2227    2229
    2230    2232
    2233    2235
    2236    2238
    2239    2241
    2242    2244
    2245    2247
    2248    2250
    2251    2253
    2254    2256
    2257    2259
    2260    2262
    2263    2265
    2266    2268
    2269    2271
    2272    2274
    2275    2277
    2278    2280
    2281    2283
    2284    2286
    2287    2289
    2290    2292
    2293    2295
    2296    2298
    2299    2301
    2302    2304
    2305    2307
    2308    2310
    2311    2313
    2314    2316
    2317    2319
    2320    2322
    2323    2325
    2326    2328
    2329    2331
    2332    2334
    2335    2337
    2338    2340
    2341    2343
    2344    2346
    2347    2349
    2350    2352
    2353    2355
    2356    2358
    2359    2361
    2362    2364
    2365    2367
    2368    2370
    2371    2373
    2374    2376
    2377    2379
    2380    2382
    2383    2385
    2386    2388
    2389    2391
    2392    2394
    2395    2397
    2398    2400
    2401    2403
    2404    2406
    2407    2409
    2410    2412
    2413    2415
    2416    2418
    2419    2421
    2422    2424
    2425    2427
    2428    2430
    2431    2433
    2434    2436
    2437    2439
    2440    2442
    2443    2445
    2446    2448
    2449    2451
    2452    2454
    2455    2457
    2458    2460
    2461    2463
    2464    2466
    2467    2469
    2470    2472
    2473    2475
    2476    2478
    2479    2481
    2482    2484
    2485    2487
    2488    2490
    2491    2493
    2494    2496
    2497    2499
    2500    2502
    2503    2505
    2506    2508
    2509    2511
    2512    2514
    2515    2517
    2518    2520
    2521    2523
    2524    2526
    2527    2529
    2530    2532
    2533    2535
    2536    2538
    2539    2541
    2542    2544
    2545    2547
    2548    2550
    2551    2553
    2554    2556
    2557    2559
    2560    2562
    2563    2565
    2566    2568
    2569    2571
    2572    2574
    2575    2577
    2578    2580
    2581    2583
    2584    2586
    2587    2589
    2590    2592
    2593    2595
    2596    2598
    2599    2601
    2602    2604
    2605    2607
    2608    2610
    2611    2613
    2614    2616
    2617    2619
    2620    2622
    2623    2625
    2626    2628
    2629    2631
    2632    2634
    2635    2637
    2638    2640
    2641    2643
    2644    2646
    2647    2649
    2650    2652
    2653    2655
    2656    2658
    2659    2661
    2662    2664
    2665    2667
    2668    2670
    2671    2673
    2674    2676
    2677    2679
    2680    2682
    2683    2685
    2686    2688
    2689    2691
    2692    2694
    2695    2697
    2698    2700
    2701    2703
    2704    2706
    2707    2709
    2710    2712
    2713    2715
    2716    2718
    2719    2721
    2722    2724
    2725    2727
    2728    2730
    2731    2733
    2734    2736
    2737    2739
    2740    2742
    2743    2745
    2746    2748
    2749    2751
    2752    2754
    2755    2757
    2758    2760
    2761    2763
    2764    2766
    2767    2769
    2770    2772
    2773    2775
    2776    2778
    2779    2781
    2782    2784
    2785    2787
    2788    2790
    2791    2793
    2794    2796
    2797    2799
    2800    2802
    2803    2805
    2806    2808
    2809    2811
    2812    2814
    2815    2817
    2818    2820
    2821    2823
    2824    2826
    2827    2829
    2830    2832
    2833    2835
    2836    2838
    2839    2841
    2842    2844
    2845    2847
    2848    2850
    2851    2853
    2854    2856
    2857    2859
    2860    2862
    2863    2865
    2866    2868
    2869    2871
    2872    2874
    2875    2877
    2878    2880
    2881    2883
    2884    2886
    2887    2889
    2890    2892
    2893    2895
    2896    2898
    2899    2901
    2902    2904
    2905    2907
    2908    2910
    2911    2913
    2914    2916
    2917    2919
    2920    2922
    2923    2925
    2926    2928
    2929    2931
    2932    2934
    2935    2937
    2938    2940
    2941    2943
    2944    2946
    2947    2949
    2950    2952
    2953    2955
    2956    2958
    2959    2961
    2962    2964
    2965    2967
    2968    2970
    2971    2973
    2974    2976
    2977    2979
    2980    2982
    2983    2985
    2986    2988
    2989    2991
    2992    2994
    2995    2997
    2998    3000
    3001    3003
    3004    3006
    3007    3009
    3010    3012
    3013    3015
    3016    3018
    3019    3021
    3022    3024
    3025    3027
    3028    3030
    3031    3033
    3034    3036
    3037    3039
    3040    3042
    3043    3045
    3046    3048
    3049    3051
    3052    3054
    3055    3057
    3058    3060
    3061    3063
    3064    3066
    3067    3069
    3070    3072
    3073    3075
    3076    3078
    3079    3081
    3082    3084
    3085    3087
    3088    3090
    3091    3093
    3094    3096
    3097    3099
    3100    3102
    3103    3105
    3106    3108
    3109    3111
    3112    3114
    3115    3117
    3118    3120
    3121    3123
    3124    3126
    3127    3129
    3130    3132
    3133    3135
    3136    3138
    3139    3141
    3142    3144
    3145    3147
    3148    3150
    3151    3153
    3154    3156
    3157    3159
    3160    3162
    3163    3165
    3166    3168
    3169    3171
    3172    3174
    3175    3177
    3178    3180
    3181    3183
    3184    3186
    3187    3189
    3190    3192
    3193    3195
    3196    3198
    3199    3201
    3202    3204
    3205    3207
    3208    3210
    3211    3213
    3214    3216
    3217    3219
    3220    3222
    3223    3225
    3226    3228
    3229    3231
    3232    3234
    3235    3237
    3238    3240
    3241    3243
    3244    3246
    3247    3249
    3250    3252
    3253    3255
    3256    3258
    3259    3261
    3262    3264
    3265    3267
    3268    3270
    3271    3273
    3274    3276
    3277    3279
    3280    3282
    3283    3285
    3286    3288
    3289    3291
    3292    3294
    3295    3297
    3298    3300
    3301    3303
    3304    3306
    3307    3309
    3310    3312
    3313    3315
    3316    3318
    3319    3321
    3322    3324
    3325    3327
    3328    3330
    3331    3333
    3334    3336
    3337    3339
    3340    3342
    3343    3345
    3346    3348
    3349    3351
    3352    3354
    3355    3357
    3358    3360
    3361    3363
    3364    3366
    3367    3369
    3370    3372
    3373    3375
    3376    3378
    3379    3381
    3382    3384
    3385    3387
    3388    3390
    3391    3393
    3394    3396
    3397    3399
    3400    3402
    3403    3405
    3406    3408
    3409    3411
    3412    3414
    3415    3417
    3418    3420
    3421    3423
    3424    3426
    3427    3429
    3430    3432
    3433    3435
    3436    3438
    3439    3441
    3442    3444
    3445    3447
    3448    3450
    3451    3453
    3454    3456
    3457    3459
    3460    3462
    3463    3465
    3466    3468
    3469    3471
    3472    3474
    3475    3477
    3478    3480
    3481    3483
    3484    3486
    3487    3489
    3490    3492
    3493    3495
    3496    3498
    3499    3501
    3502    3504
    3505    3507
    3508    3510
    3511    3513
    3514    3516
    3517    3519
    3520    3522
    3523    3525
    3526    3528
    3529    3531
    3532    3534
    3535    3537
    3538    3540
    3541    3543
    3544    3546
    3547    3549
    3550    3552
    3553    3555
    3556    3558
    3559    3561
    3562    3564
    3565    3567
    3568    3570
    3571    3573
    3574    3576
    3577    3579
    3580    3582
    3583    3585
    3586    3588
    3589    3591
    3592    3594
    3595    3597
    3598    3600
    3601    3603
    3604    3606
    3607    3609
    3610    3612
    3613    3615
    3616    3618
    3619    3621
    3622    3624
    3625    3627
    3628    3630
    3631    3633
    3634    3636
    3637    3639
    3640    3642
    3643    3645
    3646    3648
    3649    3651
    3652    3654
    3655    3657
    3658    3660
    3661    3663
    3664    3666
    3667    3669
    3670    3672
    3673    3675
    3676    3678
    3679    3681
    3682    3684
    3685    3687
    3688    3690
    3691    3693
    3694    3696
    3697    3699
    3700    3702
    3703    3705
    3706    3708
    3709    3711
    3712    3714
    3715    3717
    3718    3720
    3721    3723
    3724    3726
    3727    3729
    3730    3732
    3733    3735
    3736    3738
    3739    3741
    3742    3744
    3745    3747
    3748    3750
    3751    3753
    3754    3756
    3757    3759
    3760    3762
    3763    3765
    3766    3768
    3769    3771
    3772    3774
    3775    3777
    3778    3780
    3781    3783
    3784    3786
    3787    3789
    3790    3792
    3793    3795
    3796    3798
    3799    3801
    3802    3804
    3805    3807
    3808    3810
    3811    3813
    3814    3816
    3817    3819
    3820    3822
    3823    3825
    3826    3828
    3829    3831
    3832    3834
    3835    3837
    3838    3840
    3841    3843
    3844    3846
    3847    3849
    3850    3852
    3853    3855
    3856    3858
    3859    3861
    3862    3864
    3865    3867
    3868    3870
    3871    3873
    3874    3876
    3877    3879
    3880    3882
    3883    3885
    3886    3888
    3889    3891
    3892    3894
    3895    3897
    3898    3900
    3901    3903
    3904    3906
    3907    3909
    3910    3912
    3913    3915
    3916    3918
    3919    3921
    3922    3924
    3925    3927
    3928    3930
    3931    3933
    3934    3936
    3937    3939
    3940    3942
    3943    3945
    3946    3948
    3949    3951
    3952    3954
    3955    3957
    3958    3960
    3961    3963
    3964    3966
    3967    3969
    3970    3972
    3973    3975
    3976    3978
    3979    3981
    3982    3984
    3985    3987
    3988    3990
    3991    3993
    3994    3996
    3997    3999
    4000    4002
    4003    4005
    4006    4008
    4009    4011
    4012    4014
    4015    4017
    4018    4020
    4021    4023
    4024    4026
    4027    4029
    4030    4032
    4033    4035
    4036    4038
    4039    4041
    4042    4044
    4045    4047
    4048    4050
    4051    4053
    4054    4056
    4057    4059
    4060    4062
    4063    4065
    4066    4068
    4069    4071
    4072    4074
    4075    4077
    4078    4080
    4081    4083
    4084    4086
    4087    4089
    4090    4092
    4093    4095
    4096    4098
    4099    4101
    4102    4104
    4105    4107
    4108    4110
    4111    4113
    4114    4116
    4117    4119
    4120    4122
    4123    4125
    4126    4128
    4129    4131
    4132    4134
    4135    4137
    4138    4140
    4141    4143
    4144    4146
    4147    4149
    4150    4152
    4153    4155
    4156    4158
    4159    4161
    4162    4164
    4165    4167
    4168    4170
    4171    4173
    4174    4176
    4177    4179
    4180    4182
    4183    4185
    4186    4188
    4189    4191
    4192    4194
    4195    4197
    4198    4200
    4201    4203
    4204    4206
    4207    4209
    4210    4212
    4213    4215
    4216    4218
    4219    4221
    4222    4224
    4225    4227
    4228    4230
    4231    4233
    4234    4236
    4237    4239
    4240    4242
    4243    4245
    4246    4248
    4249    4251
    4252    4254
    4255    4257
    4258    4260
    4261    4263
    4264    4266
    4267    4269
    4270    4272
    4273    4275
    4276    4278
    4279    4281
    4282    4284
    4285    4287
    4288    4290
    4291    4293
    4294    4296
    4297    4299
    4300    4302
    4303    4305
    4306    4308
    4309    4311
    4312    4314
    4315    4317
    4318    4320
    4321    4323
    4324    4326
    4327    4329
    4330    4332
    4333    4335
    4336    4338
    4339    4341
    4342    4344
    4345    4347
    4348    4350
    4351    4353
    4354    4356
    4357    4359
    4360    4362
    4363    4365
    4366    4368
    4369    4371
    4372    4374
    4375    4377
    4378    4380
    4381    4383
    4384    4386
    4387    4389
    4390    4392
    4393    4395
    4396    4398
    4399    4401
    4402    4404
    4405    4407
    4408    4410
    4411    4413
    4414    4416
    4417    4419
    4420    4422
    4423    4425
    4426    4428
    4429    4431
    4432    4434
    4435    4437
    4438    4440
    4441    4443
    4444    4446
    4447    4449
    4450    4452
    4453    4455
    4456    4458
    4459    4461
    4462    4464
    4465    4467
    4468    4470
    4471    4473
    4474    4476
    4477    4479
    4480    4482
    4483    4485
    4486    4488
    4489    4491
    4492    4494
    4495    4497
    4498    4500
    4501    4503
    4504    4506
    4507    4509
    4510    4512
    4513    4515
    4516    4518
    4519    4521
    4522    4524
    4525    4527
    4528    4530
    4531    4533
    4534    4536
    4537    4539
    4540    4542
    4543    4545
    4546    4548
    4549    4551
    4552    4554
    4555    4557
    4558    4560
    4561    4563
    4564    4566
    4567    4569
    4570    4572
    4573    4575
    4576    4578
    4579    4581
    4582    4584
    4585    4587
    4588    4590
    4591    4593
    4594    4596
    4597    4599
    4600    4602
    4603    4605
    4606    4608
    4609    4611
    4612    4614
    4615    4617
    4618    4620
    4621    4623
    4624    4626
    4627    4629
    4630    4632
    4633    4635
    4636    4638
    4639    4641
    4642    4644
    4645    4647
    4648    4650
    4651    4653
    4654    4656
    4657    4659
    4660    4662
    4663    4665
    4666    4668
    4669    4671
    4672    4674
    4675    4677
    4678    4680
    4681    4683
    4684    4686
    4687    4689
    4690    4692
    4693    4695
    4696    4698
    4699    4701
    4702    4704
    4705    4707
    4708    4710
    4711    4713
    4714    4716
    4717    4719
    4720    4722
    4723    4725
    4726    4728
    4729    4731
    4732    4734
    4735    4737
    4738    4740
    4741    4743
    4744    4746
    4747    4749
    4750    4752
    4753    4755
    4756    4758
    4759    4761
    4762    4764
    4765    4767
    4768    4770
    4771    4773
    4774    4776
    4777    4779
    4780    4782
    4783    4785
    4786    4788
    4789    4791
    4792    4794
    4795    4797
    4798    4800
    4801    4803
    4804    4806
    4807    4809
    4810    4812
    4813    4815
    4816    4818
    4819    4821
    4822    4824
    4825    4827
    4828    4830
    4831    4833
    4834    4836
    4837    4839
    4840    4842
    4843    4845
    4846    4848
    4849    4851
    4852    4854
    4855    4857
    4858    4860
    4861    4863
    4864    4866
    4867    4869
    4870    4872
    4873    4875
    4876    4878
    4879    4881
    4882    4884
    4885    4887
    4888    4890
    4891    4893
    4894    4896
    4897    4899
    4900    4902
    4903    4905
    4906    4908
    4909    4911
    4912    4914
    4915    4917
    4918    4920
    4921    4923
    4924    4926
    4927    4929
    4930    4932
    4933    4935
    4936    4938
    4939    4941
    4942    4944
    4945    4947
    4948    4950
    4951    4953
    4954    4956
    4957    4959
    4960    4962
    4963    4965
    4966    4968
    4969    4971
    4972    4974
    4975    4977
    4978    4980
    4981    4983
    4984    4986
    4987    4989
    4990    4992
    4993    4995
    4996    4998
    4999    5001
    5002    5004
    5005    5007
    5008    5010
    5011    5013
    5014    5016
    5017    5019
    5020    5022
    5023    5025
    5026    5028
    5029    5031
    5032    5034
    5035    5037
    5038    5040
    5041    5043
    5044    5046
    5047    5049
    5050    5052
    5053    5055
    5056    5058
    5059    5061
    5062    5064
    5065    5067
    5068    5070
    5071    5073
    5074    5076
    5077    5079
    5080    5082
    5083    5085
    5086    5088
    5089    5091
    5092    5094
    5095    5097
    5098    5100
    5101    5103
    5104    5106
    5107    5109
    5110    5112
    5113    5115
    5116    5118
    5119    5121
    5122    5124
    5125    5127
    5128    5130
    5131    5133
    5134    5136
    5137    5139
    5140    5142
    5143    5145
    5146    5148
    5149    5151
    5152    5154
    5155    5157
    5158    5160
    5161    5163
    5164    5166
    5167    5169
    5170    5172
    5173    5175
    5176    5178
    5179    5181
    5182    5184
    5185    5187
    5188    5190
    5191    5193
    5194    5196
    5197    5199
    5200    5202
    5203    5205
    5206    5208
    5209    5211
    5212    5214
    5215    5217
    5218    5220
    5221    5223
    5224    5226
    5227    5229
    5230    5232
    5233    5235
    5236    5238
    5239    5241
    5242    5244
    5245    5247
    5248    5250
    5251    5253
    5254    5256
    5257    5259
    5260    5262
    5263    5265
    5266    5268
    5269    5271
    5272    5274
    5275    5277
    5278    5280
    5281    5283
    5284    5286
    5287    5289
    5290    5292
    5293    5295
    5296    5298
    5299    5301
    5302    5304
    5305    5307
    5308    5310
    5311    5313
    5314    5316
    5317    5319
    5320    5322
    5323    5325
    5326    5328
    5329    5331
    5332    5334
    5335    5337
    5338    5340
    5341    5343
    5344    5346
    5347    5349
    5350    5352
    5353    5355
    5356    5358
    5359    5361
    5362    5364
    5365    5367
    5368    5370
    5371    5373
    5374    5376
    5377    5379
    5380    5382
    5383    5385
    5386    5388
    5389    5391
    5392    5394
    5395    5397
    5398    5400
    5401    5403
    5404    5406
    5407    5409
    5410    5412
    5413    5415
    5416    5418
    5419    5421
    5422    5424
    5425    5427
    5428    5430
    5431    5433
    5434    5436
    5437    5439
    5440    5442
    5443    5445
    5446    5448
    5449    5451
    5452    5454
    5455    5457
    5458    5460
    5461    5463
    5464    5466
    5467    5469
    5470    5472
    5473    5475
    5476    5478
    5479    5481
    5482    5484
    5485    5487
    5488    5490
    5491    5493
    5494    5496
    5497    5499
    5500    5502
    5503    5505
    5506    5508
    5509    5511
    5512    5514
    5515    5517
    5518    5520
    5521    5523
    5524    5526
    5527    5529
    5530    5532
    5533    5535
    5536    5538
    5539    5541
    5542    5544
    5545    5547
    5548    5550
    5551    5553
    5554    5556
    5557    5559
    5560    5562
    5563    5565
    5566    5568
    5569    5571
    5572    5574
    5575    5577
    5578    5580
    5581    5583
    5584    5586
    5587    5589
    5590    5592
    5593    5595
    5596    5598
    5599    5601
    5602    5604
    5605    5607
    5608    5610
    5611    5613
    5614    5616
    5617    5619
    5620    5622
    5623    5625
    5626    5628
    5629    5631
    5632    5634
    5635    5637
    5638    5640
    5641    5643
    5644    5646
    5647    5649
    5650    5652
    5653    5655
    5656    5658
    5659    5661
    5662    5664
    5665    5667
    5668    5670
    5671    5673
    5674    5676
    5677    5679
    5680    5682
    5683    5685
    5686    5688
    5689    5691
    5692    5694
    5695    5697
    5698    5700
    5701    5703
    5704    5706
    5707    5709
    5710    5712
    5713    5715
    5716    5718
    5719    5721
    5722    5724
    5725    5727
    5728    5730
    5731    5733
    5734    5736
    5737    5739
    5740    5742
    5743    5745
    5746    5748
    5749    5751
    5752    5754
    5755    5757
    5758    5760
    5761    5763
    5764    5766
    5767    5769
    5770    5772
    5773    5775
    5776    5778
    5779    5781
    5782    5784
    5785    5787
    5788    5790
    5791    5793
    5794    5796
    5797    5799
    5800    5802
    5803    5805
    5806    5808
    5809    5811
    5812    5814
    5815    5817
    5818    5820
    5821    5823
    5824    5826
    5827    5829
    5830    5832
    5833    5835
    5836    5838
    5839    5841
    5842    5844
    5845    5847
    5848    5850
    5851    5853
    5854    5856
    5857    5859
    5860    5862
    5863    5865
    5866    5868
    5869    5871
    5872    5874
    5875    5877
    5878    5880
    5881    5883
    5884    5886
    5887    5889
    5890    5892
    5893    5895
    5896    5898
    5899    5901
    5902    5904
    5905    5907
    5908    5910
    5911    5913
    5914    5916
    5917    5919
    5920    5922
    5923    5925
    5926    5928
    5929    5931
    5932    5934
    5935    5937
    5938    5940
    5941    5943
    5944    5946
    5947    5949
    5950    5952
    5953    5955
    5956    5958
    5959    5961
    5962    5964
    5965    5967
    5968    5970
    5971    5973
    5974    5976
    5977    5979
    5980    5982
    5983    5985
    5986    5988
    5989    5991
    5992    5994
    5995    5997
    5998    6000
    6001    6003
    6004    6006
    6007    6009
    6010    6012
    6013    6015
    6016    6018
    6019    6021
    6022    6024
    6025    6027
    6028    6030
    6031    6033
    6034    6036
    6037    6039
    6040    6042
    6043    6045
    6046    6048
    6049    6051
    6052    6054
    6055    6057
    6058    6060
    6061    6063
    6064    6066
    6067    6069
    6070    6072
    6073    6075
    6076    6078
    6079    6081
    6082    6084
    6085    6087
    6088    6090
    6091    6093
    6094    6096
    6097    6099
    6100    6102
    6103    6105
    6106    6108
    6109    6111
    6112    6114
    6115    6117
    6118    6120
    6121    6123
    6124    6126
    6127    6129
    6130    6132
    6133    6135
    6136    6138
    6139    6141
    6142    6144
    6145    6147
    6148    6150
    6151    6153
    6154    6156
    6157    6159
    6160    6162
    6163    6165
    6166    6168
    6169    6171
    6172    6174
    6175    6177
    6178    6180
    6181    6183
    6184    6186
    6187    6189
    6190    6192
    6193    6195
    6196    6198
    6199    6201
    6202    6204
    6205    6207
    6208    6210
    6211    6213
    6214    6216
    6217    6219
    6220    6222
    6223    6225
    6226    6228
    6229    6231
    6232    6234
    6235    6237
    6238    6240
    6241    6243
    6244    6246
    6247    6249
    6250    6252
    6253    6255
    6256    6258
    6259    6261
    6262    6264
    6265    6267
    6268    6270
    6271    6273
    6274    6276
    6277    6279
    6280    6282
    6283    6285
    6286    6288
    6289    6291
    6292    6294
    6295    6297
    6298    6300
    6301    6303
    6304    6306
    6307    6309
    6310    6312
    6313    6315
    6316    6318
    6319    6321
    6322    6324
    6325    6327
    6328    6330
    6331    6333
    6334    6336
    6337    6339
    6340    6342
    6343    6345
    6346    6348
    6349    6351
    6352    6354
    6355    6357
    6358    6360
    6361    6363
    6364    6366
    6367    6369
    6370    6372
    6373    6375
    6376    6378
    6379    6381
    6382    6384
    6385    6387
    6388    6390
    6391    6393
    6394    6396
    6397    6399
    6400    6402
    6403    6405
    6406    6408
    6409    6411
    6412    6414
    6415    6417
    6418    6420
    6421    6423
    6424    6426
    6427    6429
    6430    6432
    6433    6435
    6436    6438
    6439    6441
    6442    6444
    6445    6447
    6448    6450
    6451    6453
    6454    6456
    6457    6459
    6460    6462
    6463    6465
    6466    6468
    6469    6471
    6472    6474
    6475    6477
    6478    6480
    6481    6483
    6484    6486
    6487    6489
    6490    6492
    6493    6495
    6496    6498
    6499    6501
    6502    6504
    6505    6507
    6508    6510
    6511    6513
    6514    6516
    6517    6519
    6520    6522
    6523    6525
    6526    6528
    6529    6531
    6532    6534
    6535    6537
    6538    6540
    6541    6543
    6544    6546
    6547    6549
    6550    6552
    6553    6555
    6556    6558
    6559    6561
    6562    6564
    6565    6567
    6568    6570
    6571    6573
    6574    6576
    6577    6579
    6580    6582
    6583    6585
    6586    6588
    6589    6591
    6592    6594
    6595    6597
    6598    6600
    6601    6603
    6604    6606
    6607    6609
    6610    6612
    6613    6615
    6616    6618
    6619    6621
    6622    6624
    6625    6627
    6628    6630
    6631    6633
    6634    6636
    6637    6639
    6640    6642
    6643    6645
    6646    6648
    6649    6651
    6652    6654
    6655    6657
    6658    6660
    6661    6663
    6664    6666
    6667    6669
    6670    6672
    6673    6675
    6676    6678
    6679    6681
    6682    6684
    6685    6687
    6688    6690
    6691    6693
    6694    6696
    6697    6699
    6700    6702
    6703    6705
    6706    6708
    6709    6711
    6712    6714
    6715    6717
    6718    6720
    6721    6723
    6724    6726
    6727    6729
    6730    6732
    6733    6735
    6736    6738
    6739    6741
    6742    6744
    6745    6747
    6748    6750
    6751    6753
    6754    6756
    6757    6759
    6760    6762
    6763    6765
    6766    6768
    6769    6771
    6772    6774
    6775    6777
    6778    6780
    6781    6783
    6784    6786
    6787    6789
    6790    6792
    6793    6795
    6796    6798
    6799    6801
    6802    6804
    6805    6807
    6808    6810
    6811    6813
    6814    6816
    6817    6819
    6820    6822
    6823    6825
    6826    6828
    6829    6831
    6832    6834
    6835    6837
    6838    6840
    6841    6843
    6844    6846
    6847    6849
    6850    6852
    6853    6855
    6856    6858
    6859    6861
    6862    6864
    6865    6867
    6868    6870
    6871    6873
    6874    6876
    6877    6879
    6880    6882
    6883    6885
    6886    6888
    6889    6891
    6892    6894
    6895    6897
    6898    6900
    6901    6903
    6904    6906
    6907    6909
    6910    6912
    6913    6915
    6916    6918
    6919    6921
    6922    6924
    6925    6927
    6928    6930
    6931    6933
    6934    6936
    6937    6939
    6940    6942
    6943    6945
    6946    6948
    6949    6951
    6952    6954
    6955    6957
    6958    6960
    6961    6963
    6964    6966
    6967    6969
    6970    6972
    6973    6975
    6976    6978
    6979    6981
    6982    6984
    6985    6987
    6988    6990
    6991    6993
    6994    6996
    6997    6999
    7000    7002
    7003    7005
    7006    7008
    7009    7011
    7012    7014
    7015    7017
    7018    7020
    7021    7023
    7024    7026
    7027    7029
    7030    7032
    7033    7035
    7036    7038
    7039    7041
    7042    7044
    7045    7047
    7048    7050
    7051    7053
    7054    7056
    7057    7059
    7060    7062
    7063    7065
    7066    7068
    7069    7071
    7072    7074
    7075    7077
    7078    7080
    7081    7083
    7084    7086
    7087    7089
    7090    7092
    7093    7095
    7096    7098
    7099    7101
    7102    7104
    7105    7107
    7108    7110
    7111    7113
    7114    7116
    7117    7119
    7120    7122
    7123    7125
    7126    7128
    7129    7131
    7132    7134
    7135    7137
    7138    7140
    7141    7143
    7144    7146
    7147    7149
    7150    7152
    7153    7155
    7156    7158
    7159    7161
    7162    7164
    7165    7167
    7168    7170
    7171    7173
    7174    7176
    7177    7179
    7180    7182
    7183    7185
    7186    7188
    7189    7191
    7192    7194
    7195    7197
    7198    7200
    7201    7203
    7204    7206
    7207    7209
    7210    7212
    7213    7215
    7216    7218
    7219    7221
    7222    7224
    7225    7227
    7228    7230
    7231    7233
    7234    7236
    7237    7239
    7240    7242
    7243    7245
    7246    7248
    7249    7251
    7252    7254
    7255    7257
    7258    7260
    7261    7263
    7264    7266
    7267    7269
    7270    7272
    7273    7275
    7276    7278
    7279    7281
    7282    7284
    7285    7287
    7288    7290
    7291    7293
    7294    7296
    7297    7299
    7300    7302
    7303    7305
    7306    7308
    7309    7311
    7312    7314
    7315    7317
    7318    7320
    7321    7323
    7324    7326
    7327    7329
    7330    7332
    7333    7335
    7336    7338
    7339    7341
    7342    7344
    7345    7347
    7348    7350
    7351    7353
    7354    7356
    7357    7359
    7360    7362
    7363    7365
    7366    7368
    7369    7371
    7372    7374
    7375    7377
    7378    7380
    7381    7383
    7384    7386
    7387    7389
    7390    7392
    7393    7395
    7396    7398
    7399    7401
    7402    7404
    7405    7407
    7408    7410
    7411    7413
    7414    7416
    7417    7419
    7420    7422
    7423    7425
    7426    7428
    7429    7431
    7432    7434
    7435    7437
    7438    7440
    7441    7443
    7444    7446
    7447    7449
    7450    7452
    7453    7455
    7456    7458
    7459    7461
    7462    7464
    7465    7467
    7468    7470
    7471    7473
    7474    7476
    7477    7479
    7480    7482
    7483    7485
    7486    7488
    7489    7491
    7492    7494
    7495    7497
    7498    7500
    7501    7503
    7504    7506
    7507    7509
    7510    7512
    7513    7515
    7516    7518
    7519    7521
    7522    7524
    7525    7527
    7528    7530
    7531    7533
    7534    7536
    7537    7539
    7540    7542
    7543    7545
    7546    7548
    7549    7551
    7552    7554
    7555    7557
    7558    7560
    7561    7563
    7564    7566
    7567    7569
    7570    7572
    7573    7575
    7576    7578
    7579    7581
    7582    7584
    7585    7587
    7588    7590
    7591    7593
    7594    7596
    7597    7599
    7600    7602
    7603    7605
    7606    7608
    7609    7611
    7612    7614
    7615    7617
    7618    7620
    7621    7623
    7624    7626
    7627    7629
    7630    7632
    7633    7635
    7636    7638
    7639    7641
    7642    7644
    7645    7647
    7648    7650
    7651    7653
    7654    7656
    7657    7659
    7660    7662
    7663    7665
    7666    7668
    7669    7671
    7672    7674
    7675    7677
    7678    7680
    7681    7683
    7684    7686
    7687    7689
    7690    7692
    7693    7695
    7696    7698
    7699    7701
    7702    7704
    7705    7707
    7708    7710
    7711    7713
    7714    7716
    7717    7719
    7720    7722
    7723    7725
    7726    7728
    7729    7731
    7732    7734
    7735    7737
    7738    7740
    7741    7743
    7744    7746
    7747    7749
    7750    7752
    7753    7755
    7756    7758
    7759    7761
    7762    7764
    7765    7767
    7768    7770
    7771    7773
    7774    7776
    7777    7779
    7780    7782
    7783    7785
    7786    7788
    7789    7791
    7792    7794
    7795    7797
    7798    7800
    7801    7803
    7804    7806
    7807    7809
    7810    7812
    7813    7815
    7816    7818
    7819    7821
    7822    7824
    7825    7827
    7828    7830
    7831    7833
    7834    7836
    7837    7839
    7840    7842
    7843    7845
    7846    7848
    7849    7851
    7852    7854
    7855    7857
    7858    7860
    7861    7863
    7864    7866
    7867    7869
    7870    7872
    7873    7875
    7876    7878
    7879    7881
    7882    7884
    7885    7887
    7888    7890
    7891    7893
    7894    7896
    7897    7899
    7900    7902
    7903    7905
    7906    7908
    7909    7911
    7912    7914
    7915    7917
    7918    7920
    7921    7923
    7924    7926
    7927    7929
    7930    7932
    7933    7935
    7936    7938
    7939    7941
    7942    7944
    7945    7947
    7948    7950
    7951    7953
    7954    7956
    7957    7959
    7960    7962
    7963    7965
    7966    7968
    7969    7971
    7972    7974
    7975    7977
    7978    7980
    7981    7983
    7984    7986
    7987    7989
    7990    7992
    7993    7995
    7996    7998
    7999    8001
    8002    8004
    8005    8007
    8008    8010
    8011    8013
    8014    8016
    8017    8019
    8020    8022
    8023    8025
    8026    8028
    8029    8031
    8032    8034
    8035    8037
    8038    8040
    8041    8043
    8044    8046
    8047    8049
    8050    8052
    8053    8055
    8056    8058
    8059    8061
    8062    8064
    8065    8067
    8068    8070
    8071    8073
    8074    8076
    8077    8079
    8080    8082
    8083    8085
    8086    8088
    8089    8091
    8092    8094
    8095    8097
    8098    8100
    8101    8103
    8104    8106
    8107    8109
    8110    8112
    8113    8115
    8116    8118
    8119    8121
    8122    8124
    8125    8127
    8128    8130
    8131    8133
    8134    8136
    8137    8139
    8140    8142
    8143    8145
    8146    8148
    8149    8151
    8152    8154
    8155    8157
    8158    8160
    8161    8163
    8164    8166
    8167    8169
    8170    8172
    8173    8175
    8176    8178
    8179    8181
    8182    8184
    8185    8187
    8188    8190
    8191    8193
    8194    8196
    8197    8199
    8200    8202
    8203    8205
    8206    8208
    8209    8211
    8212    8214
    8215    8217
    8218    8220
    8221    8223
    8224    8226
    8227    8229
    8230    8232
    8233    8235
    8236    8238
    8239    8241
    8242    8244
    8245    8247
    8248    8250
    8251    8253
    8254    8256
    8257    8259
    8260    8262
    8263    8265
    8266    8268
    8269    8271
    8272    8274
    8275    8277
    8278    8280
    8281    8283
    8284    8286
    8287    8289
    8290    8292
    8293    8295
    8296    8298
    8299    8301
    8302    8304
    8305    8307
    8308    8310
    8311    8313
    8314    8316
    8317    8319
    8320    8322
    8323    8325
    8326    8328
    8329    8331
    8332    8334
    8335    8337
    8338    8340
    8341    8343
    8344    8346
    8347    8349
    8350    8352
    8353    8355
    8356    8358
    8359    8361
    8362    8364
    8365    8367
    8368    8370
    8371    8373
    8374    8376
    8377    8379
    8380    8382
    8383    8385
    8386    8388
    8389    8391
    8392    8394
    8395    8397
    8398    8400
    8401    8403
    8404    8406
    8407    8409
    8410    8412
    8413    8415
    8416    8418
    8419    8421
    8422    8424
    8425    8427
    8428    8430
    8431    8433
    8434    8436
    8437    8439
    8440    8442
    8443    8445
    8446    8448
    8449    8451
    8452    8454
    8455    8457
    8458    8460
    8461    8463
    8464    8466
    8467    8469
    8470    8472
    8473    8475
    8476    8478
    8479    8481
    8482    8484
    8485    8487
    8488    8490
    8491    8493
    8494    8496
    8497    8499
    8500    8502
    8503    8505
    8506    8508
    8509    8511
    8512    8514
    8515    8517
    8518    8520
    8521    8523
    8524    8526
    8527    8529
    8530    8532
    8533    8535
    8536    8538
    8539    8541
    8542    8544
    8545    8547
    8548    8550
    8551    8553
    8554    8556
    8557    8559
    8560    8562
    8563    8565
    8566    8568
    8569    8571
    8572    8574
    8575    8577
    8578    8580
    8581    8583
    8584    8586
    8587    8589
    8590    8592
    8593    8595
    8596    8598
    8599    8601
    8602    8604
    8605    8607
    8608    8610
    8611    8613
    8614    8616
    8617    8619
    8620    8622
    8623    8625
    8626    8628
    8629    8631
    8632    8634
    8635    8637
    8638    8640
    8641    8643
    8644    8646
    8647    8649
    8650    8652
    8653    8655
    8656    8658
    8659    8661
    8662    8664
    8665    8667
    8668    8670
    8671    8673
    8674    8676
    8677    8679
    8680    8682
    8683    8685
    8686    8688
    8689    8691
    8692    8694
    8695    8697
    8698    8700
    8701    8703
    8704    8706
    8707    8709
    8710    8712
    8713    8715
    8716    8718
    8719    8721
    8722    8724
    8725    8727
    8728    8730
    8731    8733
    8734    8736
    8737    8739
    8740    8742
    8743    8745
    8746    8748
    8749    8751
    8752    8754
    8755    8757
    8758    8760
    8761    8763
    8764    8766
    8767    8769
    8770    8772
    8773    8775
    8776    8778
    8779    8781
    8782    8784
    8785    8787
    8788    8790
    8791    8793
    8794    8796
    8797    8799
    8800    8802
    8803    8805
    8806    8808
    8809    8811
    8812    8814
    8815    8817
    8818    8820
    8821    8823
    8824    8826
    8827    8829
    8830    8832
    8833    8835
    8836    8838
    8839    8841
    8842    8844
    8845    8847
    8848    8850
    8851    8853
    8854    8856
    8857    8859
    8860    8862
    8863    8865
    8866    8868
    8869    8871
    8872    8874
    8875    8877
    8878    8880
    8881    8883
    8884    8886
    8887    8889
    8890    8892
    8893    8895
    8896    8898
    8899    8901
    8902    8904
    8905    8907
    8908    8910
    8911    8913
    8914    8916
    8917    8919
    8920    8922
    8923    8925
    8926    8928
    8929    8931
    8932    8934
    8935    8937
    8938    8940
    8941    8943
    8944    8946
    8947    8949
    8950    8952
    8953    8955
    8956    8958
    8959    8961
    8962    8964
    8965    8967
    8968    8970
    8971    8973
    8974    8976
    8977    8979
    8980    8982
    8983    8985
    8986    8988
    8989    8991
    8992    8994
    8995    8997
    8998    9000
    9001    9003
    9004    9006
    9007    9009
    9010    9012
    9013    9015
    9016    9018
    9019    9021
    9022    9024
    9025    9027
    9028    9030
    9031    9033
    9034    9036
    9037    9039
    9040    9042
    9043    9045
    9046    9048
    9049    9051
    9052    9054
    9055    9057
    9058    9060
    9061    9063
    9064    9066
    9067    9069
    9070    9072
    9073    9075
    9076    9078
    9079    9081
    9082    9084
    9085    9087
    9088    9090
    9091    9093
    9094    9096
    9097    9099
    9100    9102
    9103    9105
    9106    9108
    9109    9111
    9112    9114
    9115    9117
    9118    9120
    9121    9123
    9124    9126
    9127    9129
    9130    9132
    9133    9135
    9136    9138
    9139    9141
    9142    9144
    9145    9147
    9148    9150
    9151    9153
    9154    9156
    9157    9159
    9160    9162
    9163    9165
    9166    9168
    9169    9171
    9172    9174
    9175    9177
    9178    9180
    9181    9183
    9184    9186
    9187    9189
    9190    9192
    9193    9195
    9196    9198
    9199    9201
    9202    9204
    9205    9207
    9208    9210
    9211    9213
    9214    9216
    9217    9219
    9220    9222
    9223    9225
    9226    9228
    9229    9231
    9232    9234
    9235    9237
    9238    9240
    9241    9243
    9244    9246
    9247    9249
    9250    9252
    9253    9255
    9256    9258
    9259    9261
    9262    9264
    9265    9267
    9268    9270
    9271    9273
    9274    9276
    9277    9279
    9280    9282
    9283    9285
    9286    9288
    9289    9291
    9292    9294
    9295    9297
    9298    9300
    9301    9303
    9304    9306
    9307    9309
    9310    9312
    9313    9315
    9316    9318
    9319    9321
    9322    9324
    9325    9327
    9328    9330
    9331    9333
    9334    9336
    9337    9339
    9340    9342
    9343    9345
    9346    9348
    9349    9351
    9352    9354
    9355    9357
    9358    9360
    9361    9363
    9364    9366
    9367    9369
    9370    9372
    9373    9375
    9376    9378
    9379    9381
    9382    9384
    9385    9387
    9388    9390
    9391    9393
    9394    9396
    9397    9399
    9400    9402
    9403    9405
    9406    9408
    9409    9411
    9412    9414
    9415    9417
    9418    9420
    9421    9423
    9424    9426
    9427    9429
    9430    9432
    9433    9435
    9436    9438
    9439    9441
    9442    9444
    9445    9447
    9448    9450
    9451    9453
    9454    9456
    9457    9459
    9460    9462
    9463    9465
    9466    9468
    9469    9471
    9472    9474
    9475    9477
    9478    9480
    9481    9483
    9484    9486
    9487    9489
    9490    9492
    9493    9495
    9496    9498
    9499    9501
    9502    9504
    9505    9507
    9508    9510
    9511    9513
    9514    9516
    9517    9519
    9520    9522
    9523    9525
    9526    9528
    9529    9531
    9532    9534
    9535    9537
    9538    9540
    9541    9543
    9544    9546
    9547    9549
    9550    9552
    9553    9555
    9556    9558
    9559    9561
    9562    9564
    9565    9567
    9568    9570
    9571    9573
    9574    9576
    9577    9579
    9580    9582
    9583    9585
    9586    9588
    9589    9591
    9592    9594
    9595    9597
    9598    9600
    9601    9603
    9604    9606
    9607    9609
    9610    9612
    9613    9615
    9616    9618
    9619    9621
    9622    9624
    9625    9627
    9628    9630
    9631    9633
    9634    9636
    9637    9639
    9640    9642
    9643    9645
    9646    9648
    9649    9651
    9652    9654
    9655    9657
    9658    9660
    9661    9663
    9664    9666
    9667    9669
    9670    9672
    9673    9675
    9676    9678
    9679    9681
    9682    9684
    9685    9687
    9688    9690
    9691    9693
    9694    9696
    9697    9699
    9700    9702
    9703    9705
    9706    9708
    9709    9711
    9712    9714
    9715    9717
    9718    9720
    9721    9723
    9724    9726
    9727    9729
    9730    9732
    9733    9735
    9736    9738
    9739    9741
    9742    9744
    9745    9747
    9748    9750
    9751    9753
    9754    9756
    9757    9759
    9760    9762
    9763    9765
    9766    9768
    9769    9771
    9772    9774
    9775    9777
    9778    9780
    9781    9783
    9784    9786
    9787    9789
    9790    9792
    9793    9795
    9796    9798
    9799    9801
    9802    9804
    9805    9807
    9808    9810
    9811    9813
    9814    9816
    9817    9819
    9820    9822
    9823    9825
    9826    9828
    9829    9831
    9832    9834
    9835    9837
    9838    9840
    9841    9843
    9844    9846
    9847    9849
    9850    9852
    9853    9855
    9856    9858
    9859    9861
    9862    9864
    9865    9867
    9868    9870
    9871    9873
    9874    9876
    9877    9879
    9880    9882
    9883    9885
    9886    9888
    9889    9891
    9892    9894
    9895    9897
    9898    9900
    9901    9903
    9904    9906
    9907    9909
    9910    9912
    9913    9915
    9916    9918
    9919    9921
    9922    9924
    9925    9927
    9928    9930
    9931    9933
    9934    9936
    9937    9939
    9940    9942
    9943    9945
    9946    9948
    9949    9951
    9952    9954
    9955    9957
    9958    9960
    9961    9963
    9964    9966
    9967    9969
    9970    9972
    9973    9975
    9976    9978
    9979    9981
    9982    9984
    9985    9987
    9988    9990
    9991    9993
    9994    9996
    9997    9999
   10000   10002
   10003   10005
   10006   10008
   10009   10011
   10012   10014
   10015   10017
   10018   10020
   10021   10023
   10024   10026
   10027   10029
   10030   10032
   10033   10035
   10036   10038
   10039   10041
   10042   10044
   10045   10047
   10048   10050
   10051   10053
   10054   10056
   10057   10059
   10060   10062
   10063   10065
   10066   10068
   10069   10071
   10072   10074
   10075   10077
   10078   10080
   10081   10083
   10084   10086
   10087   10089
   10090   10092
   10093   10095
   10096   10098
   10099   10101
   10102   10104
   10105   10107
   10108   10110
   10111   10113
   10114   10116
   10117   10119
   10120   10122
   10123   10125
   10126   10128
   10129   10131
   10132   10134
   10135   10137
   10138   10140
   10141   10143
   10144   10146
   10147   10149
   10150   10152
   10153   10155
   10156   10158
   10159   10161
   10162   10164
   10165   10167
   10168   10170
   10171   10173
   10174   10176
   10177   10179
   10180   10182
   10183   10185
   10186   10188
   10189   10191
   10192   10194
   10195   10197
   10198   10200
   10201   10203
   10204   10206
   10207   10209
   10210   10212
   10213   10215
   10216   10218
   10219   10221
   10222   10224
   10225   10227
   10228   10230
   10231   10233
   10234   10236
   10237   10239
   10240   10242
   10243   10245
   10246   10248
   10249   10251
   10252   10254
   10255   10257
   10258   10260
   10261   10263
   10264   10266
   10267   10269
   10270   10272
   10273   10275
   10276   10278
   10279   10281
   10282   10284
   10285   10287
   10288   10290
   10291   10293
   10294   10296
   10297   10299
   10300   10302
   10303   10305
   10306   10308
   10309   10311
   10312   10314
   10315   10317
   10318   10320
   10321   10323
   10324   10326
   10327   10329
   10330   10332
   10333   10335
   10336   10338
   10339   10341
   10342   10344
   10345   10347
   10348   10350
   10351   10353
   10354   10356
   10357   10359
   10360   10362
   10363   10365
   10366   10368
   10369   10371
   10372   10374
   10375   10377
   10378   10380
   10381   10383
   10384   10386
   10387   10389
   10390   10392
   10393   10395
   10396   10398
   10399   10401
   10402   10404
   10405   10407
   10408   10410
   10411   10413
   10414   10416
   10417   10419
   10420   10422
   10423   10425
   10426   10428
   10429   10431
   10432   10434
   10435   10437
   10438   10440
   10441   10443
   10444   10446
   10447   10449
   10450   10452
   10453   10455
   10456   10458
   10459   10461
   10462   10464
   10465   10467
   10468   10470
   10471   10473
   10474   10476
   10477   10479
   10480   10482
   10483   10485
   10486   10488
   10489   10491
   10492   10494
   10495   10497
   10498   10500
   10501   10503
   10504   10506
   10507   10509
   10510   10512
   10513   10515
   10516   10518
   10519   10521
   10522   10524
   10525   10527
   10528   10530
   10531   10533
   10534   10536
   10537   10539
   10540   10542
   10543   10545
   10546   10548
   10549   10551
   10552   10554
   10555   10557
   10558   10560
   10561   10563
   10564   10566
   10567   10569
   10570   10572
   10573   10575
   10576   10578
   10579   10581
   10582   10584
   10585   10587
   10588   10590
   10591   10593
   10594   10596
   10597   10599
   10600   10602
   10603   10605
   10606   10608
   10609   10611
   10612   10614
   10615   10617
   10618   10620
   10621   10623
   10624   10626
   10627   10629
   10630   10632
   10633   10635
   10636   10638
   10639   10641
   10642   10644
   10645   10647
   10648   10650
   10651   10653
   10654   10656
   10657   10659
   10660   10662
   10663   10665
   10666   10668
   10669   10671
   10672   10674
   10675   10677
   10678   10680
   10681   10683
   10684   10686
   10687   10689
   10690   10692
   10693   10695
   10696   10698
   10699   10701
   10702   10704
   10705   10707
   10708   10710
   10711   10713
   10714   10716
   10717   10719
   10720   10722
   10723   10725
   10726   10728
   10729   10731
   10732   10734
   10735   10737
   10738   10740
   10741   10743
   10744   10746
   10747   10749
   10750   10752
   10753   10755
   10756   10758
   10759   10761
   10762   10764
   10765   10767
   10768   10770
   10771   10773
   10774   10776
   10777   10779
   10780   10782
   10783   10785
   10786   10788
   10789   10791
   10792   10794
   10795   10797
   10798   10800
   10801   10803
   10804   10806
   10807   10809
   10810   10812
   10813   10815
   10816   10818
   10819   10821
   10822   10824
   10825   10827
   10828   10830
   10831   10833
   10834   10836
   10837   10839
   10840   10842
   10843   10845
   10846   10848
   10849   10851
   10852   10854
   10855   10857
   10858   10860
   10861   10863
   10864   10866
   10867   10869
   10870   10872
   10873   10875
   10876   10878
   10879   10881
   10882   10884
   10885   10887
   10888   10890
   10891   10893
   10894   10896
   10897   10899
   10900   10902
   10903   10905
   10906   10908
   10909   10911
   10912   10914
   10915   10917
   10918   10920
   10921   10923
   10924   10926
   10927   10929
   10930   10932
   10933   10935
   10936   10938
   10939   10941
   10942   10944
   10945   10947
   10948   10950
   10951   10953
   10954   10956
   10957   10959
   10960   10962
   10963   10965
   10966   10968
   10969   10971
   10972   10974
   10975   10977
   10978   10980
   10981   10983
   10984   10986
   10987   10989
   10990   10992
   10993   10995
   10996   10998
   10999   11001
   11002   11004
   11005   11007
   11008   11010
   11011   11013
   11014   11016
   11017   11019
   11020   11022
   11023   11025
   11026   11028
   11029   11031
   11032   11034
   11035   11037
   11038   11040
   11041   11043
   11044   11046
   11047   11049
   11050   11052
   11053   11055
   11056   11058
   11059   11061
   11062   11064
   11065   11067
   11068   11070
   11071   11073
   11074   11076
   11077   11079
   11080   11082
   11083   11085
   11086   11088
   11089   11091
   11092   11094
   11095   11097
   11098   11100
   11101   11103
   11104   11106
   11107   11109
   11110   11112
   11113   11115
   11116   11118
   11119   11121
   11122   11124
   11125   11127
   11128   11130
   11131   11133
   11134   11136
   11137   11139
   11140   11142
   11143   11145
   11146   11148
   11149   11151
   11152   11154
   11155   11157
   11158   11160
   11161   11163
   11164   11166
   11167   11169
   11170   11172
   11173   11175
   11176   11178
   11179   11181
   11182   11184
   11185   11187
   11188   11190
   11191   11193
   11194   11196
   11197   11199
   11200   11202
   11203   11205
   11206   11208
   11209   11211
   11212   11214
   11215   11217
   11218   11220
   11221   11223
   11224   11226
   11227   11229
   11230   11232
   11233   11235
   11236   11238
   11239   11241
   11242   11244
   11245   11247
   11248   11250
   11251   11253
   11254   11256
   11257   11259
   11260   11262
   11263   11265
   11266   11268
   11269   11271
   11272   11274
   11275   11277
   11278   11280
   11281   11283
   11284   11286
   11287   11289
   11290   11292
   11293   11295
   11296   11298
   11299   11301
   11302   11304
   11305   11307
   11308   11310
   11311   11313
   11314   11316
   11317   11319
   11320   11322
   11323   11325
   11326   11328
   11329   11331
   11332   11334
   11335   11337
   11338   11340
   11341   11343
   11344   11346
   11347   11349
   11350   11352
   11353   11355
   11356   11358
   11359   11361
   11362   11364
   11365   11367
   11368   11370
   11371   11373
   11374   11376
   11377   11379
   11380   11382
   11383   11385
   11386   11388
   11389   11391
   11392   11394
   11395   11397
   11398   11400
   11401   11403
   11404   11406
   11407   11409
   11410   11412
   11413   11415
   11416   11418
   11419   11421
   11422   11424
   11425   11427
   11428   11430
   11431   11433
   11434   11436
   11437   11439
   11440   11442
   11443   11445
   11446   11448
   11449   11451
   11452   11454
   11455   11457
   11458   11460
   11461   11463
   11464   11466
   11467   11469
   11470   11472
   11473   11475
   11476   11478
   11479   11481
   11482   11484
   11485   11487
   11488   11490
   11491   11493
   11494   11496
   11497   11499
   11500   11502
   11503   11505
   11506   11508
   11509   11511
   11512   11514
   11515   11517
   11518   11520
   11521   11523
   11524   11526
   11527   11529
   11530   11532
   11533   11535
   11536   11538
   11539   11541
   11542   11544
   11545   11547
   11548   11550
   11551   11553
   11554   11556
   11557   11559
   11560   11562
   11563   11565
   11566   11568
   11569   11571
   11572   11574
   11575   11577
   11578   11580
   11581   11583
   11584   11586
   11587   11589
   11590   11592
   11593   11595
   11596   11598
   11599   11601
   11602   11604
   11605   11607
   11608   11610
   11611   11613
   11614   11616
   11617   11619
   11620   11622
   11623   11625
   11626   11628
   11629   11631
   11632   11634
   11635   11637
   11638   11640
   11641   11643
   11644   11646
   11647   11649
   11650   11652
   11653   11655
   11656   11658
   11659   11661
   11662   11664
   11665   11667
   11668   11670
   11671   11673
   11674   11676
   11677   11679
   11680   11682
   11683   11685
   11686   11688
   11689   11691
   11692   11694
   11695   11697
   11698   11700
   11701   11703
   11704   11706
   11707   11709
   11710   11712
   11713   11715
   11716   11718
   11719   11721
   11722   11724
   11725   11727
   11728   11730
   11731   11733
   11734   11736
   11737   11739
   11740   11742
   11743   11745
   11746   11748
   11749   11751
   11752   11754
   11755   11757
   11758   11760
   11761   11763
   11764   11766
   11767   11769
   11770   11772
   11773   11775
   11776   11778
   11779   11781
   11782   11784
   11785   11787
   11788   11790
   11791   11793
   11794   11796
   11797   11799
   11800   11802
   11803   11805
   11806   11808
   11809   11811
   11812   11814
   11815   11817
   11818   11820
   11821   11823
   11824   11826
   11827   11829
   11830   11832
   11833   11835
   11836   11838
   11839   11841
   11842   11844
   11845   11847
   11848   11850
   11851   11853
   11854   11856
   11857   11859
   11860   11862
   11863   11865
   11866   11868
   11869   11871
   11872   11874
   11875   11877
   11878   11880
   11881   11883
   11884   11886
   11887   11889
   11890   11892
   11893   11895
   11896   11898
   11899   11901
   11902   11904
   11905   11907
   11908   11910
   11911   11913
   11914   11916
   11917   11919
   11920   11922
   11923   11925
   11926   11928
   11929   11931
   11932   11934
   11935   11937
   11938   11940
   11941   11943
   11944   11946
   11947   11949
   11950   11952
   11953   11955
   11956   11958
   11959   11961
   11962   11964
   11965   11967
   11968   11970
   11971   11973
   11974   11976
   11977   11979
   11980   11982
   11983   11985
   11986   11988
   11989   11991
   11992   11994
   11995   11997
   11998   12000
   12001   12003
   12004   12006
   12007   12009
   12010   12012
   12013   12015
   12016   12018
   12019   12021
   12022   12024
   12025   12027
   12028   12030
   12031   12033
   12034   12036
   12037   12039
   12040   12042
   12043   12045
   12046   12048
   12049   12051
   12052   12054
   12055   12057
   12058   12060
   12061   12063
   12064   12066
   12067   12069
   12070   12072
   12073   12075
   12076   12078
   12079   12081
   12082   12084
   12085   12087
   12088   12090
   12091   12093
   12094   12096
   12097   12099
   12100   12102
   12103   12105
   12106   12108
   12109   12111
   12112   12114
   12115   12117
   12118   12120
   12121   12123
   12124   12126
   12127   12129
   12130   12132
   12133   12135
   12136   12138
   12139   12141
   12142   12144
   12145   12147
   12148   12150
   12151   12153
   12154   12156
   12157   12159
   12160   12162
   12163   12165
   12166   12168
   12169   12171
   12172   12174
   12175   12177
   12178   12180
   12181   12183
   12184   12186
   12187   12189
   12190   12192
   12193   12195
   12196   12198
   12199   12201
   12202   12204
   12205   12207
   12208   12210
   12211   12213
   12214   12216
   12217   12219
   12220   12222
   12223   12225
   12226   12228
   12229   12231
   12232   12234
   12235   12237
   12238   12240
   12241   12243
   12244   12246
   12247   12249
   12250   12252
   12253   12255
   12256   12258
   12259   12261
   12262   12264
   12265   12267
   12268   12270
   12271   12273
   12274   12276
   12277   12279
   12280   12282
   12283   12285
   12286   12288
   12289   12291
   12292   12294
   12295   12297
   12298   12300
   12301   12303
   12304   12306
   12307   12309
   12310   12312
   12313   12315
   12316   12318
   12319   12321
   12322   12324
   12325   12327
   12328   12330
   12331   12333
   12334   12336
   12337   12339
   12340   12342
   12343   12345
   12346   12348
   12349   12351
   12352   12354
   12355   12357
   12358   12360
   12361   12363
   12364   12366
   12367   12369
   12370   12372
   12373   12375
   12376   12378
   12379   12381
   12382   12384
   12385   12387
   12388   12390
   12391   12393
   12394   12396
   12397   12399
   12400   12402
   12403   12405
   12406   12408
   12409   12411
   12412   12414
   12415   12417
   12418   12420
   12421   12423
   12424   12426
   12427   12429
   12430   12432
   12433   12435
   12436   12438
   12439   12441
   12442   12444
   12445   12447
   12448   12450
   12451   12453
   12454   12456
   12457   12459
   12460   12462
   12463   12465
   12466   12468
   12469   12471
   12472   12474
   12475   12477
   12478   12480
   12481   12483
   12484   12486
   12487   12489
   12490   12492
   12493   12495
   12496   12498
   12499   12501
   12502   12504
   12505   12507
   12508   12510
   12511   12513
   12514   12516
   12517   12519
   12520   12522
   12523   12525
   12526   12528
   12529   12531
   12532   12534
   12535   12537
   12538   12540
   12541   12543
   12544   12546
   12547   12549
   12550   12552
   12553   12555
   12556   12558
   12559   12561
   12562   12564
   12565   12567
   12568   12570
   12571   12573
   12574   12576
   12577   12579
   12580   12582
   12583   12585
   12586   12588
   12589   12591
   12592   12594
   12595   12597
   12598   12600
   12601   12603
   12604   12606
   12607   12609
   12610   12612
   12613   12615
   12616   12618
   12619   12621
   12622   12624
   12625   12627
   12628   12630
   12631   12633
   12634   12636
   12637   12639
   12640   12642
   12643   12645
   12646   12648
   12649   12651
   12652   12654
   12655   12657
   12658   12660
   12661   12663
   12664   12666
   12667   12669
   12670   12672
   12673   12675
   12676   12678
   12679   12681
   12682   12684
   12685   12687
   12688   12690
   12691   12693
   12694   12696
   12697   12699
   12700   12702
   12703   12705
   12706   12708
   12709   12711
   12712   12714
   12715   12717
   12718   12720
   12721   12723
   12724   12726
   12727   12729
   12730   12732
   12733   12735
   12736   12738
   12739   12741
   12742   12744
   12745   12747
   12748   12750
   12751   12753
   12754   12756
   12757   12759
   12760   12762
   12763   12765
   12766   12768
   12769   12771
   12772   12774
   12775   12777
   12778   12780
   12781   12783
   12784   12786
   12787   12789
   12790   12792
   12793   12795
   12796   12798
   12799   12801
   12802   12804
   12805   12807
   12808   12810
   12811   12813
   12814   12816
   12817   12819
   12820   12822
   12823   12825
   12826   12828
   12829   12831
   12832   12834
   12835   12837
   12838   12840
   12841   12843
   12844   12846
   12847   12849
   12850   12852
   12853   12855
   12856   12858
   12859   12861
   12862   12864
   12865   12867
   12868   12870
   12871   12873
   12874   12876
   12877   12879
   12880   12882
   12883   12885
   12886   12888
   12889   12891
   12892   12894
   12895   12897
   12898   12900
   12901   12903
   12904   12906
   12907   12909
   12910   12912
   12913   12915
   12916   12918
   12919   12921
   12922   12924
   12925   12927
   12928   12930
   12931   12933
   12934   12936
   12937   12939
   12940   12942
   12943   12945
   12946   12948
   12949   12951
   12952   12954
   12955   12957
   12958   12960
   12961   12963
   12964   12966
   12967   12969
   12970   12972
   12973   12975
   12976   12978
   12979   12981
   12982   12984
   12985   12987
   12988   12990
   12991   12993
   12994   12996
   12997   12999
   13000   13002
   13003   13005
   13006   13008
   13009   13011
   13012   13014
   13015   13017
   13018   13020
   13021   13023
   13024   13026
   13027   13029
   13030   13032
   13033   13035
   13036   13038
   13039   13041
   13042   13044
   13045   13047
   13048   13050
   13051   13053
   13054   13056
   13057   13059
   13060   13062
   13063   13065
   13066   13068
   13069   13071
   13072   13074
   13075   13077
   13078   13080
   13081   13083
   13084   13086
   13087   13089
   13090   13092
   13093   13095
   13096   13098
   13099   13101
   13102   13104
   13105   13107
   13108   13110
   13111   13113
   13114   13116
   13117   13119
   13120   13122
   13123   13125
   13126   13128
   13129   13131
   13132   13134
   13135   13137
   13138   13140
   13141   13143
   13144   13146
   13147   13149
   13150   13152
   13153   13155
   13156   13158
   13159   13161
   13162   13164
   13165   13167
   13168   13170
   13171   13173
   13174   13176
   13177   13179
   13180   13182
   13183   13185
   13186   13188
   13189   13191
   13192   13194
   13195   13197
   13198   13200
   13201   13203
   13204   13206
   13207   13209
   13210   13212
   13213   13215
   13216   13218
   13219   13221
   13222   13224
   13225   13227
   13228   13230
   13231   13233
   13234   13236
   13237   13239
   13240   13242
   13243   13245
   13246   13248
   13249   13251
   13252   13254
   13255   13257
   13258   13260
   13261   13263
   13264   13266
   13267   13269
   13270   13272
   13273   13275
   13276   13278
   13279   13281
   13282   13284
   13285   13287
   13288   13290
   13291   13293
   13294   13296
   13297   13299
   13300   13302
   13303   13305
   13306   13308
   13309   13311
   13312   13314
   13315   13317
   13318   13320
   13321   13323
   13324   13326
   13327   13329
   13330   13332
   13333   13335
   13336   13338
   13339   13341
   13342   13344
   13345   13347
   13348   13350
   13351   13353
   13354   13356
   13357   13359
   13360   13362
   13363   13365
   13366   13368
   13369   13371
   13372   13374
   13375   13377
   13378   13380
   13381   13383
   13384   13386
   13387   13389
   13390   13392
   13393   13395
   13396   13398
   13399   13401
   13402   13404
   13405   13407
   13408   13410
   13411   13413
   13414   13416
   13417   13419
   13420   13422
   13423   13425
   13426   13428
   13429   13431
   13432   13434
   13435   13437
   13438   13440
   13441   13443
   13444   13446
   13447   13449
   13450   13452
   13453   13455
   13456   13458
   13459   13461
   13462   13464
   13465   13467
   13468   13470
   13471   13473
   13474   13476
   13477   13479
   13480   13482
   13483   13485
   13486   13488
   13489   13491
   13492   13494
   13495   13497
   13498   13500
   13501   13503
   13504   13506
   13507   13509
   13510   13512
   13513   13515
   13516   13518
   13519   13521
   13522   13524
   13525   13527
   13528   13530
   13531   13533
   13534   13536
   13537   13539
   13540   13542
   13543   13545
   13546   13548
   13549   13551
   13552   13554
   13555   13557
   13558   13560
   13561   13563
   13564   13566
   13567   13569
   13570   13572
   13573   13575
   13576   13578
   13579   13581
   13582   13584
   13585   13587
   13588   13590
   13591   13593
   13594   13596
   13597   13599
   13600   13602
   13603   13605
   13606   13608
   13609   13611
   13612   13614
   13615   13617
   13618   13620
   13621   13623
   13624   13626
   13627   13629
   13630   13632
   13633   13635
   13636   13638
   13639   13641
   13642   13644
   13645   13647
   13648   13650
   13651   13653
   13654   13656
   13657   13659
   13660   13662
   13663   13665
   13666   13668
   13669   13671
   13672   13674
   13675   13677
   13678   13680
   13681   13683
   13684   13686
   13687   13689
   13690   13692
   13693   13695
   13696   13698
   13699   13701
   13702   13704
   13705   13707
   13708   13710
   13711   13713
   13714   13716
   13717   13719
   13720   13722
   13723   13725
   13726   13728
   13729   13731
   13732   13734
   13735   13737
   13738   13740
   13741   13743
   13744   13746
   13747   13749
   13750   13752
   13753   13755
   13756   13758
   13759   13761
   13762   13764
   13765   13767
   13768   13770
   13771   13773
   13774   13776
   13777   13779
   13780   13782
   13783   13785
   13786   13788
   13789   13791
   13792   13794
   13795   13797
   13798   13800
   13801   13803
   13804   13806
   13807   13809
   13810   13812
   13813   13815
   13816   13818
   13819   13821
   13822   13824
   13825   13827
   13828   13830
   13831   13833
   13834   13836
   13837   13839
   13840   13842
   13843   13845
   13846   13848
   13849   13851
   13852   13854
   13855   13857
   13858   13860
   13861   13863
   13864   13866
   13867   13869
   13870   13872
   13873   13875
   13876   13878
   13879   13881
   13882   13884
   13885   13887
   13888   13890
   13891   13893
   13894   13896
   13897   13899
   13900   13902
   13903   13905
   13906   13908
   13909   13911
   13912   13914
   13915   13917
   13918   13920
   13921   13923
   13924   13926
   13927   13929
   13930   13932
   13933   13935
   13936   13938
   13939   13941
   13942   13944
   13945   13947
   13948   13950
   13951   13953
   13954   13956
   13957   13959
   13960   13962
   13963   13965
   13966   13968
   13969   13971
   13972   13974
   13975   13977
   13978   13980
   13981   13983
   13984   13986
   13987   13989
   13990   13992
   13993   13995
   13996   13998
   13999   14001
   14002   14004
   14005   14007
   14008   14010
   14011   14013
   14014   14016
   14017   14019
   14020   14022
   14023   14025
   14026   14028
   14029   14031
   14032   14034
   14035   14037
   14038   14040
   14041   14043
   14044   14046
   14047   14049
   14050   14052
   14053   14055
   14056   14058
   14059   14061
   14062   14064
   14065   14067
   14068   14070
   14071   14073
   14074   14076
   14077   14079
   14080   14082
   14083   14085
   14086   14088
   14089   14091
   14092   14094
   14095   14097
   14098   14100
   14101   14103
   14104   14106
   14107   14109
   14110   14112
   14113   14115
   14116   14118
   14119   14121
   14122   14124
   14125   14127
   14128   14130
   14131   14133
   14134   14136
   14137   14139
   14140   14142
   14143   14145
   14146   14148
   14149   14151
   14152   14154
   14155   14157
   14158   14160
   14161   14163
   14164   14166
   14167   14169
   14170   14172
   14173   14175
   14176   14178
   14179   14181
   14182   14184
   14185   14187
   14188   14190
   14191   14193
   14194   14196
   14197   14199
   14200   14202
   14203   14205
   14206   14208
   14209   14211
   14212   14214
   14215   14217
   14218   14220
   14221   14223
   14224   14226
   14227   14229
   14230   14232
   14233   14235
   14236   14238
   14239   14241
   14242   14244
   14245   14247
   14248   14250
   14251   14253
   14254   14256
   14257   14259
   14260   14262
   14263   14265
   14266   14268
   14269   14271
   14272   14274
   14275   14277
   14278   14280
   14281   14283
   14284   14286
   14287   14289
   14290   14292
   14293   14295
   14296   14298
   14299   14301
   14302   14304
   14305   14307
   14308   14310
   14311   14313
   14314   14316
   14317   14319
   14320   14322
   14323   14325
   14326   14328
   14329   14331
   14332   14334
   14335   14337
   14338   14340
   14341   14343
   14344   14346
   14347   14349
   14350   14352
   14353   14355
   14356   14358
   14359   14361
   14362   14364
   14365   14367
   14368   14370
   14371   14373
   14374   14376
   14377   14379
   14380   14382
   14383   14385
   14386   14388
   14389   14391
   14392   14394
   14395   14397
   14398   14400
   14401   14403
   14404   14406
   14407   14409
   14410   14412
   14413   14415
   14416   14418
   14419   14421
   14422   14424
   14425   14427
   14428   14430
   14431   14433
   14434   14436
   14437   14439
   14440   14442
   14443   14445
   14446   14448
   14449   14451
   14452   14454
   14455   14457
   14458   14460
   14461   14463
   14464   14466
   14467   14469
   14470   14472
   14473   14475
   14476   14478
   14479   14481
   14482   14484
   14485   14487
   14488   14490
   14491   14493
   14494   14496
   14497   14499
   14500   14502
   14503   14505
   14506   14508
   14509   14511
   14512   14514
   14515   14517
   14518   14520
   14521   14523
   14524   14526
   14527   14529
   14530   14532
   14533   14535
   14536   14538
   14539   14541
   14542   14544
   14545   14547
   14548   14550
   14551   14553
   14554   14556
   14557   14559
   14560   14562
   14563   14565
   14566   14568
   14569   14571
   14572   14574
   14575   14577
   14578   14580
   14581   14583
   14584   14586
   14587   14589
   14590   14592
   14593   14595
   14596   14598
   14599   14601
   14602   14604
   14605   14607
   14608   14610
   14611   14613
   14614   14616
   14617   14619
   14620   14622
   14623   14625
   14626   14628
   14629   14631
   14632   14634
   14635   14637
   14638   14640
   14641   14643
   14644   14646
   14647   14649
   14650   14652
   14653   14655
   14656   14658
   14659   14661
   14662   14664
   14665   14667
   14668   14670
   14671   14673
   14674   14676
   14677   14679
   14680   14682
   14683   14685
   14686   14688
   14689   14691
   14692   14694
   14695   14697
   14698   14700
   14701   14703
   14704   14706
   14707   14709
   14710   14712
   14713   14715
   14716   14718
   14719   14721
   14722   14724
   14725   14727
   14728   14730
   14731   14733
   14734   14736
   14737   14739
   14740   14742
   14743   14745
   14746   14748
   14749   14751
   14752   14754
   14755   14757
   14758   14760
   14761   14763
   14764   14766
   14767   14769
   14770   14772
   14773   14775
   14776   14778
   14779   14781
   14782   14784
   14785   14787
   14788   14790
   14791   14793
   14794   14796
   14797   14799
   14800   14802
   14803   14805
   14806   14808
   14809   14811
   14812   14814
   14815   14817
   14818   14820
   14821   14823
   14824   14826
   14827   14829
   14830   14832
   14833   14835
   14836   14838
   14839   14841
   14842   14844
   14845   14847
   14848   14850
   14851   14853
   14854   14856
   14857   14859
   14860   14862
   14863   14865
   14866   14868
   14869   14871
   14872   14874
   14875   14877
   14878   14880
   14881   14883
   14884   14886
   14887   14889
   14890   14892
   14893   14895
   14896   14898
   14899   14901
   14902   14904
   14905   14907
   14908   14910
   14911   14913
   14914   14916
   14917   14919
   14920   14922
   14923   14925
   14926   14928
   14929   14931
   14932   14934
   14935   14937
   14938   14940
   14941   14943
   14944   14946
   14947   14949
   14950   14952
   14953   14955
   14956   14958
   14959   14961
   14962   14964
   14965   14967
   14968   14970
   14971   14973
   14974   14976
   14977   14979
   14980   14982
   14983   14985
   14986   14988
   14989   14991
   14992   14994
   14995   14997
   14998   15000
   15001   15003
   15004   15006
   15007   15009
   15010   15012
   15013   15015
   15016   15018
   15019   15021
   15022   15024
   15025   15027
   15028   15030
   15031   15033
   15034   15036
   15037   15039
   15040   15042
   15043   15045
   15046   15048
   15049   15051
   15052   15054
   15055   15057
   15058   15060
   15061   15063
   15064   15066
   15067   15069
   15070   15072
   15073   15075
   15076   15078
   15079   15081
   15082   15084
   15085   15087
   15088   15090
   15091   15093
   15094   15096
   15097   15099
   15100   15102
   15103   15105
   15106   15108
   15109   15111
   15112   15114
   15115   15117
   15118   15120
   15121   15123
   15124   15126
   15127   15129
   15130   15132
   15133   15135
   15136   15138
   15139   15141
   15142   15144
   15145   15147
   15148   15150
   15151   15153
   15154   15156
   15157   15159
   15160   15162
   15163   15165
   15166   15168
   15169   15171
   15172   15174
   15175   15177
   15178   15180
   15181   15183
   15184   15186
   15187   15189
   15190   15192
   15193   15195
   15196   15198
   15199   15201
   15202   15204
   15205   15207
   15208   15210
   15211   15213
   15214   15216
   15217   15219
   15220   15222
   15223   15225
   15226   15228
   15229   15231
   15232   15234
   15235   15237
   15238   15240
   15241   15243
   15244   15246
   15247   15249
   15250   15252
   15253   15255
   15256   15258
   15259   15261
   15262   15264
   15265   15267
   15268   15270
   15271   15273
   15274   15276
   15277   15279
   15280   15282
   15283   15285
   15286   15288
   15289   15291
   15292   15294
   15295   15297
   15298   15300
   15301   15303
   15304   15306
   15307   15309
   15310   15312
   15313   15315
   15316   15318
   15319   15321
   15322   15324
   15325   15327
   15328   15330
   15331   15333
   15334   15336
   15337   15339
   15340   15342
   15343   15345
   15346   15348
   15349   15351
   15352   15354
   15355   15357
   15358   15360
   15361   15363
   15364   15366
   15367   15369
   15370   15372
   15373   15375
   15376   15378
   15379   15381
   15382   15384
   15385   15387
   15388   15390
   15391   15393
   15394   15396
   15397   15399
   15400   15402
   15403   15405
   15406   15408
   15409   15411
   15412   15414
   15415   15417
   15418   15420
   15421   15423
   15424   15426
   15427   15429
   15430   15432
   15433   15435
   15436   15438
   15439   15441
   15442   15444
   15445   15447
   15448   15450
   15451   15453
   15454   15456
   15457   15459
   15460   15462
   15463   15465
   15466   15468
   15469   15471
   15472   15474
   15475   15477
   15478   15480
   15481   15483
   15484   15486
   15487   15489
   15490   15492
   15493   15495
   15496   15498
   15499   15501
   15502   15504
   15505   15507
   15508   15510
   15511   15513
   15514   15516
   15517   15519
   15520   15522
   15523   15525
   15526   15528
   15529   15531
   15532   15534
   15535   15537
   15538   15540
   15541   15543
   15544   15546
   15547   15549
   15550   15552
   15553   15555
   15556   15558
   15559   15561
   15562   15564
   15565   15567
   15568   15570
   15571   15573
   15574   15576
   15577   15579
   15580   15582
   15583   15585
   15586   15588
   15589   15591
   15592   15594
   15595   15597
   15598   15600
   15601   15603
   15604   15606
   15607   15609
   15610   15612
   15613   15615
   15616   15618
   15619   15621
   15622   15624
   15625   15627
   15628   15630
   15631   15633
   15634   15636
   15637   15639
   15640   15642
   15643   15645
   15646   15648
   15649   15651
   15652   15654
   15655   15657
   15658   15660
   15661   15663
   15664   15666
   15667   15669
   15670   15672
   15673   15675
   15676   15678
   15679   15681
   15682   15684
   15685   15687
   15688   15690
   15691   15693
   15694   15696
   15697   15699
   15700   15702
   15703   15705
   15706   15708
   15709   15711
   15712   15714
   15715   15717
   15718   15720
   15721   15723
   15724   15726
   15727   15729
   15730   15732
   15733   15735
   15736   15738
   15739   15741
   15742   15744
   15745   15747
   15748   15750
   15751   15753
   15754   15756
   15757   15759
   15760   15762
   15763   15765
   15766   15768
   15769   15771
   15772   15774
   15775   15777
   15778   15780
   15781   15783
   15784   15786
   15787   15789
   15790   15792
   15793   15795
   15796   15798
   15799   15801
   15802   15804
   15805   15807
   15808   15810
   15811   15813
   15814   15816
   15817   15819
   15820   15822
   15823   15825
   15826   15828
   15829   15831
   15832   15834
   15835   15837
   15838   15840
   15841   15843
   15844   15846
   15847   15849
   15850   15852
   15853   15855
   15856   15858
   15859   15861
   15862   15864
   15865   15867
   15868   15870
   15871   15873
   15874   15876
   15877   15879
   15880   15882
   15883   15885
   15886   15888
   15889   15891
   15892   15894
   15895   15897
   15898   15900
   15901   15903
   15904   15906
   15907   15909
   15910   15912
   15913   15915
   15916   15918
   15919   15921
   15922   15924
   15925   15927
   15928   15930
   15931   15933
   15934   15936
   15937   15939
   15940   15942
   15943   15945
   15946   15948
   15949   15951
   15952   15954
   15955   15957
   15958   15960
   15961   15963
   15964   15966
   15967   15969
   15970   15972
   15973   15975
   15976   15978
   15979   15981
   15982   15984
   15985   15987
   15988   15990
   15991   15993
   15994   15996
   15997   15999
   16000   16002
   16003   16005
   16006   16008
   16009   16011
   16012   16014
   16015   16017
   16018   16020
   16021   16023
   16024   16026
   16027   16029
   16030   16032
   16033   16035
   16036   16038
   16039   16041
   16042   16044
   16045   16047
   16048   16050
   16051   16053
   16054   16056
   16057   16059
   16060   16062
   16063   16065
   16066   16068
   16069   16071
   16072   16074
   16075   16077
   16078   16080
   16081   16083
   16084   16086
   16087   16089
   16090   16092
   16093   16095
   16096   16098
   16099   16101
   16102   16104
   16105   16107
   16108   16110
   16111   16113
   16114   16116
   16117   16119
   16120   16122
   16123   16125
   16126   16128
   16129   16131
   16132   16134
   16135   16137
   16138   16140
   16141   16143
   16144   16146
   16147   16149
   16150   16152
   16153   16155
   16156   16158
   16159   16161
   16162   16164
   16165   16167
   16168   16170
   16171   16173
   16174   16176
   16177   16179
   16180   16182
   16183   16185
   16186   16188
   16189   16191
   16192   16194
   16195   16197
   16198   16200
   16201   16203
   16204   16206
   16207   16209
   16210   16212
   16213   16215
   16216   16218
   16219   16221
   16222   16224
   16225   16227
   16228   16230
   16231   16233
   16234   16236
   16237   16239
   16240   16242
   16243   16245
   16246   16248
   16249   16251
   16252   16254
   16255   16257
   16258   16260
   16261   16263
   16264   16266
   16267   16269
   16270   16272
   16273   16275
   16276   16278
   16279   16281
   16282   16284
   16285   16287
   16288   16290
   16291   16293
   16294   16296
   16297   16299
   16300   16302
   16303   16305
   16306   16308
   16309   16311
   16312   16314
   16315   16317
   16318   16320
   16321   16323
   16324   16326
   16327   16329
   16330   16332
   16333   16335
   16336   16338
   16339   16341
   16342   16344
   16345   16347
   16348   16350
   16351   16353
   16354   16356
   16357   16359
   16360   16362
   16363   16365
   16366   16368
   16369   16371
   16372   16374
   16375   16377
   16378   16380
   16381   16383
   16384   16386
   16387   16389
   16390   16392
   16393   16395
   16396   16398
   16399   16401
   16402   16404
   16405   16407
   16408   16410
   16411   16413
   16414   16416
   16417   16419
   16420   16422
   16423   16425
   16426   16428
   16429   16431
   16432   16434
   16435   16437
   16438   16440
   16441   16443
   16444   16446
   16447   16449
   16450   16452
   16453   16455
   16456   16458
   16459   16461
   16462   16464
   16465   16467
   16468   16470
   16471   16473
   16474   16476
   16477   16479
   16480   16482
   16483   16485
   16486   16488
   16489   16491
   16492   16494
   16495   16497
   16498   16500
   16501   16503
   16504   16506
   16507   16509
   16510   16512
   16513   16515
   16516   16518
   16519   16521
   16522   16524
   16525   16527
   16528   16530
   16531   16533
   16534   16536
   16537   16539
   16540   16542
   16543   16545
   16546   16548
   16549   16551
   16552   16554
   16555   16557
   16558   16560
   16561   16563
   16564   16566
   16567   16569
   16570   16572
   16573   16575
   16576   16578
   16579   16581
   16582   16584
   16585   16587
   16588   16590
   16591   16593
   16594   16596
   16597   16599
   16600   16602
   16603   16605
   16606   16608
   16609   16611
   16612   16614
   16615   16617
   16618   16620
   16621   16623
   16624   16626
   16627   16629
   16630   16632
   16633   16635
   16636   16638
   16639   16641
   16642   16644
   16645   16647
   16648   16650
   16651   16653
   16654   16656
   16657   16659
   16660   16662
   16663   16665
   16666   16668
   16669   16671
   16672   16674
   16675   16677
   16678   16680
   16681   16683
   16684   16686
   16687   16689
   16690   16692
   16693   16695
   16696   16698
   16699   16701
   16702   16704
   16705   16707
   16708   16710
   16711   16713
   16714   16716
   16717   16719
   16720   16722
   16723   16725
   16726   16728
   16729   16731
   16732   16734
   16735   16737
   16738   16740
   16741   16743
   16744   16746
   16747   16749
   16750   16752
   16753   16755
   16756   16758
   16759   16761
   16762   16764
   16765   16767
   16768   16770
   16771   16773
   16774   16776
   16777   16779
   16780   16782
   16783   16785
   16786   16788
   16789   16791
   16792   16794
   16795   16797
   16798   16800
   16801   16803
   16804   16806
   16807   16809
   16810   16812
   16813   16815
   16816   16818
   16819   16821
   16822   16824
   16825   16827
   16828   16830
   16831   16833
   16834   16836
   16837   16839
   16840   16842
   16843   16845
   16846   16848
   16849   16851
   16852   16854
   16855   16857
   16858   16860
   16861   16863
   16864   16866
   16867   16869
   16870   16872
   16873   16875
   16876   16878
   16879   16881
   16882   16884
   16885   16887
   16888   16890
   16891   16893
   16894   16896
   16897   16899
   16900   16902
   16903   16905
   16906   16908
   16909   16911
   16912   16914
   16915   16917
   16918   16920
   16921   16923
   16924   16926
   16927   16929
   16930   16932
   16933   16935
   16936   16938
   16939   16941
   16942   16944
   16945   16947
   16948   16950
   16951   16953
   16954   16956
   16957   16959
   16960   16962
   16963   16965
   16966   16968
   16969   16971
   16972   16974
   16975   16977
   16978   16980
   16981   16983
   16984   16986
   16987   16989
   16990   16992
   16993   16995
   16996   16998
   16999   17001
   17002   17004
   17005   17007
   17008   17010
   17011   17013
   17014   17016
   17017   17019
   17020   17022
   17023   17025
   17026   17028
   17029   17031
   17032   17034
   17035   17037
   17038   17040
   17041   17043
   17044   17046
   17047   17049
   17050   17052
   17053   17055
   17056   17058
   17059   17061
   17062   17064
   17065   17067
   17068   17070
   17071   17073
   17074   17076
   17077   17079
   17080   17082
   17083   17085
   17086   17088
   17089   17091
   17092   17094
   17095   17097
   17098   17100
   17101   17103
   17104   17106
   17107   17109
   17110   17112
   17113   17115
   17116   17118
   17119   17121
   17122   17124
   17125   17127
   17128   17130
   17131   17133
   17134   17136
   17137   17139
   17140   17142
   17143   17145
   17146   17148
   17149   17151
   17152   17154
   17155   17157
   17158   17160
   17161   17163
   17164   17166
   17167   17169
   17170   17172
   17173   17175
   17176   17178
   17179   17181
   17182   17184
   17185   17187
   17188   17190
   17191   17193
   17194   17196
   17197   17199
   17200   17202
   17203   17205
   17206   17208
   17209   17211
   17212   17214
   17215   17217
   17218   17220
   17221   17223
   17224   17226
   17227   17229
   17230   17232
   17233   17235
   17236   17238
   17239   17241
   17242   17244
   17245   17247
   17248   17250
   17251   17253
   17254   17256
   17257   17259
   17260   17262
   17263   17265
   17266   17268
   17269   17271
   17272   17274
   17275   17277
   17278   17280
   17281   17283
   17284   17286
   17287   17289
   17290   17292
   17293   17295
   17296   17298
   17299   17301
   17302   17304
   17305   17307
   17308   17310
   17311   17313
   17314   17316
   17317   17319
   17320   17322
   17323   17325
   17326   17328
   17329   17331
   17332   17334
   17335   17337
   17338   17340
   17341   17343
   17344   17346
   17347   17349
   17350   17352
   17353   17355
   17356   17358
   17359   17361
   17362   17364
   17365   17367
   17368   17370
   17371   17373
   17374   17376
   17377   17379
   17380   17382
   17383   17385
   17386   17388
   17389   17391
   17392   17394
   17395   17397
   17398   17400
   17401   17403
   17404   17406
   17407   17409
   17410   17412
   17413   17415
   17416   17418
   17419   17421
   17422   17424
   17425   17427
   17428   17430
   17431   17433
   17434   17436
   17437   17439
   17440   17442
   17443   17445
   17446   17448
   17449   17451
   17452   17454
   17455   17457
   17458   17460
   17461   17463
   17464   17466
   17467   17469
   17470   17472
   17473   17475
   17476   17478
   17479   17481
   17482   17484
   17485   17487
   17488   17490
   17491   17493
   17494   17496
   17497   17499
   17500   17502
   17503   17505
   17506   17508
   17509   17511
   17512   17514
   17515   17517
   17518   17520
   17521   17523
   17524   17526
   17527   17529
   17530   17532
   17533   17535
   17536   17538
   17539   17541
   17542   17544
   17545   17547
   17548   17550
   17551   17553
   17554   17556
   17557   17559
   17560   17562
   17563   17565
   17566   17568
   17569   17571
   17572   17574
   17575   17577
   17578   17580
   17581   17583
   17584   17586
   17587   17589
   17590   17592
   17593   17595
   17596   17598
   17599   17601
   17602   17604
   17605   17607
   17608   17610
   17611   17613
   17614   17616
   17617   17619
   17620   17622
   17623   17625
   17626   17628
   17629   17631
   17632   17634
   17635   17637
   17638   17640
   17641   17643
   17644   17646
   17647   17649
   17650   17652
   17653   17655
   17656   17658
   17659   17661
   17662   17664
   17665   17667
   17668   17670
   17671   17673
   17674   17676
   17677   17679
   17680   17682
   17683   17685
   17686   17688
   17689   17691
   17692   17694
   17695   17697
   17698   17700
   17701   17703
   17704   17706
   17707   17709
   17710   17712
   17713   17715
   17716   17718
   17719   17721
   17722   17724
   17725   17727
   17728   17730
   17731   17733
   17734   17736
   17737   17739
   17740   17742
   17743   17745
   17746   17748
   17749   17751
   17752   17754
   17755   17757
   17758   17760
   17761   17763
   17764   17766
   17767   17769
   17770   17772
   17773   17775
   17776   17778
   17779   17781
   17782   17784
   17785   17787
   17788   17790
   17791   17793
   17794   17796
   17797   17799
   17800   17802
   17803   17805
   17806   17808
   17809   17811
   17812   17814
   17815   17817
   17818   17820
   17821   17823
   17824   17826
   17827   17829
   17830   17832
   17833   17835
   17836   17838
   17839   17841
   17842   17844
   17845   17847
   17848   17850
   17851   17853
   17854   17856
   17857   17859
   17860   17862
   17863   17865
   17866   17868
   17869   17871
   17872   17874
   17875   17877
   17878   17880
   17881   17883
   17884   17886
   17887   17889
   17890   17892
   17893   17895
   17896   17898
   17899   17901
   17902   17904
   17905   17907
   17908   17910
   17911   17913
   17914   17916
   17917   17919
   17920   17922
   17923   17925
   17926   17928
   17929   17931
   17932   17934
   17935   17937
   17938   17940
   17941   17943
   17944   17946
   17947   17949
   17950   17952
   17953   17955
   17956   17958
   17959   17961
   17962   17964
   17965   17967
   17968   17970
   17971   17973
   17974   17976
   17977   17979
   17980   17982
   17983   17985
   17986   17988
   17989   17991
   17992   17994
   17995   17997
   17998   18000
   18001   18003
   18004   18006
   18007   18009
   18010   18012
   18013   18015
   18016   18018
   18019   18021
   18022   18024
   18025   18027
   18028   18030
   18031   18033
   18034   18036
   18037   18039
   18040   18042
   18043   18045
   18046   18048
   18049   18051
   18052   18054
   18055   18057
   18058   18060
   18061   18063
   18064   18066
   18067   18069
   18070   18072
   18073   18075
   18076   18078
   18079   18081
   18082   18084
   18085   18087
   18088   18090
   18091   18093
   18094   18096
   18097   18099
   18100   18102
   18103   18105
   18106   18108
   18109   18111
   18112   18114
   18115   18117
   18118   18120
   18121   18123
   18124   18126
   18127   18129
   18130   18132
   18133   18135
   18136   18138
   18139   18141
   18142   18144
   18145   18147
   18148   18150
   18151   18153
   18154   18156
   18157   18159
   18160   18162
   18163   18165
   18166   18168
   18169   18171
   18172   18174
   18175   18177
   18178   18180
   18181   18183
   18184   18186
   18187   18189
   18190   18192
   18193   18195
   18196   18198
   18199   18201
   18202   18204
   18205   18207
   18208   18210
   18211   18213
   18214   18216
   18217   18219
   18220   18222
   18223   18225
   18226   18228
   18229   18231
   18232   18234
   18235   18237
   18238   18240
   18241   18243
   18244   18246
   18247   18249
   18250   18252
   18253   18255
   18256   18258
   18259   18261
   18262   18264
   18265   18267
   18268   18270
   18271   18273
   18274   18276
   18277   18279
   18280   18282
   18283   18285
   18286   18288
   18289   18291
   18292   18294
   18295   18297
   18298   18300
   18301   18303
   18304   18306
   18307   18309
   18310   18312
   18313   18315
   18316   18318
   18319   18321
   18322   18324
   18325   18327
   18328   18330
   18331   18333
   18334   18336
   18337   18339
   18340   18342
   18343   18345
   18346   18348
   18349   18351
   18352   18354
   18355   18357
   18358   18360
   18361   18363
   18364   18366
   18367   18369
   18370   18372
   18373   18375
   18376   18378
   18379   18381
   18382   18384
   18385   18387
   18388   18390
   18391   18393
   18394   18396
   18397   18399
   18400   18402
   18403   18405
   18406   18408
   18409   18411
   18412   18414
   18415   18417
   18418   18420
   18421   18423
   18424   18426
   18427   18429
   18430   18432
   18433   18435
   18436   18438
   18439   18441
   18442   18444
   18445   18447
   18448   18450
   18451   18453
   18454   18456
   18457   18459
   18460   18462
   18463   18465
   18466   18468
   18469   18471
   18472   18474
   18475   18477
   18478   18480
   18481   18483
   18484   18486
   18487   18489
   18490   18492
   18493   18495
   18496   18498
   18499   18501
   18502   18504
   18505   18507
   18508   18510
   18511   18513
   18514   18516
   18517   18519
   18520   18522
   18523   18525
   18526   18528
   18529   18531
   18532   18534
   18535   18537
   18538   18540
   18541   18543
   18544   18546
   18547   18549
   18550   18552
   18553   18555
   18556   18558
   18559   18561
   18562   18564
   18565   18567
   18568   18570
   18571   18573
   18574   18576
   18577   18579
   18580   18582
   18583   18585
   18586   18588
   18589   18591
   18592   18594
   18595   18597
   18598   18600
   18601   18603
   18604   18606
   18607   18609
   18610   18612
   18613   18615
   18616   18618
   18619   18621
   18622   18624
   18625   18627
   18628   18630
   18631   18633
   18634   18636
   18637   18639
   18640   18642
   18643   18645
   18646   18648
   18649   18651
   18652   18654
   18655   18657
   18658   18660
   18661   18663
   18664   18666
   18667   18669
   18670   18672
   18673   18675
   18676   18678
   18679   18681
   18682   18684
   18685   18687
   18688   18690
   18691   18693
   18694   18696
   18697   18699
   18700   18702
   18703   18705
   18706   18708
   18709   18711
   18712   18714
   18715   18717
   18718   18720
   18721   18723
   18724   18726
   18727   18729
   18730   18732
   18733   18735
   18736   18738
   18739   18741
   18742   18744
   18745   18747
   18748   18750
   18751   18753
   18754   18756
   18757   18759
   18760   18762
   18763   18765
   18766   18768
   18769   18771
   18772   18774
   18775   18777
   18778   18780
   18781   18783
   18784   18786
   18787   18789
   18790   18792
   18793   18795
   18796   18798
   18799   18801
   18802   18804
   18805   18807
   18808   18810
   18811   18813
   18814   18816
   18817   18819
   18820   18822
   18823   18825
   18826   18828
   18829   18831
   18832   18834
   18835   18837
   18838   18840
   18841   18843
   18844   18846
   18847   18849
   18850   18852
   18853   18855
   18856   18858
   18859   18861
   18862   18864
   18865   18867
   18868   18870
   18871   18873
   18874   18876
   18877   18879
   18880   18882
   18883   18885
   18886   18888
   18889   18891
   18892   18894
   18895   18897
   18898   18900
   18901   18903
   18904   18906
   18907   18909
   18910   18912
   18913   18915
   18916   18918
   18919   18921
   18922   18924
   18925   18927
   18928   18930
   18931   18933
   18934   18936
   18937   18939
   18940   18942
   18943   18945
   18946   18948
   18949   18951
   18952   18954
   18955   18957
   18958   18960
   18961   18963
   18964   18966
   18967   18969
   18970   18972
   18973   18975
   18976   18978
   18979   18981
   18982   18984
   18985   18987
   18988   18990
   18991   18993
   18994   18996
   18997   18999
   19000   19002
   19003   19005
   19006   19008
   19009   19011
   19012   19014
   19015   19017
   19018   19020
   19021   19023
   19024   19026
   19027   19029
   19030   19032
   19033   19035
   19036   19038
   19039   19041
   19042   19044
   19045   19047
   19048   19050
   19051   19053
   19054   19056
   19057   19059
   19060   19062
   19063   19065
   19066   19068
   19069   19071
   19072   19074
   19075   19077
   19078   19080
   19081   19083
   19084   19086
   19087   19089
   19090   19092
   19093   19095
   19096   19098
   19099   19101
   19102   19104
   19105   19107
   19108   19110
   19111   19113
   19114   19116
   19117   19119
   19120   19122
   19123   19125
   19126   19128
   19129   19131
   19132   19134
   19135   19137
   19138   19140
   19141   19143
   19144   19146
   19147   19149
   19150   19152
   19153   19155
   19156   19158
   19159   19161
   19162   19164
   19165   19167
   19168   19170
   19171   19173
   19174   19176
   19177   19179
   19180   19182
   19183   19185
   19186   19188
   19189   19191
   19192   19194
   19195   19197
   19198   19200
   19201   19203
   19204   19206
   19207   19209
   19210   19212
   19213   19215
   19216   19218
   19219   19221
   19222   19224
   19225   19227
   19228   19230
   19231   19233
   19234   19236
   19237   19239
   19240   19242
   19243   19245
   19246   19248
   19249   19251
   19252   19254
   19255   19257
   19258   19260
   19261   19263
   19264   19266
   19267   19269
   19270   19272
   19273   19275
   19276   19278
   19279   19281
   19282   19284
   19285   19287
   19288   19290
   19291   19293
   19294   19296
   19297   19299
   19300   19302
   19303   19305
   19306   19308
   19309   19311
   19312   19314
   19315   19317
   19318   19320
   19321   19323
   19324   19326
   19327   19329
   19330   19332
   19333   19335
   19336   19338
   19339   19341
   19342   19344
   19345   19347
   19348   19350
   19351   19353
   19354   19356
   19357   19359
   19360   19362
   19363   19365
   19366   19368
   19369   19371
   19372   19374
   19375   19377
   19378   19380
   19381   19383
   19384   19386
   19387   19389
   19390   19392
   19393   19395
   19396   19398
   19399   19401
   19402   19404
   19405   19407
   19408   19410
   19411   19413
   19414   19416
   19417   19419
   19420   19422
   19423   19425
   19426   19428
   19429   19431
   19432   19434
   19435   19437
   19438   19440
   19441   19443
   19444   19446
   19447   19449
   19450   19452
   19453   19455
   19456   19458
   19459   19461
   19462   19464
   19465   19467
   19468   19470
   19471   19473
   19474   19476
   19477   19479
   19480   19482
   19483   19485
   19486   19488
   19489   19491
   19492   19494
   19495   19497
   19498   19500
   19501   19503
   19504   19506
   19507   19509
   19510   19512
   19513   19515
   19516   19518
   19519   19521
   19522   19524
   19525   19527
   19528   19530
   19531   19533
   19534   19536
   19537   19539
   19540   19542
   19543   19545
   19546   19548
   19549   19551
   19552   19554
   19555   19557
   19558   19560
   19561   19563
   19564   19566
   19567   19569
   19570   19572
   19573   19575
   19576   19578
   19579   19581
   19582   19584
   19585   19587
   19588   19590
   19591   19593
   19594   19596
   19597   19599
   19600   19602
   19603   19605
   19606   19608
   19609   19611
   19612   19614
   19615   19617
   19618   19620
   19621   19623
   19624   19626
   19627   19629
   19630   19632
   19633   19635
   19636   19638
   19639   19641
   19642   19644
   19645   19647
   19648   19650
   19651   19653
   19654   19656
   19657   19659
   19660   19662
   19663   19665
   19666   19668
   19669   19671
   19672   19674
   19675   19677
   19678   19680
   19681   19683
   19684   19686
   19687   19689
   19690   19692
   19693   19695
   19696   19698
   19699   19701
   19702   19704
   19705   19707
   19708   19710
   19711   19713
   19714   19716
   19717   19719
   19720   19722
   19723   19725
   19726   19728
   19729   19731
   19732   19734
   19735   19737
   19738   19740
   19741   19743
   19744   19746
   19747   19749
   19750   19752
   19753   19755
   19756   19758
   19759   19761
   19762   19764
   19765   19767
   19768   19770
   19771   19773
   19774   19776
   19777   19779
   19780   19782
   19783   19785
   19786   19788
   19789   19791
   19792   19794
   19795   19797
   19798   19800
   19801   19803
   19804   19806
   19807   19809
   19810   19812
   19813   19815
   19816   19818
   19819   19821
   19822   19824
   19825   19827
   19828   19830
   19831   19833
   19834   19836
   19837   19839
   19840   19842
   19843   19845
   19846   19848
   19849   19851
   19852   19854
   19855   19857
   19858   19860
   19861   19863
   19864   19866
   19867   19869
   19870   19872
   19873   19875
   19876   19878
   19879   19881
   19882   19884
   19885   19887
   19888   19890
   19891   19893
   19894   19896
   19897   19899
   19900   19902
   19903   19905
   19906   19908
   19909   19911
   19912   19914
   19915   19917
   19918   19920
   19921   19923
   19924   19926
   19927   19929
   19930   19932
   19933   19935
   19936   19938
   19939   19941
   19942   19944
   19945   19947
   19948   19950
   19951   19953
   19954   19956
   19957   19959
   19960   19962
   19963   19965
   19966   19968
   19969   19971
   19972   19974
   19975   19977
   19978   19980
   19981   19983
   19984   19986
   19987   19989
   19990   19992
   19993   19995
   19996   19998
   19999   20001
   20002   20004
   20005   20007
   20008   20010
   20011   20013
   20014   20016
   20017   20019
   20020   20022
   20023   20025
   20026   20028
   20029   20031
   20032   20034
   20035   20037
   20038   20040
   20041   20043
   20044   20046
   20047   20049
   20050   20052
   20053   20055
   20056   20058
   20059   20061
   20062   20064
   20065   20067
   20068   20070
   20071   20073
   20074   20076
   20077   20079
   20080   20082
   20083   20085
   20086   20088
   20089   20091
   20092   20094
   20095   20097
   20098   20100
   20101   20103
   20104   20106
   20107   20109
   20110   20112
   20113   20115
   20116   20118
   20119   20121
   20122   20124
   20125   20127
   20128   20130
   20131   20133
   20134   20136
   20137   20139
   20140   20142
   20143   20145
   20146   20148
   20149   20151
   20152   20154
   20155   20157
   20158   20160
   20161   20163
   20164   20166
   20167   20169
   20170   20172
   20173   20175
   20176   20178
   20179   20181
   20182   20184
   20185   20187
   20188   20190
   20191   20193
   20194   20196
   20197   20199
   20200   20202
   20203   20205
   20206   20208
   20209   20211
   20212   20214
   20215   20217
   20218   20220
   20221   20223
   20224   20226
   20227   20229
   20230   20232
   20233   20235
   20236   20238
   20239   20241
   20242   20244
   20245   20247
   20248   20250
   20251   20253
   20254   20256
   20257   20259
   20260   20262
   20263   20265
   20266   20268
   20269   20271
   20272   20274
   20275   20277
   20278   20280
   20281   20283
   20284   20286
   20287   20289
   20290   20292
   20293   20295
   20296   20298
   20299   20301
   20302   20304
   20305   20307
   20308   20310
   20311   20313
   20314   20316
   20317   20319
   20320   20322
   20323   20325
   20326   20328
   20329   20331
   20332   20334
   20335   20337
   20338   20340
   20341   20343
   20344   20346
   20347   20349
   20350   20352
   20353   20355
   20356   20358
   20359   20361
   20362   20364
   20365   20367
   20368   20370
   20371   20373
   20374   20376
   20377   20379
   20380   20382
   20383   20385
   20386   20388
   20389   20391
   20392   20394
   20395   20397
   20398   20400
   20401   20403
   20404   20406
   20407   20409
   20410   20412
   20413   20415
   20416   20418
   20419   20421
   20422   20424
   20425   20427
   20428   20430
   20431   20433
   20434   20436
   20437   20439
   20440   20442
   20443   20445
   20446   20448
   20449   20451
   20452   20454
   20455   20457
   20458   20460
   20461   20463
   20464   20466
   20467   20469
   20470   20472
   20473   20475
   20476   20478
   20479   20481
   20482   20484
   20485   20487
   20488   20490
   20491   20493
   20494   20496
   20497   20499
   20500   20502
   20503   20505
   20506   20508
   20509   20511
   20512   20514
   20515   20517
   20518   20520
   20521   20523
   20524   20526
   20527   20529
   20530   20532
   20533   20535
   20536   20538
   20539   20541
   20542   20544
   20545   20547
   20548   20550
   20551   20553
   20554   20556
   20557   20559
   20560   20562
   20563   20565
   20566   20568
   20569   20571
   20572   20574
   20575   20577
   20578   20580
   20581   20583
   20584   20586
   20587   20589
   20590   20592
   20593   20595
   20596   20598
   20599   20601
   20602   20604
   20605   20607
   20608   20610
   20611   20613
   20614   20616
   20617   20619
   20620   20622
   20623   20625
   20626   20628
   20629   20631
   20632   20634
   20635   20637
   20638   20640
   20641   20643
   20644   20646
   20647   20649
   20650   20652
   20653   20655
   20656   20658
   20659   20661
   20662   20664
   20665   20667
   20668   20670
   20671   20673
   20674   20676
   20677   20679
   20680   20682
   20683   20685
   20686   20688
   20689   20691
   20692   20694
   20695   20697
   20698   20700
   20701   20703
   20704   20706
   20707   20709
   20710   20712
   20713   20715
   20716   20718
   20719   20721
   20722   20724
   20725   20727
   20728   20730
   20731   20733
   20734   20736
   20737   20739
   20740   20742
   20743   20745
   20746   20748
   20749   20751
   20752   20754
   20755   20757
   20758   20760
   20761   20763
   20764   20766
   20767   20769
   20770   20772
   20773   20775
   20776   20778
   20779   20781
   20782   20784
   20785   20787
   20788   20790
   20791   20793
   20794   20796
   20797   20799
   20800   20802
   20803   20805
   20806   20808
   20809   20811
   20812   20814
   20815   20817
   20818   20820
   20821   20823
   20824   20826
   20827   20829
   20830   20832
   20833   20835
   20836   20838
   20839   20841
   20842   20844
   20845   20847
   20848   20850
   20851   20853
   20854   20856
   20857   20859
   20860   20862
   20863   20865
   20866   20868
   20869   20871
   20872   20874
   20875   20877
   20878   20880
   20881   20883
   20884   20886
   20887   20889
   20890   20892
   20893   20895
   20896   20898
   20899   20901
   20902   20904
   20905   20907
   20908   20910
   20911   20913
   20914   20916
   20917   20919
   20920   20922
   20923   20925
   20926   20928
   20929   20931
   20932   20934
   20935   20937
   20938   20940
   20941   20943
   20944   20946
   20947   20949
   20950   20952
   20953   20955
   20956   20958
   20959   20961
   20962   20964
   20965   20967
   20968   20970
   20971   20973
   20974   20976
   20977   20979
   20980   20982
   20983   20985
   20986   20988
   20989   20991
   20992   20994
   20995   20997
   20998   21000
   21001   21003
   21004   21006
   21007   21009
   21010   21012
   21013   21015
   21016   21018
   21019   21021
   21022   21024
   21025   21027
   21028   21030
   21031   21033
   21034   21036
   21037   21039
   21040   21042
   21043   21045
   21046   21048
   21049   21051
   21052   21054
   21055   21057
   21058   21060
   21061   21063
   21064   21066
   21067   21069
   21070   21072
   21073   21075
   21076   21078
   21079   21081
   21082   21084
   21085   21087
   21088   21090
   21091   21093
   21094   21096
   21097   21099
   21100   21102
   21103   21105
   21106   21108
   21109   21111
   21112   21114
   21115   21117
   21118   21120
   21121   21123
   21124   21126
   21127   21129
   21130   21132
   21133   21135
   21136   21138
   21139   21141
   21142   21144
   21145   21147
   21148   21150
   21151   21153
   21154   21156
   21157   21159
   21160   21162
   21163   21165
   21166   21168
   21169   21171
   21172   21174
   21175   21177
   21178   21180
   21181   21183
   21184   21186
   21187   21189
   21190   21192
   21193   21195
   21196   21198
   21199   21201
   21202   21204
   21205   21207
   21208   21210
   21211   21213
   21214   21216
   21217   21219
   21220   21222
   21223   21225
   21226   21228
   21229   21231
   21232   21234
   21235   21237
   21238   21240
   21241   21243
   21244   21246
   21247   21249
   21250   21252
   21253   21255
   21256   21258
   21259   21261
   21262   21264
   21265   21267
   21268   21270
   21271   21273
   21274   21276
   21277   21279
   21280   21282
   21283   21285
   21286   21288
   21289   21291
   21292   21294
   21295   21297
   21298   21300
   21301   21303
   21304   21306
   21307   21309
   21310   21312
   21313   21315
   21316   21318
   21319   21321
   21322   21324
   21325   21327
   21328   21330
   21331   21333
   21334   21336
   21337   21339
   21340   21342
   21343   21345
   21346   21348
   21349   21351
   21352   21354
   21355   21357
   21358   21360
   21361   21363
   21364   21366
   21367   21369
   21370   21372
   21373   21375
   21376   21378
   21379   21381
   21382   21384
   21385   21387
   21388   21390
   21391   21393
   21394   21396
   21397   21399
   21400   21402
   21403   21405
   21406   21408
   21409   21411
   21412   21414
   21415   21417
   21418   21420
   21421   21423
   21424   21426
   21427   21429
   21430   21432
   21433   21435
   21436   21438
   21439   21441
   21442   21444
   21445   21447
   21448   21450
   21451   21453
   21454   21456
   21457   21459
   21460   21462
   21463   21465
   21466   21468
   21469   21471
   21472   21474
   21475   21477
   21478   21480
   21481   21483
   21484   21486
   21487   21489
   21490   21492
   21493   21495
   21496   21498
   21499   21501
   21502   21504
   21505   21507
   21508   21510
   21511   21513
   21514   21516
   21517   21519
   21520   21522
   21523   21525
   21526   21528
   21529   21531
   21532   21534
   21535   21537
   21538   21540
   21541   21543
   21544   21546
   21547   21549
   21550   21552
   21553   21555
   21556   21558
   21559   21561
   21562   21564
   21565   21567
   21568   21570
   21571   21573
   21574   21576
   21577   21579
   21580   21582
   21583   21585
   21586   21588
   21589   21591
   21592   21594
   21595   21597
   21598   21600
   21601   21603
   21604   21606
   21607   21609
   21610   21612
   21613   21615
   21616   21618
   21619   21621
   21622   21624
   21625   21627
   21628   21630
   21631   21633
   21634   21636
   21637   21639
   21640   21642
   21643   21645
   21646   21648
   21649   21651
   21652   21654
   21655   21657
   21658   21660
   21661   21663
   21664   21666
   21667   21669
   21670   21672
   21673   21675
   21676   21678
   21679   21681
   21682   21684
   21685   21687
   21688   21690
   21691   21693
   21694   21696
   21697   21699
   21700   21702
   21703   21705
   21706   21708
   21709   21711
   21712   21714
   21715   21717
   21718   21720
   21721   21723
   21724   21726
   21727   21729
   21730   21732
   21733   21735
   21736   21738
   21739   21741
   21742   21744
   21745   21747
   21748   21750
   21751   21753
   21754   21756
   21757   21759
   21760   21762
   21763   21765
   21766   21768
   21769   21771
   21772   21774
   21775   21777
   21778   21780
   21781   21783
   21784   21786
   21787   21789
   21790   21792
   21793   21795
   21796   21798
   21799   21801
   21802   21804
   21805   21807
   21808   21810
   21811   21813
   21814   21816
   21817   21819
   21820   21822
   21823   21825
   21826   21828
   21829   21831
   21832   21834
   21835   21837
   21838   21840
   21841   21843
   21844   21846
   21847   21849
   21850   21852
   21853   21855
   21856   21858
   21859   21861
   21862   21864
   21865   21867
   21868   21870
   21871   21873
   21874   21876
   21877   21879
   21880   21882
   21883   21885
   21886   21888
   21889   21891
   21892   21894
   21895   21897
   21898   21900
   21901   21903
   21904   21906
   21907   21909
   21910   21912
   21913   21915
   21916   21918
   21919   21921
   21922   21924
   21925   21927
   21928   21930
   21931   21933
   21934   21936
   21937   21939
   21940   21942
   21943   21945
   21946   21948
   21949   21951
   21952   21954
   21955   21957
   21958   21960
   21961   21963
   21964   21966
   21967   21969
   21970   21972
   21973   21975
   21976   21978
   21979   21981
   21982   21984
   21985   21987
   21988   21990
   21991   21993
   21994   21996
   21997   21999
   22000   22002
   22003   22005
   22006   22008
   22009   22011
   22012   22014
   22015   22017
   22018   22020
   22021   22023
   22024   22026
   22027   22029
   22030   22032
   22033   22035
   22036   22038
   22039   22041
   22042   22044
   22045   22047
   22048   22050
   22051   22053
   22054   22056
   22057   22059
   22060   22062
   22063   22065
   22066   22068
   22069   22071
   22072   22074
   22075   22077
   22078   22080
   22081   22083
   22084   22086
   22087   22089
   22090   22092
   22093   22095
   22096   22098
   22099   22101
   22102   22104
   22105   22107
   22108   22110
   22111   22113
   22114   22116
   22117   22119
   22120   22122
   22123   22125
   22126   22128
   22129   22131
   22132   22134
   22135   22137
   22138   22140
   22141   22143
   22144   22146
   22147   22149
   22150   22152
   22153   22155
   22156   22158
   22159   22161
   22162   22164
   22165   22167
   22168   22170
   22171   22173
   22174   22176
   22177   22179
   22180   22182
   22183   22185
   22186   22188
   22189   22191
   22192   22194
   22195   22197
   22198   22200
   22201   22203
   22204   22206
   22207   22209
   22210   22212
   22213   22215
   22216   22218
   22219   22221
   22222   22224
   22225   22227
   22228   22230
   22231   22233
   22234   22236
   22237   22239
   22240   22242
   22243   22245
   22246   22248
   22249   22251
   22252   22254
   22255   22257
   22258   22260
   22261   22263
   22264   22266

T_VECTOR =
     411    1156     819     787    1029     982     414    1147     828     857
     861     712     748     995     994     407     801     800    1025    1179
     995     836    1147     414     995    1182    1025     957    1022     751
     994    1178     748     900    1176     758     797    1203     996       2
    1188      46     798    1127     955     969    1204     673     698    1169
    1133     982    1133     787     712    1111     857     673    1129     969
     963    1129     673     673    1184     963     819    1156     784     751
    1122     957     758    1176     834     955    1127     953     929    1186
     932     574     883     571    1006    1201    1043     826    1120     387
     782    1149     999    1111    1170     857     373     824     421    1043
    1154    1006     757    1170    1111     396     860     823     728     965
     964     800     902     407     826    1149     782     996    1203     397
     571     883     570      49     824     373      45    1188       2     419
     825     391      51     419     391     728    1159     965     698     930
     663     797     996     799     701    1192     991     803    1001    1000
     781    1158     987      53     804     415     804     822     415    1133
    1169     787     812    1102    1083    1029    1105     982     803    1002
    1001     860    1210     823     827    1120     826    1103    1153     545
     833    1158     781     817     830     417     796    1102     812     991
    1179     701     780    1077     993     930    1186     929     985    1177
     752     822    1228     710     752    1202     985     893    1234     794
     858    1132     829     710    1228     763    1184    1208     963     407
     820     801     963    1208     964     698     931     930     108     954
     107     993    1192     780     829    1132     498     698    1133     931
     855    1086     545     417    1185     817    1112    1145     399     752
    1122     751    1126    1151     882      63     832     385     392    1125
     821     892     893     794     663     930     700     666    1105    1029
     545    1153     855      64     832      63     854    1086     855     752
    1177    1122     689    1205    1180     405    1234     893     821    1181
     392    1167    1183     973     998    1160     790     580    1216    1189
     954    1215     107     817    1185     400     892    1162     866    1180
    1205     879     405    1200     831     574    1126     883    1189    1216
     927     831    1234     405    1107    1117     848     400    1236     817
     819    1136     411     710     823     822     730    1066     894     805
     807     395     854    1117     491     491    1086     854     818    1161
     412     829    1135     760     811    1181     821     971    1204     969
     700     930     929     812    1145    1112     725    1038    1003     671
    1151    1126     593    1204     971     894    1162     892      48     824
      49      50     419      51     803    1003    1002      52     804      53
     811    1206    1181    1101    1236     890     602    1183    1167     383
    1206     811     902    1160     418      47     805     395     812    1112
     383     800    1160     902     820    1217     393    1063    1153    1103
     412    1219     818     859    1132     858     790    1219     998     836
    1170     757     387    1149     826     807    1140     395     971    1209
     593     932    1186     410     894    1066     658     824    1212     421
     647     851     651    1083    1145     812     491    1117    1107     730
     894     794     399    1145     884     391    1174     804     498    1135
     829    1135    1212     760     833    1196     393     849     850     654
     991    1192     993     701    1179    1025     755    1143    1119     811
    1241     383     850     851     654    1003    1038     681     725    1003
     803     393    1196     820     848    1117     850     849     886     845
    1000    1233     803     996     997     799     890    1236     400    1141
    1160     998     759    1115     844     842    1121    1113     449     915
     483     975    1105     666     651     851     677    1063    1132     859
     483     915     914     488     846     844      70     902      69     488
     847     846     654     886     849     393    1158     833     654     851
     647     841    1106     842      35     893      36     889    1110     874
     456     888     459       3    1198      67     757    1199     836     459
     888     872     870    1114     869     842    1106    1047     883    1126
     882     447     915     449     890    1172    1101     460     903     484
     850     852     851     844    1115     488    1113    1121     480      36
     893     867     483     914     869    1071    1072     544    1071    1091
     837     846     849     845     809    1201    1004     521     843     523
     748    1182     995      43     835     414     903     904     484    1043
    1201     809      66     860     396      69     902     418     407     902
      70     544    1091    1071     835     836     414    1072    1097     544
     677    1118     653     873     911     904    1163    1164     691     405
     893      35     731    1110     889     805     828     807      36     867
      37     649    1109    1081     453     888     456     873     904     903
     912     913     630     869    1114     483     872     903     459    1119
    1143     485     377     866     865     459     903     460     518    1060
     837     441     847     443     521    1059     843     882     898     881
     911    1096     913     567     841     838     881     898     398     911
     913     912     443     847     488      54    1198       3     377     865
     864     820    1139     801      67     860      66     912    1092     908
     523     843     567     383    1112      98     868     875     682     843
    1106     841     772     875     868     838     863     567     706     858
     829     406     861     856     377     864      38     908    1092    1081
     873    1096     911    1060    1095     732     504    1057     429     406
     856      40     785    1164    1163      43     414      44     710     763
     688     706     760     709     388     835      42      38     864      39
     678     858     706     904     911     906     917    1099     934      37
     867     377     911     912     906      46    1188     805     688     889
     874     852    1117     854      66     396      65     567     843     841
     398     919     881     853    1118     677     688     874     564     856
     861     857     837    1091     518     851     852     677     706     709
     680     915    1115     759     863     885     556     847     848     846
     429    1057     427    1081    1109     908      41     856     388      41
     388      42     518    1095    1060     856     857     388     955    1194
     397      42     835      43     687     710     688     678     706     680
     556     885     562     934    1099     910     886     887     845     679
     858     678     548     863     556     653     660     659     660     678
     661     687     688     564     852     853     677     505    1085     511
     876     877     378     564     874     546      95     876     378     567
     863     548     875    1094     682     706     829     760     904     905
     484     454    1085     505     922    1076     921     630    1092     912
     854     855     853     651     653     652     715     887     656     546
    1057     504     761     863     838     660     679     678     906     912
     908     876     884     877      63     385      62     679     859     858
      39     864     406     656     887     641     682    1094     606     651
     677     653     761     885     863     741     837     739     901    1054
     635      93     919     398     837    1060     739     562     885     572
     690    1033     939      39     406      40     377     867     866     763
     889     688     852     854     853     653     659     652     647     651
     650     878     919     378     899     925     924      60     900     390
     678     680     661     838     839     762     660     661     659     741
    1071     837     497    1076     922     645     886     654     841     842
     839     740     741     739     399     884     876     845     887     715
     761     762     755     742     749     741     399     876      96     888
    1114     870     939    1033     750     881     919     878     645     647
     646      40     856      41     641     887     643    1046    1048    1047
     839     840     762     645     654     647     665     755     746     764
    1054     901     598     896     895     844     846     845     935    1019
     766      95     378      94      97     399      96      99     383      98
     476    1007     481     467    1019     935     794     894     892     850
    1117     852     897     924      91     896    1065    1042     895    1012
     598     406     862     861     643     886     645     380     981     980
     861    1225     712     651     652     650     761     838     762     918
    1042     486     572     665     664      58     890     400     951    1012
     895     899     924     897      61     900      60     838     841     839
     643     645     644     877     878     378     736     739     734     665
     746     664     759     844     715     665     761     755     621     933
     649     500    1012     951     647     650     646     643     887     886
     640     641     639     486    1041     918     914     915     759     496
    1014     891    1019    1040     766     766    1040     891      87     932
     410     877     879     878     398     898     897     641     643     642
      86     983      85     690     937     936      96     876      95     380
     980     979     598    1007     896     844     845     715     874    1057
     546     640     656     641     848     850     849     690     936     577
     867     892     866      93     398      92     933     934     649     713
     715     656      60     390      59     917     934     933     713     759
     715     690     939     937     390     890      59     719     922     921
      84     979      83     523     567     548     474    1007     476     500
     951     942    1014    1032     945    1041    1100    1099     637     640
     639     398     897      92    1042    1065     486     713     914     759
    1090    1094     875     575    1033     690     620     933     621     648
     901     633     481    1007     598     635    1054     637     913    1096
     648     648    1087     901      88     932      87     633     901     635
     596     920     718     904     906     905     848     849     846     637
     639     638     645     646     644     441    1107     847     920     921
     718     719     921     920     981     982     980     378     919      94
     620     940     916     925     927     926     891    1040     496     868
    1098     772     631     913     648     635     637     636     942    1024
     500     880     883     882     410     983      86     102     923     392
     736     740     739     380     979      84     496    1032    1014     633
     635     634     916     933     620     754    1053     495     630     631
     629     631     648     633      85     983     380     572     664     573
     562     572     571     943    1024     942     657     713     656     597
     920     596     924     925     381     643     644     642     740     742
     741     409     978     974     630     913     631     786     868     682
     607     682     606     631     633     632      83     979     978     553
     943     591     526     943     553      58     400      57     769     940
     655     577     936     579     641     642     639     974     978     976
     627     630     629     746     783     750      89     928      88    1005
    1006     376     605     606     604     879     880     878     572     885
     665     934    1109     649     625     627     626      59     890      58
     916     940     769     928     932      88     898     899     897     921
     935     718     102     392     101     380     983     981     627     629
     628     742     753     749     972     977     409     112     997     111
     891    1014     949     401     923     103     946    1009     948     607
     786     682     605     607     606     579     936     691     944    1014
     945      91     924      90     606     719     604     948    1009     686
     718     935     766     579     691     581     869     914     716      92
     897      91     686    1010     948     617     940     620     620     621
     619     575     690     577     716     914     713     655     940     615
     734    1060     732     596     718     717     409     974     972     921
    1076     935     926     929     928     623     625     624     617     620
     619     592     949     944     603     605     604     614     941     767
     771     918     917     611     941     614     603     604     597     621
     649     623     770     771     769     718     766     717     614     655
     615     717     949     594     103     923     102     771     917     916
     104     401     103    1004    1005      31     970     971     969     596
     717     594     593     594     592     768     769     655     925     926
     381     891     949     717     768     770     769     614     615     613
     615     617     616     944     945     541     592     944     551     631
     632     629     111     997     996     379     977     968     595     596
     594     386     997     112     686    1013    1010     968     969     967
     538    1008     534     617     619     618     968     970     969     508
     950     503     968     977     972     621     623     622     615     940
     617     960     965     384    1001    1002     375     529     945     527
     541     945     529     542    1009     946     941     942     767     591
     943     941    1043    1050     672     604     920     597     635     636
     634     379     968     967     611     614     613     551     944     541
     962     963     961     767     768     655     404    1004      30      30
    1004      31     872     888     870     936     938     691     895     896
     770     503     950     501     765     869     716     526    1024     943
     640     657     656     946     947     683     946     948     947     979
     980     976     917     933     916     534    1008     532     591     941
     611     585     592     551     994     995     990     696     754     495
     777     778     600     771     916     769     379     967     966     972
     973     970     974     975     973     611     613     612     670    1035
    1016     963     964     961     559     946     683     984     985     403
     408     962     961     991     993     992      90     924     381     989
     994     990     726     775     684     591     611     610     593     595
     594      56     417      55     729    1050    1043     595     597     596
     992     993     382     621     622     619     585     593     592     594
     949     592      32    1005     376      31    1005      32     379     966
      79     949    1014     944     408     961     960     637     638     636
     615     616     613     990     991     413     625     626     624     614
     767     655     402     958     957     627     628     626     542     946
     559     559     683     588     402     957     956     600     950     508
     409     977      81      80     977     379     768     895     770     978
     979     976     989     990     413      81     977      80     117     992
     382     966     967     962     403    1000      25      25    1000      26
      82     978     409     387     959      19     389     994     989    1016
    1035     773      27    1001     375     961     965     960      79     966
      78     684    1008     538     778     950     600    1000    1001      26
     617     618     616     633     634     632     118     992     117     611
     612     610      83     978      82      19     959      20     384     987
      75      75     987      74     942     951     767     749    1072    1071
     416     953     952     771    1042     918     553     591     590     714
     827     826      16     999      17     394     999      16     416     954
     953     509     546     504     111     996     110     110     996     397
     601     777     600     968     972     970     124     998     123     123
     998     412     945    1032     527     954     955     953      26    1001
      27     549     600     508     778    1028     950     766     891     717
     116     988     115     120     989     119     115     988     411     119
     989     413     389     989     120     416     952      14     402     956
      21     374     984      23     375     986      28     110     397     109
     113     386     112     115     411     114     117     382     116     119
     413     118     121     389     120     123     412     122     382     988
     116      15     952     394      22     956     374      24     984     403
      29     986     404      69     418      68      71     407      70      73
     393      72      76     384      75      78     408      77      80     379
      79      82     409      81      85     380      84      87     410      86
      90     381      89      13     416      14      14     952      15      15
     394      16      18     387      19      20     402      21      21     956
      22      22     374      23      23     984      24      24     403      25
      27     375      28      28     986      29      29     404      30      32
     376      33      34     405      35      37     377      38      76     960
     384     408     960      77      77     960      76     937     938     936
     800     801     789     481     598     487     991     992     413     896
    1042     770     722     748     747     714    1016     827     402     959
     958     775    1008     684     408     966     962      20     959     402
     413     992     118     565     684     538     964     965     961     531
     686     533     591     610     590     972     974     973     719     920
     604     685     726     684     535     542     540     727     728     726
      78     966     408     560     670     669     704     798     797     381
     928      89     782     806     708     974     976     975     549     601
     600     670     714     708     788     789     723     542     559     558
     704     705     662     941     943     942     537     541     529     714
     826     782     623     624     622     535    1009     542     588     779
     693     790     800     789     797     799     705     559     588     587
     668     774     711     801    1021     789     714     782     708     602
     603     597     670     708     669     550     551     541     616    1027
     613     502     526     506     704     797     705     788     790     789
     767     951     768     560     669     662     669     704     662     560
     662     554     507     508     503     747     818     788     723    1021
     721     539     720     566     612     752     751     524     549     508
     747     788     723     526     553     552     722     747     723     525
     560     554     721    1021     724     492     500     499     668     676
     601     493     494     489     584     585     551     542     558     540
     704    1011     798     553     590     589     711     784     676     536
     538     534     549     668     601     565     685     684     589     773
     552     686    1009     533     806    1011     708     722     723     721
     720     722     721     779     780     693     693     701     587     721
     724     566     588     693     587     559     587     558     668     711
     676     668    1018     774     539     565     538     558     563     540
     711     819     784     539     566     565     598    1012     487     525
     554     524     708    1011     669     743     833     781     535     540
     536     536     539     538     685     727     726     669    1011     704
     531    1013     686     526     552     506     507     524     508     553
     589     552     720     721     566     590     703     589     507     525
     524     685     743     727     533     535     534     537     550     541
     670    1016     714     743     781     727     535     536     534     528
     531     530     774    1015     711     533    1009     535      94     919
      93     789    1021     723     722    1031     748     502     506     503
     476     481     478     622    1038     619     612     751     610     492
    1012     500     506     507     503     502     503     501     563    1031
    1017    1017    1031     720     499     502     501     531     533     532
     929     932     928     479    1013     528     707    1027     616     549
    1018     668     775    1037    1008     499     501     493     524    1018
     549     768     951     895     610    1022     590     550     584     551
     711    1015     819     479     527     477     533     534     532     502
    1024     526     906     907     905     492     499     493     550     586
     584     618     725     707     554    1018     524     528     530     529
     492     493     489     539    1017     720     584     673     585    1016
    1044     827     595     602     597    1013    1026    1010     528     529
     527     536    1017     539     487     492     489     470     486     472
     540    1017     536     590    1022     703     530     537     529     724
    1020     566     657     716     713     476     478     477     481     487
     482     472     474     473     500    1024     499     563    1017     540
     479     528     527     566    1020     565     474     476     475     705
    1030     662     487     489     482     612    1027     752     560    1035
     670     613    1027     612     531     532     530     603     666     605
     701    1025     587     478     479     477    1018    1030     774     565
    1020     685     558    1025     563     773    1023     552     475     496
     473     481     482     478     587    1025     558     725     803     802
     528    1013     531     552    1023     506     499    1024     502     773
    1035    1023     724    1036    1020     685    1020     743     487    1012
     492     507    1023     525     751    1022     610     506    1023     507
     476     477     475     554    1030    1018    1023    1035     525     466
     469     468     474     475     473     493    1028     494    1020    1036
     743     950    1028     501     618     707     616     922    1094    1090
     799    1039     705     501    1028     493     725     802     707    1049
    1051     586     472     473     471     662    1030     554     473    1040
     471     470     471     468     907     909     905     607     787     786
     681    1038     622     470     472     471     469     470     468     926
     928     381     720    1031     722     705    1039    1030     468    1019
     467     632    1050     629     482    1026     478     478    1026     479
     628     729     702     479    1026    1013     572     573     571     675
     732     569     729     809     808     948    1058     947     525    1035
     560     619    1038     618     532    1037     530     471    1040    1019
     589    1044     773     773    1044    1016    1008    1037     532     743
    1036     833     765     870     869    1030    1039     774     624     681
     622     471    1019     468     527    1032     477     530    1037     537
     906     908     907     466     468     467     470    1041     486     775
    1049    1037     770    1042     771     728    1051     726     696     785
     754     475    1032     496     618    1038     725     477    1032     475
     465     497     463     774    1039    1015     469    1041     470     732
    1095     569     808     810     702     746     750     664     605    1029
     607     775    1051    1049     496    1040     473     550    1049     586
     907     910     909     703    1044     589     666    1029     605     642
    1066     639     867     893     892     494    1052     489     460     484
     462     729     808     702     583     697     663     466     467     465
     628     702     626     464     466     465    1037    1049     537     729
    1043     809     665     885     761     905    1074     484     607    1029
     787     537    1049     550     456     459     458     880     882     881
     672    1050     632     464     465     463     482    1052    1026     452
     543     450     581     583     582    1058    1064     947     599     776
     772     460     461     458    1007    1065     896     873     903     872
     462     464     463     626    1045     624     457     495     455     448
    1068     490     697     698     663     629    1050     628     511    1085
    1046     676    1079    1075     460     462     461    1026    1052    1010
     624    1045     681     726    1051     775     638     730     692     459
     460     458     462     463     461     810    1045     702     599     696
     495     628    1050     729     776     875     772     489    1052     482
     871     872     870     634     672     632     764     765     716     702
    1045     626     494    1058    1052     472    1065     474     474    1065
    1007     579     581     580     583     663     582     599     772     696
     573    1033     575     778    1064    1028     513     608     515     730
     794     792     648    1096    1087     871     873     872     834    1128
     753     657     764     716     739    1060     734     637    1054     640
     765     871     870     457     599     495     792     793     692     733
     734     732     814     816     738     778    1070    1064     581     582
     580     663     700     582     450    1068     448     880     881     878
     456     458     457     577     579     578     517     521     520     792
     831     793     575     577     576    1010    1058     948     573     575
     574     638     692     636    1046    1047     608     513    1046     608
     649    1081     623    1052    1058    1010     588    1073     779     993
    1077     382     452    1053     543     664    1033     573     448     490
     446     456     457     455     449     483     451     453     456     455
     899    1108     925     730     792     692     676    1075     601     453
     455     452     562     571     570     451     453     452     918    1099
     917     495    1053     455     578     671     576     461    1055     458
     579     580     578    1064    1070     947     814     830     817     901
    1087     764     639    1066     638     494    1064    1058     511    1046
     513     599    1055     776     548     556     555     556     562     561
     497    1069     463     658    1066     642    1028    1064     494     486
    1065     472     749    1071     741     606    1094     719     461    1069
    1055     640    1054     657     577     578     576     557     564     546
     735     736     734     451     452     450     777    1070     778     575
     576     574     935    1076     467     523     548     547     458    1055
     457     636    1056     634     814     817     816     627    1092     630
     457    1055     599     638    1066     730     573     574     571    1055
    1069     776     777    1073    1070     650     699     646     455    1053
     452     467    1076     465     521     523     522     657    1054     764
     659     712     652     449     451     450     462    1074     464     675
     733     732     909    1074     905     634    1056     672     442     485
     440     543    1068     450     737     815     813    1075    1079     779
     644     658     642     793    1056     692     449     450     448     447
     449     448    1073    1075     779     562     570     561     692    1056
     636     750    1033     664     447     448     446     947    1070     683
     556     561     555     784    1079     676    1074    1093     464     433
     545     435     443     488     445    1070    1073     683     561     689
     555     666    1167     975     445     447     446     548     555     547
     517    1059     521     683    1073     588     463    1069     461     469
    1100    1041     758     834     753     764    1087     765     733     735
     734     601    1075     777     813     814     738     864     865     862
     523     547     522     445     446     444     382    1077     988     484
    1074     462     466    1093     469      49     373      50     779    1079
     780     744     796     745     465    1076     497     608    1059     515
     521     522     520     646    1061     644     733     737     735     623
    1081     625     680     757     661     736     756     740     547     667
     522     811     821     745     437     491     439     433    1103     545
     406     864     862     443     445     444    1046    1085    1048     517
     520     519     674     675     569     426     428     427     568     744
     674     777    1075    1073     737     813     738     737     738     735
     515     517     516     568     569     519     443     444     442     909
    1093    1074     776    1090     875     436     480     434     796     811
     745     509     557     546     441     443     442    1081    1092     625
     428     430     429     441     442     440     742     758     753     513
     515     514     816    1080     738     424     426     425     515    1059
     517     424    1034     426     699    1061     646     652    1067     650
     644    1061     658     650    1067     699     772    1098     696     520
     568     519     609     687     564     439     441     440     922    1090
     497     765    1087     871     744     745     674     735    1080     736
     517     519     516     568     674     569     428     431     430     515
     516     514     516     518     514     439     440     438     910    1109
     934     675    1084     733     505     511     510     737    1084     815
     426    1062     428     625    1092     627     982    1105     980     513
     514     512     719    1094     922     511     513     512     791     795
     694     689    1082     555     712    1067     652     736    1080     756
    1082    1083     667     497    1090    1069     555    1082     547     545
    1086     435    1059    1106     843     464    1093     466     522    1078
     520    1099    1100     910     437     439     438     430     454     429
     512     544     510    1087    1096     871     738    1080     735     874
    1110    1057     437     438     436     547    1082     667    1069    1090
     776     733    1084     737     871    1096     873     520    1078     568
     842    1113     839     428     429     427     426     427     425     435
     437     436     667    1078     522     568    1078     744     454     504
     429     435     436     434     505     510     509     821    1088     745
     511     512     510     425     731     423     674    1088     675     437
    1086     491     373     419      50     454     505     504     675    1088
    1084     373     420     419     557     609     564     740    1089     742
     696    1098     785     433     435     434     756    1089     740     609
     695     694     505     509     504     745    1088     674     609     694
     687     433     434     432     976    1105     975     422     498     424
     742    1089     758    1047    1121     842     569    1095     519    1034
    1062     426     431     432     430     907    1109     910     373     421
     420     435    1086     437     695     791     694     424     425     423
     431     433     432     667    1102    1078     514    1091     512     447
    1115     915     519    1095     516     516    1095     518      51     391
      52     608    1106    1059    1078    1102     744     518    1091     514
      98    1112      97     428    1062     431     512    1091     544    1093
    1100     469     910    1100     909      47     395      48     791     832
     795     395     824      48    1041    1099     918     847    1107     848
     744    1102     796     544    1097     510    1034    1063    1062     422
     424     423     510    1097     509     498    1034     424     453    1114
     888     509    1097     557     421     422     420     439    1107     441
     422     423     420     659    1111     712    1083    1102     667    1080
    1101     756     909    1100    1093     653    1118     660     816    1101
    1080     430    1104     454     451    1114     453     454    1104    1085
     757    1111     661      46     805      47     755    1119     746     831
    1200     376    1085    1104    1048    1057    1110     427     980    1105
     976     823    1207     396    1047    1106     608    1123    1124     695
     925    1108     927     427    1110     425     391     804      52     908
    1109     907      53     415      54     445    1115     447     432    1104
     430     491    1107     439     387    1120     959     661    1111     659
     431    1103     433     859    1153    1063      97    1112     399     425
    1110     731     853    1130    1118      64    1171     832     480    1116
     434     710    1144     823    1063    1103    1062    1062    1103     431
     839    1113     840     480    1121    1116     105    1166    1134     957
    1122     956     830    1166     417     483    1114     451    1104    1116
    1048     832    1223     385     883    1232     570     753    1124     749
     432    1116    1104     488    1115     445     855    1130     853    1174
    1228     804     681    1131    1003    1011    1127     798     576    1126
     574     969    1129     967     962    1129     963     660    1118     679
     609    1123     695     434    1116     432     882    1151     898     998
    1219     412     746    1119     783    1137    1142     840    1003    1131
    1002     959    1120     958    1072    1123    1097    1097    1123     557
    1045    1131     681    1116    1121    1048    1072    1124    1123     485
    1143    1142     105    1134     104     113    1136     386     411    1136
     114    1084    1125     815    1113    1137     840     821    1125    1088
    1048    1121    1047     899    1151    1108    1146    1148     783    1034
    1132    1063     801    1139    1021     724    1139    1036     125    1141
     124     490    1150    1148     939    1152     937     812    1241     796
     436    1137     480     834    1176     385     762    1143     755     485
    1142     440     383    1241     812     687    1144     710     956    1122
     374     937    1155     938    1152    1155     937     689    1138    1082
     422    1135     498     785    1165    1164     758    1213     900    1155
    1157     938    1108    1151     671    1118    1130     679     557    1123
     609     480    1137    1113     442    1146     485     795    1144     694
    1119    1146     783    1098    1165     785     490    1148     446     999
    1149      17      18    1149     387     835    1170     836     793    1231
    1154     750    1150     939     754    1163    1157     857    1170     388
     957    1226    1022     396    1171      65    1134    1166     830     749
    1124    1072     672    1154    1043     825    1235     731     988    1156
     411     987    1158      74      73    1158     393     754    1157    1053
     727    1159     728     753    1128    1124    1004    1227     809     671
    1126     576     412    1161     122     121    1161     389     793    1154
    1056     806    1127    1011    1088    1125    1084    1036    1196     833
     691    1164     581    1147    1224     807     967    1129     962     419
    1235     825     679    1130     859     485    1146    1119     407    1217
     820     695    1128     791     810    1131    1045     603    1167     666
     498    1132    1034     828    1221     414     929    1239     700     709
    1224    1147     375    1173     986     385    1176      62     104    1134
     401     756    1172    1089    1150    1152     939     390    1172     890
     785    1163     754      61    1176     900     114    1136     113     421
    1135     422    1142    1143     840     975    1167     973     984    1177
     985     438    1137     436     748    1178     747    1082    1138    1083
     786    1168     868     699    1175    1061     990    1179     991     392
    1181     101     787    1169     786     786    1169    1168     825    1174
     391     763    1229     889    1021    1139     724     438    1142    1137
    1031    1182     748    1025    1182     563     973    1183     970     124
    1141     998     400    1185      57     584    1184     673      56    1185
     417     440    1142     438    1124    1128     695     395    1140     824
     955    1203     798     840    1143     762    1154    1231    1006     389
    1238     994    1148    1150     783     964    1208     728     807    1224
    1140     397    1203     955     578    1189     671     444    1146     442
     694    1144     687     780    1192     693     814    1190     830     444
    1148    1146    1122    1177     374     397    1194     109    1044    1193
     827     671    1189    1108     446    1148     444     877    1180     879
     828    1147     807    1162    1175     866     415    1210    1198     396
    1207    1171      17    1149      18     783    1150     750     985    1202
     802      99    1206     383      34    1200     405     376    1200      33
    1004    1201    1005     898    1151     899    1027    1202     752     802
    1202     707     585    1204     593    1068    1152     490     832    1171
     795     728    1208    1051     953    1211     952    1157    1163     938
     561    1205     689     866    1175     865     803    1233     802    1068
    1155    1152     965    1242     384     802    1233     985     107    1215
       1       1    1215      13       5    1214     125      68    1214       5
     416    1215     954    1056    1154     672     393    1217      72      71
    1217     407     658    1162     894     582    1216     580     818    1219
     788     827    1193    1120     543    1155    1068     376    1231     831
     543    1157    1155     985    1233     403     817    1236     816    1053
    1157     543      74    1158      73     792    1234     831     781    1159
     727    1077    1156     988     784    1220    1079     790    1160     800
     410    1191     983     490    1152    1150     122    1161     121    1198
    1210     860     731    1235     423     938    1163     691     868    1168
    1098     884    1145    1138     420    1235     419    1061    1162     658
     581    1164     583      55    1218       4       4    1218     106    1164
    1165     583     583    1165     697     931    1186     930    1131    1173
    1002     106    1166     105    1173    1195     986     791    1223     832
     680    1199     757     830    1190    1134      44    1221      45    1138
    1145    1083    1067    1197     699     388    1170     835    1174    1229
     763     981    1240     982     602    1167     603    1127    1211     953
     834    1223    1128    1168    1169     697     697    1169     698     997
    1187     799     799    1187    1039    1130    1153     859     994    1238
    1178      65    1171      64     385    1223     834    1108    1189     927
    1002    1173     375     855    1153    1130    1101    1172     756     699
    1197    1175     986    1195     404     884    1180     877    1039    1187
    1015    1159    1242     965     810    1173    1131      62    1176      61
     418    1160    1141    1067    1225    1197     374    1177     984     982
    1240    1133     747    1178     818    1120    1193     958    1140    1212
     824    1156    1220     784     995    1179     990    1187    1230    1015
     101    1181     100     595    1209     602     563    1182    1031     796
    1241     811     731    1229     825     689    1180    1138     970    1183
     971     586    1184     584     760    1212    1140    1171    1207     795
     822    1210     415    1089    1213     758     926    1239     929      57
    1185      56     804    1228     822    1195    1227     404    1098    1168
    1165    1193    1226     958    1172    1213    1089     880    1232     883
     108    1194     954    1138    1180     884     999    1237     782     386
    1187     997     805    1188     828     386    1230    1187    1165    1168
     697     983    1191     981     810    1195    1173      67    1198     860
     806    1237    1211     806    1211    1127     580    1189     578     823
    1210     822    1181    1206     100    1186    1191     410     712    1225
    1067     586    1208    1184      45    1221    1188     987    1242     781
    1190    1222     401    1061    1175    1162     693    1192     701     813
    1190     814     709    1199     680    1134    1190     401     836    1199
    1147     593    1209     595     703    1193    1044     954    1194     955
     109    1194     108    1139    1196    1036     808    1195     810     404
    1227    1004     958    1226     957     865    1197     862    1175    1197
     865    1006    1231     376     415    1198      54      33    1200      34
     782    1237     806     813    1222    1190    1005    1201    1006     707
    1202    1027     798    1203     797    1222    1243     923     703    1226
    1193     673    1204     585     401    1222     923     125    1214    1141
     100    1206      99     808    1227    1195     570    1205     561    1197
    1225     862     795    1207    1144    1051    1208     586     414    1221
      44     602    1209    1183     952    1211     394     760    1224     709
     390    1213    1172     815    1243    1222     900    1213     390     417
    1218      55      13    1215     416     418    1214      68     879    1232
     880      72    1217      71     700    1216     582     820    1196    1139
     788    1219     790    1211    1237     394    1147    1199     709     780
    1220    1077    1079    1220     780     862    1225     861     815    1222
     813    1022    1226     703    1015    1230     819     889    1229     731
     809    1227     808    1144    1207     823     927    1239     926    1161
    1238     389    1136    1230     386     923    1243     392     831    1231
     793     403    1233    1000     794    1234     792     394    1237     999
     384    1242     987     423    1235     420     421    1212    1135    1141
    1214     418     816    1236    1101    1166    1218     417     781    1242
    1159    1125    1243     815    1128    1223     791     931    1191    1186
    1140    1224     760     819    1230    1136     392    1243    1125     763
    1228    1174    1077    1220    1156    1133    1240     931     106    1218
    1166    1183    1209     971     825    1229    1174     818    1238    1161
    1188    1221     828    1178    1238     818    1205    1232     879    1191
    1240     981     931    1240    1191     570    1232    1205    1216    1239
     927     700    1239    1216    1695    1910    1251    1285    2031    1855
    1264    1690    1688    1251    2042    1695    1855    2024    1285    1674
    1903    1840    1762    2077    1664    1683    1685    1254    1261    1979
    1859    1664    2023    1762    1265    1795    1702    1791    1792    1257
    1807    2022    1531    1254    1707    1683    1264    1995    1690    1656
    1706    1292    1665    2043    1701    1742    2022    1807    1792    1793
    1257    2038    2044    1638    1840    1903    1288    1292    1706    1244
    1838    1916    1790    1813    2052    1921    1660    1705    1291    1849
    1851    1543    1550    1913    1818    1701    2043    1263    1687    2050
     182    1272    1699    1697     182    2082    1687    1290    1660    1291
    1681    1801    1680    1859    1979    1633    1824    2058    1971    1274
    2014    1764    1855    2031    1627    1921    2052    1549     188    1763
     187    1697    1704    1272    2018    2040    1847    1269    2044    2038
    1617    1986    1734    1971    2058    1440    1262    2004    1694    1279
    2039    1703    1801    2051    1680    1679    1948    1842    1427    1835
    1437    1280    2034    1879    1688    2073    1264    1663    2023    1664
    1543    2018    1849    1265    2056    1795    1795    1925    1702    1685
    1720    1254    1293    1705    1296    1694    2054    1262    1471    1835
    1427    1794    1871    1533    1680    2051    1270    1696    2044      64
    1291    1705    1293    1763    2083     187    1663    2057    2023    2014
    2077    1764    1678    1844    1622    1842    2055    1679    1673    2097
    1802    1838    2015    1916    2038    2060    1269    1794    1925    1795
    1726    1883    1731    1270    2097    1680    1703    1744    1279    1261
    2090    1979    1290    1291    1244    1257    1967    1791    1734    1986
    1693    1263    1660    1290    1597    2040    2018      64    2100    1696
    1683    1707    1631    1631    1707    1694    1539    1730    1728    1802
    1903    1673    1269    2060    1724    1627    1856    1855    1728    1731
    1539    1289    2024    1855    1724    2060    1286    1701    2045    1665
     177    1720     176    1840    2087    1674    1790    2091    1838    1913
    2105    1818    1764    2077    1762    1792    1871    1794    2025    2043
    1711    1818    2011    1550    1795    2056    1793    1760    2014    1274
    1703    2039    1635    1707    2054    1694     130    1290    1244    1244
    1706     131    1272    2013    1699     133    1682     134    1622    1844
    1629    1263    1290     129     132    1706    1267     128    1701    1263
    1731    1883    1716    1705    1710    1296    2029    2034     210    1286
    1701     127    1737    1859    1633    1726    1731    1728    1533    1925
    1794    1719    2103    1714    1879    2034    1667    1792    1794    1793
    1802    2097    1270    2056    2094    1793    1690    1995    1692    1709
    1980    1464    1734    2037    1617    1645    2035    2006    1705    2025
    1710    1799    2030    2001     176    1720    1283    1254    1720     177
    1286    2071    1724    2010    2016    1893    1710    2025    1586    1675
    2057    1663    1638    2044    1696    1879    2106    1280    1531    1999
    1463    1715    2103    1989    1835    2033    1437    1464    1980    1723
    1769    2005    2001    1997    2021    1751    1249    2085    1704    1463
    1996    1464    1573    2005    1769    1656    2070    1706    1991    2017
    1644    1760    2073    2014    1463    1999    1996    1988    2008    1754
    1849    2018    1847    1660    2043    2025    1464    1723    1461    1980
    2012    1585    1673    1903    1674    1281    2111    2042    1675    2090
    2057      67    2071       3    1464    1996    1709    1461    1723    1459
    1633    2046    1737    1291    1292    1244    1648    1951    1947     135
    1717     136    1459    1723    1721    1459    1721    1458    1702    2076
    1265    1917    2009    1538    1682    2069     134    1667    2034    2029
    1707    2107    2054    1284    1712     137    1637    1722    1721    2042
    2111    1695    1794    1795    1793    1679    2055    1678    1284    1713
    1712    1586    1711    1527    1710    2016    2010    1851    2095    1543
    1742    1807    1806    1531    2022    1999    1637    1951    1722    1995
    2065    1692    1741    1806    1245    1359    2008    1988    1947    1951
    1637    2006    2035    1538    1284    1714    1713    1269    1724      66
    1439    1970    1732    1742    1806    1741    2001    2030    1769    1704
    2080    1249       3    2071     126     141    1958    1245    1730    2099
    1641    1576    1665    1662    1592    1951    1648    1318    2017    1991
    1732    1970    1650    1362    2021    1997    1713    1883    1712    1538
    2009    2006     136    1284     137     138    1712    1260      66    1724
      67    1718    1748    1446     136    1717    1284    1748    1965    1557
    1527    1711    1576    1714    1715    1713    1718    1978    1592    1260
    1883    1726    1721    1722    1458    1764    2066    1274      65    1269
      66    1738    1937    1689    1709    2012    1980    1716    1883    1713
    1245    1958    1741      62    1737    1256    1514    1753    1512     138
    1260     139    1576    1711    1665     137    1712     138    1436    1937
    1738    1500    1586    1527    1260    1726    1725    1260    1725     139
    1706    2070    1267    1908    1963    1785    1916    1964    1789      61
    1859    1737    1646    1754    1753    1989    2078    1715    1733    1734
    1255    1249    1736    1735     195    1733    1255    1249    1735     198
    1739    1753    1514    1718    1965    1748    1747    1931    1746    1759
    1929    1757    1512    1753    1571    1498    1500    1499      62    1256
      63    1606    1929    1759    1517    1739    1514    1576    1662    1624
    1712    1883    1260    1752    1759    1757    1527    1576    1532    1320
    1749    1317    1826    1831    1829    1809    1813    1811    1751    1900
    1750    1284    1717    1714    1271    1733     196     197    1735    1271
    1526    1969    1777    1317    1749    1315    1446    1981    1978    1620
    1900    1751    1520    1739    1517    1439    1732    1548    1829    1882
    1826      61    1737      62    1500    1527    1501    1828    1882    1829
    1462    1463    1461    1463    1464    1461    1728    1730    1729    1615
    1747    1746    1752    1757    1756    1726    1728    1727    1809    1811
    1810     195    1255     194     197    1271     196     199    1249     198
     146    1810    1246     203    1744    1252    1754    1755    1571    1811
    1814    1812    1447    1901    1877    1810    1811    1246    1273    1743
      58     139    1725     140    1377    1746    1375    1806    1807    1804
    1560    1959    1944    1691    1738    1689    1585    1649    1497    1460
    1461    1459    1403    1756    1401    1561    1922    1887    1564    1963
    1908    1328    1767    1325    1547    1964    1916    1446    1748    1415
    1560    1887    1740    1689    1937    1579    1614    1644    1566     201
    1272     200    1401    1756    1600    1502    1746    1377    1445    1459
    1458    1753    1754    1571    1368    1498    1373    1446    1978    1718
    1497    1749    1320    1615    1746    1502    1504    1772    1615    1325
    1767    1323    1300    1893    1302    1644    1646    1566     196    1733
     195     198    1735     197    1939    1941    1569    1530    1566    1520
     145    1810     146    1803    1804    1275     151    1827    1247    1368
    1893    1498      59    1261      60    1247    1827    1822    1445    1458
    1443      59    1743    1261    1415    1748    1411    1525    1750    1523
    1813    1814    1811    1504    1615    1502    1771    1888    1770    1287
    1762    1761     203    1252     202    1804    1805    1275    1490    1773
    1493    1444    1445    1443    1756    1757    1600    1877    1901    1604
    1530    1614    1566    1649    1953    1749    1745    1773    1491    1279
    1744     204    1649    1749    1497    1447    1877    1780    1600    1898
    1399    1250    1766    1765    1607    1888    1771    1750    1900    1523
    1812    1816    1815    1592    1978    1951    1407    1756    1403    1618
    1751    1750    1592    1648    1496    1247    1882    1828     144    1808
     145    1442    1443    1431    1568    1777    1642    1264    1760     191
    1803    1806    1804    1370    1875    1758    1811    1812    1246    1411
    1557    1409    1555    1946    1654    1493    1773    1542    1836    1838
    1248    1496    1767    1328    1557    1965    1759    1536    1750    1525
    1411    1748    1557    1572    1618    1536    1431    1446    1415    1780
    1857    1447    1646    1988    1754    1414    1415    1411    1245    1806
    1803    1627    2002    1856     150    1827     151    1491    1773    1490
    1460    1462    1461    1757    1870    1600    1690    1691    1689    1726
    1727    1725    1692    1693    1691    1618    1750    1536     204    1744
     203    1556    1585    1497    1410    1411    1409    1755    1905    1571
    1816    1818    1817     149    1897     150    1287    1761      56    1808
    1810     145    1797    1904    1858     205    1279     204    1588    1645
    1616    1887    1922    1740      57    1273      58     156    1860    1248
    1572    1621    1618    1430    1431    1415    1605    1799    1486    1566
    1739    1520    1758    1875    1647    1248    1860    1836    1250    1765
     206    1590    1858    1775    1408    1409    1407      57    1761    1273
    1409    1752    1407      58    1743      59    1417    1896    1605    1770
    1888    1495    1822    1882    1247    1572    1768    1621    1648    1767
    1496    1684    1894    1784     205    1765    1279    1466    1887    1560
    1588    1745    1645    1590    1775    1774    1445    1460    1459     192
    1264     191    1542    1588    1584    1557    1759    1752    1812    1815
    1246    1423    1976    1973     140    1958     141    1462    1531    1463
    1526    1777    1568     190    1760    1274    1815    1816    1276    1818
    1819    1817    1688    1689    1579    1287    1763    1762    1752    1756
    1407    1805    1809    1808    1529    1770    1495    1413    1857    1428
    1611    1941    1939    1357    1497    1320    1858    1904    1562    1588
    1616    1584    1784    1894    1441    1763    1764    1762    1590    1774
    1388    1870    1898    1600    1447    1857    1413    1302    1893    1368
    1653    1771    1770    1821    1824    1823    1405    1407    1403    1816
    1817    1276    1246    1815     147    1410    1414    1411    1829    1831
    1830     191    1760     190    1442    1444    1443     154    1876     155
     190    1274     189    1388    1774    1390    1831    1835    1832    1780
    1781    1779    1512    1571    1510    1652    1653    1553     155    1860
     156    1401    1600    1399    1783    1867    1467    1521    1530    1520
    1944    1959    1654    1646    1753    1739    1580    1923    1698    1758
    1884    1370    1589    1857    1780    1776    1796    1450    1589    1780
    1779    1452    1776    1450    1589    1779    1778    1557    1752    1409
    1553    1770    1529    1672    1867    1783    1519    1520    1517    1417
    1605    1486    1828    1829    1277    1473    1589    1563     147    1815
     148    1537    1572    1536    1653    1770    1553    1829    1830    1277
    1542    1773    1588    1393    1561    1433    1535    1536    1525    1483
    1785    1651    1796    1875    1872    1591    1592    1496    1831    1832
    1830    1824    1825    1823    1651    1758    1647    1398    1796    1396
    1408    1410    1409    1774    1775    1561    1852    1853    1283    1480
    1496    1328    1386    1797    1590    1367    1798    1372     150    1897
    1827    1483    1647    1481    1450    1796    1398    1620    1661    1614
    1483    1651    1647    1390    1774    1393      56    1761      57    1384
    1798    1797    1872    1875    1370    1589    1778    1563    1466    1560
    1546     148    1815    1276    1554    1652    1553    1850    1851    1849
    1414    1430    1415    1747    1949    1931    1372    1798    1384    1721
    1723    1636    1486    1799    1488    1781    1782    1779    1648    1928
    1767    1481    1776    1452    1393    1774    1561    1253    1842    1841
    1647    1875    1776      55    1287      56    1684    1784    1686    1248
    1838    1837    1416    1878    1602    1563    1778    1608    1498    1499
    1373    1405    1408    1407    1848    1850    1849    1283    1853     175
    1552    1553    1529    1848    1849    1847    1623    1946    1679     206
    1765     205    1384    1797    1386    1428    1857    1473    1647    1776
    1481    1386    1590    1388    1482    1483    1481    1843    1844    1282
    1393    1433    1432    1488    1799    1491     175    1853     174    1484
    1785    1483    1258    1848    1847    1672    1783    1681    1728    1729
    1727    1488    1491    1490    1390    1393    1392    1258    1847    1846
      60    1859      61    1454    1481    1452    1397    1861    1448    1855
    1856    1854    1832    1834    1833    1416    1602    1469    1573    1768
    1572     172    1846    1845    1289    1855    1854    1355    1864    1361
    1788    1789    1786     172    1845     171     171    1845    1266     155
    1876    1860    1854    1856    1268     220    1801    1259     221    1801
     220     223    1802    1270     224    1802     223     173    1846     172
    1258    1846     173    1433    1466    1465    1858    1915    1775    1563
    1608    1564    1473    1563    1474    1848    1852    1850    1542    1584
    1583    1632    1684    1683    1493    1542    1541    1258    1853    1848
     170    1840     169     185    1854     184     169    1840    1288     184
    1854    1268     169    1288     168     171    1266     170     174    1258
     173     176    1283     175     178    1254     177     181    1262     180
     184    1268     183     186    1289     185    1289    1854     185    1266
    1840     170    1245    1803     142    1247    1828     152    1248    1837
     157    1265    1839     164    1253    1841     215    1282    1800     217
    1259    1843     219     143    1803    1275     153    1828    1277     158
    1837    1278     165    1839    1285     207    1250     206     209    1280
     208     212    1251     211     214    1281     213     216    1253     215
     218    1282     217     220    1259     219     223    1270     222     141
    1245     142     142    1803     143     143    1275     144     146    1246
     147     148    1276     149     151    1247     152     152    1828     153
     153    1277     154     156    1248     157     157    1837     158     158
    1278     159     160    1257     161     163    1265     164     164    1839
     165     165    1285     166     214    1841    1281     216    1800    1253
     218    1843    1282     215    1841     214     217    1800     216     219
    1843     218     174    1853    1258    1848    1853    1852    1559    1632
    1631    1595    1672    1671    1454    1482    1481    1819    1821    1820
    1546    1623    1622    1393    1432    1392    1552    1554    1553    1448
    1861    1559    1797    1858    1590    1684    1686    1685    1428    1473
    1472    1449    1450    1398    1867    1868    1467    1372    1384    1383
    1473    1857    1589    1593    1868    1867    1482    1484    1483    1672
    1681    1680    1433    1465    1432    1623    1679    1678    1361    1864
    1367    1484    1786    1785    1672    1680    1671    1466    1546    1545
    1275    1808     144    1629    1895    1886    1367    1864    1798    1568
    1642    1640    1595    1867    1672    1276    1897     149    1578    1598
    1478    1429    1593    1544    1796    1872    1396    1470    1599    1577
    1595    1671    1596    1788    1790    1789    1593    1595    1594    1673
    1674    1596    1578    1627    1626    1277    1876     154    1559    1861
    1632    1406    1901    1447    1626    1702    1598    1595    1596    1594
    1384    1386    1385    1632    1683    1631    1451    1452    1450    1594
    1597    1544    1671    1673    1596    1578    1626    1598    1430    1442
    1431    1832    1833    1830    1684    1685    1683    1593    1594    1544
    1345    1863    1343    1291    1293    1292    1821    1823    1822    1406
    1447    1413    1563    1564    1474    1623    1678    1622    1599    1670
    1634    1453    1454    1452    1449    1451    1450    1390    1392    1391
    1834    1836    1833    1670    1687    1634    1473    1474    1472    1477
    1911    1906    1429    1543    1391    1466    1545    1465    1454    1533
    1482    1588    1773    1745    1599    1634    1577    1386    1388    1387
    1451    1470    1453    1384    1385    1383    1577    1578    1478    1787
    1792    1791    1388    1390    1389    1448    1449    1398    1429    1544
    1543    1470    1577    1478    1392    1429    1391    1465    1467    1432
    1546    1622    1545    1451    1453    1452    1361    1367    1366    1356
    1399    1340    1363    1364    1358    1390    1391    1389    1674    1862
    1596    1616    1677    1676    1470    1478    1453    1397    1398    1396
    1787    1788    1786    1432    1868    1392    1429    1868    1593    1433
    1887    1466    1448    1559    1558    1399    1898    1340    1555    1654
    1554    1596    1862    1594    1594    1862    1597    1886    1895    1783
    1367    1372    1371    1622    1629    1545    1467    1868    1432    1559
    1631    1630    1389    1477    1387    1386    1387    1385    1388    1389
    1387    1372    1383    1382    1593    1867    1595    1598    1866    1478
    1484    1787    1786    1448    1558    1449    1397    1448    1398    1382
    1396    1371    1470    1865    1599    1631    1694    1630    1580    1698
    1697    1385    1441    1383    1559    1630    1558    1454    1866    1533
    1787    1791    1788    1453    1866    1454    1449    1865    1451    1632
    1894    1684    1351    1416    1353    1776    1875    1796    1551    1552
    1529    1382    1397    1396    1836    1860    1833    1348    1349    1345
    1392    1868    1429    1367    1371    1366    1467    1886    1783    1372
    1382    1371    1478    1866    1453    1825    1826    1823    1558    1865
    1449    1416    1469    1468    1506    1772    1504    1780    1877    1781
    1451    1865    1470    1552    1555    1554    1366    1370    1363    1352
    1354    1350    1494    1495    1492    1533    1871    1482    1361    1366
    1363    1480    1591    1496    1787    1871    1792    1482    1871    1484
    1468    1562    1353    1528    1529    1495    1428    1472    1471    1469
    1609    1601    1474    1547    1472    1261    1859      60    1361    1363
    1358    1441    1894    1873    1416    1468    1353    1819    1820    1817
    1400    1401    1399    1355    1358    1354    1599    1889    1670    1355
    1361    1358    1798    1904    1797    1805    1808    1275    1469    1601
    1468    1397    1873    1861    1609    1740    1601    1646    1739    1566
    1484    1871    1787    1347    1348    1345    1349    1863    1345    1616
    1676    1584    1830    1876    1277    1441    1873    1383    1351    1353
    1352    1352    1355    1354    1383    1873    1382    1551    1881    1552
    1348    1350    1349    1342    1880    1344    1535    1537    1536    1344
    1345    1343    1427    1437    1412    1465    1886    1467    1873    1894
    1861    1542    1583    1541    1348    1351    1350    1775    1922    1561
    1351    1352    1350    1402    1403    1401    1382    1873    1397    1396
    1872    1371    1371    1872    1366    1344    1365    1347    1366    1872
    1370    1355    1874    1864    1629    1886    1545    1561    1887    1433
    1356    1400    1399    1537    1573    1572    1489    1607    1487    1404
    1405    1403    1528    1551    1529    1363    1884    1364    1833    1876
    1830    1571    1905    1510    1821    1822    1820    1339    1340    1337
    1428    1471    1427    1370    1884    1363    1552    1881    1555    1413
    1428    1427    1405    1603    1408    1860    1876    1833    1344    1347
    1345    1352    1874    1355    1353    1874    1352    1339    1342    1341
    1494    1528    1495    1336    1417    1338    1619    1695    1668    1347
    1878    1348    1528    1619    1551    1865    1889    1599    1823    1882
    1822    1558    1889    1865    1402    1406    1404    1545    1886    1465
    1342    1344    1343    1619    1668    1551    1342    1343    1341    1562
    1874    1353    1406    1413    1412    1342    1892    1880    1583    1667
    1666    1826    1882    1823    1339    1341    1340    1402    1404    1403
    1668    1881    1551    1584    1879    1583    1630    1889    1558    1690
    1692    1691    1357    1556    1497    1789    1908    1786    1404    1891
    1405    1344    1880    1365    1341    1356    1340    1413    1427    1412
    1493    1494    1492    1417    1486    1485    1906    1911    1784    1573
    1769    1768    1351    1878    1416    1400    1402    1401    1822    1827
    1820    1809    1810    1808    1902    1929    1606    1406    1412    1404
    1877    1930    1781    1348    1878    1351    1493    1541    1494    1863
    1885    1343    1781    1934    1782    1441    1906    1784    1356    1604
    1400    1490    1492    1489    1490    1493    1492    1582    1943    1932
    1330    1418    1332    1488    1490    1489    1354    1945    1942    1495
    1888    1492    1338    1339    1337    1783    1895    1681    1405    1891
    1603    1412    1891    1404    1950    1952    1778    1583    1666    1541
    1878    1899    1602    1583    1879    1667    1417    1485    1338    1410
    1440    1414    1437    1891    1412    1486    1488    1487    1488    1489
    1487    1343    1885    1341    1861    1894    1632    1489    1888    1607
    1477    1906    1387    1385    1906    1441    1562    1904    1874    1333
    1336    1335    1486    1487    1485    1874    1904    1864    1676    1879
    1584    1519    1521    1520    1339    1892    1342    1492    1888    1489
    1494    1890    1528    1365    1899    1347    1341    1885    1356    1333
    1334    1331    1335    1870    1334    1556    1636    1585    1688    1690
    1689    1347    1899    1878    1817    1897    1276    1896    1907    1605
    1677    1708    1676    1785    1963    1651    1528    1890    1619    1541
    1890    1494    1333    1335    1334    1530    1620    1614    1338    1892
    1339    1930    1934    1781    1666    1890    1541    1356    1885    1604
    1336    1338    1337    1591    1718    1592    1666    1910    1890    1336
    1337    1335    1890    1910    1619    1562    1915    1858    1476    1869
    1575    1654    1946    1944    1402    1901    1406    1485    1892    1338
    1435    1869    1476    1380    1421    1394    1329    1480    1328    1387
    1906    1385    1468    1915    1562    1445    1921    1460    1379    1502
    1377    1820    1897    1817    1336    1896    1417    1418    1907    1332
    1864    1904    1798    1534    1535    1525    1332    1896    1333    1827
    1897    1820    1786    1908    1785    1324    1362    1326    1332    1333
    1331    1421    1439    1438    1604    1901    1400    1400    1901    1402
    1915    1922    1775    1337    1898    1335    1335    1898    1870    1430
    1550    1442    1340    1898    1337    1327    1330    1329    1934    1942
    1782    1607    1912    1487    1784    1911    1686    1698    1704    1697
    1535    1538    1537    1524    1525    1523    1476    1575    1574    1327
    1328    1325    1480    1606    1591    1333    1896    1336    1524    1582
    1534    1582    1703    1635    1330    1332    1331    1619    1910    1695
    1892    1912    1880    1327    1329    1328    1503    1504    1502    1789
    1964    1908    1334    1929    1902    1575    1675    1663    1699    1700
    1581    1332    1907    1896    1330    1331    1329    1881    1948    1555
    1702    1925    1598    1439    1548    1479    1329    1902    1480    1485
    1912    1892    1521    1900    1530    1601    1915    1468    1524    1534
    1525    1790    1916    1789    1522    1523    1521    1487    1912    1485
    1582    1635    1534    1523    1900    1521    1330    1909    1418    1331
    1902    1329    1308    1420    1306    1440    1913    1414    1334    1902
    1331    1326    1909    1327    1508    1569    1515    1866    1925    1533
    1326    1327    1325    1642    1643    1640    1380    1918    1421    1516
    1580    1518    1518    1519    1517    1569    1613    1570    1740    1959
    1560    1932    1943    1700    1522    1524    1523    1607    1920    1912
    1321    1357    1320    1580    1697    1581    1480    1902    1606    1414
    1913    1430    1324    1326    1325    1519    1522    1521    1509    1510
    1507    1505    1506    1504    1319    1322    1321    1327    1909    1330
    1455    1457    1425    1771    1920    1607    1319    1320    1317    1535
    1917    1538    1314    1359    1316    1637    1721    1636    1912    1920
    1880    1601    1922    1915    1534    1917    1535    1516    1517    1514
    1530    1900    1620    1430    1913    1550    1324    1325    1323    1513
    1514    1512    1444    1921    1445    1435    1936    1869    1697    1699
    1581    1511    1540    1513    1580    1581    1518    1546    1944    1623
    1311    1914    1314    1507    1905    1506    1757    1929    1870    1556
    1637    1636    1322    1323    1321    1511    1512    1510    1663    1664
    1574    1319    1321    1320    1648    1947    1928    1322    1324    1323
    1421    1970    1439    1565    1579    1475    1516    1518    1517    1652
    1955    1954    1575    1663    1574    1652    1954    1653    1379    1503
    1502    1364    1945    1358    1653    1938    1771    1946    1948    1679
    1354    1942    1350    1628    1688    1579    1880    1920    1365    1740
    1922    1601    1635    1917    1534    1503    1505    1504    1779    1950
    1778    1513    1516    1514    1460    1921    1549    1651    1960    1758
    1942    1945    1782    1434    1436    1422    1604    1930    1877    1569
    1570    1515    1511    1513    1512    1307    1346    1309    1598    1925
    1866    1510    1905    1507    1700    1919    1581    1314    1914    1359
    1500    1501    1499    1509    1511    1510    1870    1929    1334    1617
    1669    1610    1519    1919    1522    1885    1930    1604    1518    1919
    1519    1395    1422    1381    1421    1438    1394    1570    1610    1515
    1508    1939    1569    1505    1507    1506    1505    1508    1507    1905
    1935    1506    1364    1952    1950    1565    1628    1579    1508    1515
    1509    1476    1574    1565    1318    1319    1317    1767    1928    1323
    1312    1360    1310    1460    1549    1462    1570    1617    1610    1508
    1509    1507    1469    1955    1609    1506    1935    1772    1316    1318
    1317    1920    1938    1365    1323    1928    1321    1863    1930    1885
    1581    1919    1518    1654    1956    1554    1955    1956    1609    1555
    1948    1946    1439    1479    1438    1568    1640    1639    1729    1742
    1741    1524    1943    1582    1548    1587    1479    1771    1938    1920
    1863    1934    1930    1316    1317    1315    1376    1380    1378    1321
    1928    1357     130    1244     131    1643    1709    1640    1476    1565
    1475    1516    1923    1580    1378    1379    1377    1314    1316    1315
    1919    1943    1522    1369    1931    1313    1308    1927    1420    1654
    1959    1956    1540    1923    1513    1435    1476    1475    1314    1315
    1312    1746    1931    1375    1349    1934    1863    1374    1918    1376
    1379    1611    1503    1564    1964    1474    1664    1926    1574    1526
    1568    1567    1395    1435    1434    1302    1303    1301    1700    1943
    1919    1755    1935    1905    1582    1932    1703    1395    1434    1422
    1303    1304    1301    1311    1314    1312    1513    1923    1516    1380
    1394    1381    1349    1942    1934    1715    1716    1713    1365    1938
    1899    1350    1942    1349    1560    1944    1546    1908    1964    1564
    1639    1641    1567    1278    1967     159     160    1967    1257    1376
    1377    1375    1376    1378    1377    1587    1612    1479    1944    1946
    1623    1311    1312    1310    1574    1926    1565    1556    1947    1637
    1358    1945    1354    1568    1639    1567    1511    1924    1540    1653
    1954    1938    1374    1375    1369    1309    1311    1310    1565    1926
    1628    1759    1965    1606    1435    1475    1434    1651    1963    1960
    1380    1381    1378    1302    1368    1313    1515    1924    1509    1394
    1395    1381    1509    1924    1511    1782    1950    1779    1311    1933
    1914    1522    1943    1524    1302    1313    1303    1610    1924    1515
    1357    1947    1556    1426    1526    1456    1364    1950    1945    1928
    1947    1357    1569    1941    1613    1376    1918    1380    1606    1965
    1591    1309    1310    1308    1778    1952    1608    1368    1373    1369
    1307    1309    1308    1954    1955    1602    1579    1937    1475    1368
    1369    1313    1373    1374    1369    1434    1937    1436    1346    1933
    1309    1587    1633    1612    1374    1376    1375    1973    1976    1657
    1884    1952    1364    1924    1961    1540    1360    1927    1310    1729
    1741    1727    1749    1953    1315    1307    1308    1306    1419    1423
    1298    1526    1567    1456    1602    1955    1469    1899    1954    1602
    1610    1961    1924    1938    1954    1899    1503    1939    1505    1923
    1957    1698    1652    1956    1955    1505    1939    1508    1305    1307
    1306    1315    1953    1312    1554    1956    1652    1294    1656    1292
    1422    1940    1381    1309    1933    1311    1312    1953    1360    1304
    1972    1962    1300    1302    1301    1310    1927    1308    1378    1940
    1379    1375    1931    1369    1603    1971    1408    1438    1936    1394
    1956    1959    1609    1609    1959    1740    1527    1532    1501    1303
    1305    1304    1379    1940    1611    1978    1981    1722    1475    1937
    1434    1410    1971    1440    1945    1950    1782    1419    1655    1424
    1499    1966    1373    1305    1306    1304    1395    1936    1435    1576
    1624    1532    1611    1939    1503    1722    1981    1458     129    1290
     130    1394    1936    1395    1456    1539    1455    1758    1960    1884
    1608    1963    1564    1952    1960    1608    1884    1960    1952    1381
    1940    1378    1638    1659    1625    1474    1964    1547    1540    1957
    1923    1297    1298    1295    1424    1425    1423    1725    1958     140
    1591    1965    1718    1374    1966    1918    1575    1975    1675    1426
    1455    1425     131    1706     132    1669    1961    1610    1426    1456
    1455    1313    1949    1303    1300    1301    1299    1436    1974    1422
    1650    1966    1499     159    1967     160    1297    1300    1299    1419
    1424    1423    1420    1972    1306    1960    1963    1608    1304    1962
    1301    1962    1972    1655    1303    1949    1305    1931    1949    1313
    1612    1975    1968    1458    1981    1443     134    2069       6    1424
    1426    1425    1936    1968    1869    1638    1696    1659    1714    2103
    1715    1373    1966    1374    1299    1419    1298    1501    1650    1499
    1657    1658    1656    1540    1961    1957    1612    1968    1479    1624
    1638    1625    1966    1970    1918    1297    1299    1298    1457    1976
    1425    1431    1981    1446     128    1263     129    1436    1982    1974
    1286    2045    1701    1650    1970    1966    1296    1297    1295    1727
    1958    1725    1738    1983    1982    1423    1973    1298    1438    1968
    1936    1301    1962    1299    1479    1968    1438    1723    1980    1636
    1293    1296    1295     127    1701     128    1693    1983    1691     132
    1267     133    1419    1962    1655    1982    1983    1613    1426    1969
    1526    1293    1295    1294    1968    1975    1869    1678    2108    1844
    1408    1971    1410    1935    1993    1772    1294    1657    1656    1293
    1294    1292    1804    1987    1805    1299    1962    1419    1741    1958
    1727    1624    1625    1532    1918    1970    1421    1655    1969    1424
       6    2069     135    1586    2016    1710    1772    1990    1615    1424
    1969    1426    1548    1998    1992    1613    1986    1570    1985    1990
    1346    1614    1991    1644    1710    2010    1296    1307    1985    1346
    1969    1977    1777    1306    1972    1304    1657    1989    1658    1611
    1974    1941    1940    1974    1611    1869    1975    1575    1422    1974
    1940     126    1286     127    1974    1982    1941    1650    1984    1732
    1267    1682     133    1704    2085    1272    1738    1982    1436    1585
    2012    1649     192    1995    1264    1975    1979    1675    1298    1973
    1295    1976    1989    1657    1755    2000    1935    1949    1985    1305
    1420    1977    1972    1618    1997    1751    1425    1976    1423    1443
    1981    1431    1951    1978    1722    1747    1985    1949    1636    1980
    1585    1250    2063    1708    1633    1979    1612    1935    2000    1993
    1755    2008    2000    1295    1973    1294    1267    1719    1682    1799
    2001    1491    1660    2025    1705    1420    1994    1977    1972    1977
    1655    1691    1983    1738    1625    1984    1532    1501    1984    1650
    1655    1977    1969    1578    2002    1627    1634    2002    1577    1294
    1973    1657    1625    1998    1984    1694    2004    1630    1709    1996
    1640    1941    1982    1613    1814    2011    1812    1889    2004    1670
    1645    2006    1616    1693    1986    1983    1977    1994    1777    1983
    1986    1613    1612    1979    1975    1747    1990    1985    1305    1985
    1307    1570    1986    1617    1754    2008    1755    1992    1998    1659
    1500    2016    1586    1772    1993    1990    1839    2031    1285    1807
    1987    1804    1649    2007    1953    1816    2011    1818    1893    2016
    1498     201    2013    1272    1644    1988    1646    1532    1984    1501
    1252    2013     202    1984    1998    1732    1615    1990    1747    2055
    2108    1678    1732    1998    1548    1711    2043    1665    1296    2010
    1297    1836    2015    1838    1457    1989    1976    1777    1994    1642
    1714    2109    1719    1661    1991    1614    1300    2010    1893    1544
    2018    1543    1642    2003    1643    2003    2007    1643    1359    2017
    1316    1766    2101    2009    1927    1994    1420    1548    1992    1587
    1346    1993    1933    1318    2019    1319     193    1995     192    1661
    2020    2019    1324    2020    1362    2020    2021    1362    1762    2023
    1761    1990    1993    1346    1621    1997    1618    1751    2021    1620
    1640    1996    1639     166    2024     167    1994    2003    1642    1491
    2001    1745    1362    2026    1326    1659    1998    1625    1639    1999
    1641    1996    1999    1639    2001    2005    1745    1644    2017    1988
    1933    2000    1914    1768    2027    1621    1993    2000    1933    1825
    2033    1826    1916    2015    1547     211    2029     210    1605    2030
    1799    1831    2033    1835    1577    2002    1578    1768    2028    2027
    1745    2005    1645    1630    2004    1889    1927    2003    1994    1841
    2032    1281     210    2034     209    1769    2028    1768    2000    2008
    1914    1621    2027    2026    1988    2017    1359    1360    2007    2003
    1360    2003    1927    1616    2006    1677    1737    2046    1256    1537
    2035    1573    1649    2012    2007    1766    2039    1765    1769    2030
    2028    1793    2094    1257    1708    2101    1250    1661    2019    1991
    1991    2019    1318    1953    2007    1360    1914    2008    1359    1471
    2092    1835    1812    2011    1816    1297    2010    1300    1847    2040
    1846    1687    2047    1634    1733    2037    1734     224    2041    1802
     202    2013     201    1802    2041    1903    1643    2012    1709    1997
    2026    1362    1624    2038    1638    1641    2081    1730      64    2044
      65    1254    2107    1707    1621    2026    1997    1834    2015    1836
    1498    2016    1500    1910    2079    1251     212    2042    1251    1281
    2042     213    1926    2014    1628    1731    2048    1539    2007    2012
    1643    1597    2018    1544    1316    2017    1318    1987    2052    1805
    1573    2035    2005    2005    2035    1645    1477    2095    1851    1586
    2025    1711    1319    2019    1322    1979    2090    1675    2006    2009
    1677    2019    2020    1322    1661    2021    2020    1322    2020    1324
    1716    2048    1731    1587    2046    1633    1620    2021    1661    1720
    2036    1283     182    2050     181    1549    2052    1987    1761    2023
    1273    1809    2052    1813    1285    2024     166    1283    2036    1852
     221    2051    1801    1270    2051     222    1539    2048    1455    1326
    2026    1909    1264    2073    1760    1788    2053    1790    1262    2054
     180    1271    2037    1733    2026    2027    1909    1266    2087    1840
    1909    2027    1418    2027    2028    1418    1539    2099    1730    1418
    2028    1907    2009    2068    1766    1251    2029     211    1826    2033
    1831    1253    2055    1842    1685    2036    1720    1627    2031    1626
    2028    2030    1907    1907    2030    1605    1842    2032    1841     209
    2034    1280     163    2056    1265    1821    2058    1824    1670    2112
    1687    1686    2036    1685    1255    2065     194    1903    2041    1288
    1538    2035    1537    1280    2063     208     207    2063    1250    1442
    2061    1444    1839    2076    2031    1472    2064    1471    2015    2064
    1547    1617    2037    1669    1662    2038    1624    1999    2022    1641
    1274    2066     189    1700    2062    1932    1736    2074    1735    1259
    2049    1843    1765    2039    1279    1891    2072    1603    1263    2043
    1660    1286    2060    2045    2046    2075    1256    1845    2067    1266
    1736    2080    1957    1729    2081    1742    1957    2080    1698     183
    2082     182    1989    2103    1658     199    2085    1249    1272    2085
     200      63    2100      64    1287    2083    1763     187    2083       4
       4    2083      55       7    2084     186     167    2084       7    1834
    2064    2015    1846    2040    1845     193    2065    1995    1838    2091
    1837    1835    2092    1832    1719    2070    1658    1844    2108    1282
     178    2107    1254    1257    2094     161    1543    2095    1391    1680
    2097    1671    1389    2095    1477    1676    2106    1879    1682    2109
    2069    1687    2082    2047    1667    2079    1666    1250    2101    1766
    1549    2093    1462    1641    2099    1567     225    2041     224    1668
    2096    1881    1456    2099    1539    1267    2070    1719       8    2086
     225     168    2086       8    1957    2098    1736    1961    2098    1957
      65    2044    1269    1716    2078    2048     213    2042     212    1987
    2093    1549    1271    2074    2037    1818    2105    1819    2023    2057
    1273    1844    2049    1629    1696    2075    1659    2014    2073    1628
    1665    2045    1662    1531    2093    1807    2037    2074    1669    1862
    2067    1597    1926    2077    2014    1278    2053    1967    1742    2081
    2022    1687    2112    2050    2009    2101    1677    1967    2053    1791
    1856    2047    1268    1843    2049    1844    1814    2061    2011    1252
    2062    2013    2032    2096    1668    1259    2089    2049    2029    2079
    1667    1921    2102    1813    1662    2060    2038    1255    2110    2065
    2031    2076    1626    1686    2059    2036    2036    2059    1852    1634
    2047    2002    1992    2046    1587    1629    2049    1895    1455    2048
    1457     181    2050    1262    2053    2091    1790    2002    2047    1856
    1825    2072    2033    2072    2113    1603    1280    2106    2063     222
    2051     221    2061    2102    1444    1805    2052    1809    2062    2104
    1932    1791    2053    1788    2011    2061    1550    1703    2104    1744
     180    2054     179     188    2066    1763    2013    2062    1699     135
    2069    1717    1249    2080    1736    1681    2089    1801    2048    2078
    1457    1444    2102    1921    1265    2076    1839    1597    2067    2040
    1911    2059    1686    1992    2075    2046    1800    2055    1253    1851
    2088    1477     162    2056     163    1273    2057    1743    1724    2071
      67    1719    2109    1682    1932    2104    1703    1635    2068    1917
    1819    2058    1821    1693    2110    1734    1696    2100    2075    1603
    2113    1971    1852    2059    1850    1550    2061    1442    1971    2113
    1824     208    2063     207    1699    2062    1700    1734    2110    1255
    2067    2087    1266    1547    2064    1472     194    2065     193    2049
    2089    1895    1807    2093    1987    2033    2072    1437    2069    2109
    1717    1763    2066    1764     189    2066     188    2047    2082    1268
    1766    2068    2039    1917    2068    2009    1658    2070    1656    2054
    2107     179    1437    2072    1891    1911    2088    2059    1628    2073
    1688    2064    2092    1471    1736    2098    2074    1715    2078    1716
    1735    2074    1271    2057    2090    1743     126    2071    1286    1440
    2105    1913    2059    2088    1850    1800    2108    2055     162    2094
    2056    1666    2079    1910    1801    2089    1259    1626    2076    1702
    1664    2077    1926    1730    2081    1729    1698    2080    1704    2024
    2084     167    1268    2082     183    1948    2096    1842    2039    2068
    1635    1659    2075    1992    1457    2078    1989    1278    2091    2053
    1288    2086     168     200    2085     199      55    2083    1287     186
    2084    1289    2065    2110    1692    1477    2088    1911    1674    2087
    1862    1850    2088    1851    1743    2090    1261    1895    2089    1681
    1837    2091    1278    1832    2092    1834    2022    2081    1641    1658
    2103    1719    1695    2111    1668    1462    2093    1531    1717    2109
    1714     161    2094     162    1256    2100      63    1391    2095    1389
    2063    2106    1708    1671    2097    1673    2040    2067    1845    1744
    2104    1252    1252    2104    2062    1813    2102    1814    1881    2096
    1948    1567    2099    1456    1677    2101    1708    2032    2111    1281
    2045    2060    1662     179    2107     178    1708    2106    1676    1282
    2108    1800    1814    2102    2061    1692    2110    1693    1669    2098
    1961    1824    2113    1825    2004    2112    1670    1825    2113    2072
    1251    2079    2029    1289    2084    2024    1842    2096    2032    2041
    2086    1288    2075    2100    1256    1262    2112    2004    1668    2111
    2032     225    2086    2041    1862    2087    2067    2058    2105    1440
    1834    2092    2064    2050    2112    1262    2074    2098    1669    1819
    2105    2058    2690    2706    2691    2581    2936    2120    2602    2610
    2586    2133    2590    2588    2594    2595    2118    2636    2769    2491
    2723    2892    2844    2117    2872    2598    2530    2874    2730    2131
    2860    2639    2501    2786    2699    2494    2637    2633    2154    2727
    2584    2122    2708    2603    2586    2618    2602     297    2728     296
    2584    2728    2154    2491    2770    2636    2120    2867    2581    2583
    2605    2155    2730    2874    2127    2132    2555    2160    2155    2602
    2583    2132    2858    2555    2133    2873    2590    2564    2731    2597
    2160    2161    2114    2901    2909    2570     282    2160    2114    2595
    2958    2118    2844    2892    2524    2639    2860    2522    2598    2872
    2599    2582    2936    2581    2691    2706    2145    2690    2707    2706
    2704    2828    2444    2731    2915    2597    2708    2896    2603    2118
    2596    2594    2770    2774    2343    2633    2885    2494    2401    2934
    2917    2699    2863    2501    2917    2934    2619    2865    2933    2573
    2699    2786    2568     296    2728    2123    2154    2728     297    2129
    2933    2865    2146    2905    2709    2524    2919    2844    2565    2748
    2715     305    2713     304    2146    2952    2905    2137    2909    2901
     241    2936    2906    2903    2912    2337    2140    2769    2636    2572
    2732    2569    2523    2919    2524    2724    2892    2723    2537    2886
    2871    2125    2904    2604    2559    2880    2560    2450    2770    2343
    2491    2774    2770    2714    2716    2135    2734    2955    2923    2697
    2772    2115    2598    2944    2117     305    2954    2713    2906    2936
    2582    2131    2957    2860    2444    2843    2704    2704    2895    2828
    2537    2871    2583    2588    2937    2133    2516    2899    2866    2716
    2717    2135    2559    2922    2880    2901    2928    2137    2601    2909
     268    2923    2955    2724    2732    2918    2569    2715    2907    2565
    2798    2967    2670    2494    2943    2637    2610    2938    2586    2114
    2585     283    2638    2639    2522    2137    2928    2623    2710    2977
    2952    2580    2864    2729    2669    2893    2158    2155    2610    2602
    2563    2852    2696    2623    2928    2156    2180    2626    2178    2285
    2614    2176    2576    2849    2587    2728    2894    2123    2398    2869
    2461    2230    2628    2627    2567    2864    2580    2608    2614    2285
    2555    2912    2903    2730    2979    2530    2230    2627    2626    2702
    2867    2120    2670    2900    2798     268    2971    2601    2540    2884
    2877    2883    2890    2418    2585    2982     283     281    2160     282
    2877    2884    2536    2176    2614    2174    2697    2921    2772    2604
    2904    2562    2512    2942    2727     285    2586     286     280    2600
    2132    2605    2933    2129    2590    2873    2592    2285    2611    2608
    2884    2886    2536    2461    2869    2612    2123    2894    2888    2156
    2600     279    2881    2904     258    2567    2977    2864    2536    2886
    2537    2866    2899    2593    2628    2819    2548    2651    2898    2882
    2710    2952    2146    2161    2162    2114    2522    2911    2638    2160
    2555    2161    2692    2792    2707    2696    2924    2563    2727    2948
    2512      45    2610      44    2560    2967    2798    2178    2626    2285
    2156    2935    2623    2849    2925    2587    2230    2626    2180    2603
    2946    2122    2615    2832    2621    2669    2976    2893      44    2610
    2155    2621    2832    2337    2634    2885    2633    2540    2902    2541
    2529    2861    2617    2729    2980    2580    2702    2930    2867    2118
    2624    2596    2716    2913    2717      39    2624      38    2509    2858
    2519    2701    2972    2835    2571    2922    2559    2797    2972    2150
    2327    2645    2326    2230    2819    2628    2617    2861    2223    2288
    2629    2539    2570    2909    2601    2183    2620    2229    2878    2882
    2515    2549    2628    2548    2461    2878    2515    2707    2792    2544
    2181    2620    2183    2871    2933    2605    2229    2620    2616    2692
    2707    2690    2873    2931    2592    2602    2618    2538    2596    2870
    2594    2609    2879    2614    2875    2879    2609    2534    2644    2470
    2863    2920    2525    2502    2832    2615    2501    2863    2525    2642
    2644    2534    2348    2869    2398    2539    2629    2625    2627    2890
    2883     265    2935      11    2151    2624      39    2616    2622    2229
      31    2944    2607    2615    2629    2502    2586    2938     286    2285
    2626    2611    2472    2643    2423      38    2624    2118    2418    2645
    2327    2607    2949      31    2583    2871    2605    2347    2891    2348
    2502    2629    2288    2470    2644    2549    2326    2645    2644    2604
    2965    2125    2535    2847    2622    2562    2904    2881    2150    2916
    2797    2382    2859    2646    2882    2898    2515    2630    2642    2534
    2648    2649    2382    2337    2912    2621    2727    2942    2584     283
    2982     284    2622    2768    2474    2625    2680    2539    2571    2957
    2922    2653    2809    2641    2472    2646    2643    2646    2859    2643
    2162    2585    2114    2423    2643    2534    2646    2648    2382    2641
    2809    2188    2620    2861    2529    2137    2623     266    2468    2621
    2509      11    2935     278    2451    2662    2570    2616    2768    2622
    2622    2847    2229    2299    2820    2680    2161    2163    2162    2835
    2940    2701      44    2155      43    2468    2509    2469     266    2623
     265    2509    2519    2469    2871    2886    2533    2140    2636    2635
    2140    2635     239    2535    2622    2474    2615    2621    2468     267
    2137     266    2651    2811    2589    2644    2645    2549    2468    2469
    2452    2473    2653    2640    2640    2653    2641    2680    2820    2539
    2641    2847    2535    2866    2908    2516     270    2638    2126      42
    2129      41    2382    2649    2269    2467    2468    2452    2135    2932
    2714    2314    2811    2651    2415    2625    2467    2269    2649    2265
    2649    2853    2763     239    2635     238    2534    2643    2630    2467
    2615    2468     234    2631    2124    2119    2632     237    2119    2633
    2632     271    2639    2638    2683    2855    2828    2640    2735    2473
    2415    2452    2451    2578    2801    2663    2339    2540    2416    2660
    2816    2659    2338    2339    2331    2415    2467    2452    2413    2415
    2414    2326    2644    2642    2345    2650    2419    2413    2625    2415
    2326    2642    2310    2413    2680    2625     270    2126     269    2330
    2331    2329    2339    2416    2331    2194    2654    2235    2541    2609
    2608    2286    2825    2502    2342    2650    2345    2416    2684    2331
    2685    2803    2760    2474    2768    2650    2540    2541    2416    2192
    2654    2194    2614    2879    2174    2418    2890    2645    2190    2664
    2187      40    2151      39    2632    2637    2139    2473    2735    2283
    2542    2684    2416    2425    2657    2656    2529    2617    2466    2656
    2657    2499    2649    2763    2265    2325    2327    2326    2663    2801
    2307    2310    2642    2275    2328    2329    2327    2235    2654    2652
    2139    2631     235     236    2632    2139    2625    2629    2467    2187
    2664    2184    2648    2853    2649     271    2638     270    2853    2856
    2740    2316    2413    2412    2465    2466    2420    2329    2418    2327
     238    2635    2119    2181    2861    2620    2329    2684    2418    2338
    2402    2339    2131    2639     272    2330    2338    2331    2609    2614
    2608    2226    2773    2492    2325    2326    2310     234    2124     233
     236    2139     235     238    2119     237    2492    2773    2760    2472
    2647    2646    2235    2652    2277    2557    2660    2659    2626    2627
    2611    2415    2451    2414    2419    2420    2347    2537    2538    2436
    2345    2347    2346    2141    2655     274    2633    2637    2632    2465
    2529    2466    2425    2781    2657    2452    2662    2451    2612    2878
    2461    2678    2784    2679    2292    2659    2290    2256    2781    2425
    2345    2419    2347    2654    2809    2653    2470    2548    2381    2324
    2325    2310    2275    2642    2630    2286    2502    2288    2589    2811
    2453    2342    2345    2344    2424    2474    2341    2591    2651    2589
    2119    2634    2633    2275    2630    2273    2668    2670    2669    2341
    2650    2342    2470    2549    2548    2393    2659    2292    2419    2465
    2420     272    2639     271    2222    2784    2678    2381    2664    2190
    2760    2803    2492    2328    2330    2329    2398    2461    2458    2325
    2328    2327    2322    2341    2323    2302    2758    2661    2413    2414
    2412    2484    2771    2257     235    2631     234     237    2632     236
    2557    2659    2393    2583    2602    2538    2309    2310    2275    2281
    2473    2283    2474    2650    2341     240    2140     239    2671    2802
    2493     273    2131     272    2780    2785    2661    2306    2322    2321
    2274    2275    2273     273    2655    2131    2265    2763    2261    2780
    2789    2336    2652    2653    2473    2556    2557    2393    2322    2424
    2341    2424    2535    2474    2299    2680    2316    2336    2785    2780
    2489    2693    2679    2322    2735    2424    2336    2789    2765    2277
    2652    2281    2271    2382    2269    2142    2670    2668    2272    2273
    2271    2345    2346    2344    2541    2608    2542    2424    2735    2640
    2661    2758    2526    2341    2342    2323    2322    2323    2321    2548
    2664    2381    2689    2752    2692     275    2666    2141    2693    2738
    2679    2266    2269    2265    2668    2669    2158    2331    2684    2329
    2133    2665     230    2578    2663    2579    2347    2348    2346    2358
    2738    2693    2548    2819    2664    2281    2652    2473    2692    2752
    2368    2281    2283    2282    2652    2654    2653    2270    2271    2269
    2667    2801    2578    2447    2667    2578    2150    2701    2700    2513
    2813    2300    2283    2735    2306    2461    2515    2458    2400    2689
    2687    2740    2771    2484    2679    2784    2489    2388    2667    2399
    2316    2680    2413     275    2141     274    2590    2591    2589    2592
    2593    2591    2616    2620    2529    2399    2667    2447    2455    2737
    2683    2952    2977    2567    2521    2753    2687    2447    2578    2577
    2400    2752    2689    2325    2794    2328    2681    2738    2358    2528
    2661    2526    2263    2265    2261    2683    2737    2506    2650    2768
    2419     274    2655     273    2362    2681    2359    2283    2306    2305
    2295    2820    2299    2272    2274    2273    2423    2470    2381    2142
    2668     228    2504    2852    2845    2277    2281    2279     231    2133
     230    2188    2847    2641    2237    2802    2671    2578    2579    2577
     229    2665    2142    2323    2774    2321    2256    2425    2304    2359
    2681    2358    2259    2484    2257     276    2666     275    2687    2753
    2400    2263    2266    2265    2425    2656    2505    2640    2641    2535
    2588    2589    2453    2677    2796    2678    2309    2324    2310    2227
    2381    2190    2343    2774    2323    2306    2321    2320    2743    2749
    2496    2703    2704    2121     230    2665     229    2425    2505    2304
    2266    2270    2269     229    2142     228    2274    2309    2275    2661
    2785    2302    2367    2673    2366    2366    2681    2362    2598    2599
    2528    2371    2685    2372    2254    2781    2256    2430    2480    2431
    2480    2550    2495     227    2668    2158    2673    2675    2366    2378
    2682    2380    2677    2678    2676    2527    2528    2526    2372    2685
    2375    2698    2699    2116    2375    2430    2377    2674    2677    2676
    2375    2685    2430    2342    2344    2343    2380    2682    2410    2682
    2749    2743    2479    2493    2426    2479    2671    2493    2706    2708
    2705     228    2668     227    2493    2674    2673    2410    2682    2500
    2733    2739    2481    2353    2693    2489    2674    2676    2675    2694
    2696    2695    2599    2780    2528    2525    2526    2488    2306    2735
    2322    2503    2746    2319    2302    2764    2758    2426    2673    2367
    2364    2739    2733    2145    2706    2705    2410    2500    2498    2256
    2304    2303    2687    2689    2688     227    2158     226    2722    2724
    2723    2675    2681    2366    2335    2737    2455    2685    2760    2430
    2705    2708    2122    2427    2479    2426    2314    2513    2300    2430
    2431    2377    2493    2673    2426    2365    2366    2362    2147    2696
    2694    2254    2256    2255    2270    2272    2271      25    2732    2148
      26    2732      25    2370    2426    2367    2500    2553    2498    2480
    2495    2431    2722    2723    2152    2674    2675    2673    2694    2695
    2128    2406    2491    2463    2455    2683    2532    2355    2693    2353
    2721    2722    2152    2672    2808    2671    2726    2727    2154    2689
    2690    2688     292    2725    2130    2547    2686    2429    2715    2716
    2714    2678    2679    2676    2250    2254    2252    2719    2720    2153
    2460    2547    2429    2422    2503    2319    2353    2489    2351    2712
    2715    2714    2480    2773    2550     293    2725     292    2689    2692
    2690    2479    2686    2672     301    2730     300     300    2730    2127
    2232    2783    2776      16    2731    2138      17    2731      16    2365
    2367    2366    2479    2672    2671    2799    2802    2237     289    2729
     288    2153    2729     289    2427    2686    2479    2392    2511    2510
    2521    2687    2604    2370    2427    2426    2712    2714    2713    2422
    2504    2503    2483    2753    2521    2711    2712    2157    2712    2713
    2157     291    2719     290     295    2721     294     299    2726     298
     298    2726    2154     290    2719    2153     294    2721    2152    2147
    2694      20    2115    2718      22    2149    2698      29    2150    2700
      34    2148    2697      24     290    2153     289     292    2130     291
     294    2152     293     296    2123     295     298    2154     297     300
    2127     299    2127    2726     299     303    2135     302      14    2711
    2157      19    2694    2128      21    2718    2147      23    2697    2115
      28    2698    2116      33    2700    2117    2130    2719     291    2123
    2721     295    2138    2711      15      14    2157      13      15    2711
      14      16    2138      15      19    2128      18      20    2694      19
      21    2147      20      22    2718      21      23    2115      22      24
    2697      23      25    2148      24      28    2116      27      29    2698
      28      30    2149      29      33    2117      32      34    2700      33
      35    2150      34      38    2118      37     243    2120     242     245
    2143     244     248    2121     247     250    2144     249     253    2122
     252     255    2145     254     257    2125     256     260    2134     259
     262    2146     261     264    2159     263    2145    2705     254     243
    2702    2120     248    2703    2121     253    2705    2122     260    2709
    2134     262    2710    2146    2143    2702     244    2144    2703     249
    2146    2709     261    2159    2710     263     244    2702     243     249
    2703     248     254    2705     253     261    2709     260     263    2710
     262    2677    2799    2796    2268    2371    2318    2357    2358    2355
    2448    2481    2395    2483    2521    2520    2383    2741    2483    2383
    2483    2464    2361    2362    2359    2358    2693    2355    2410    2498
    2411    2372    2375    2374    2723    2725    2152    2245    2745    2244
    2526    2758    2488    2152    2725     293    2380    2410    2409    2511
    2512    2510    2523    2524    2481    2687    2688    2604    2392    2745
    2511    2481    2739    2395    2364    2365    2362    2375    2377    2376
    2524    2733    2481    2567    2580    2449    2521    2604    2562    2308
    2319    2246    2676    2738    2675    2448    2523    2481    2281    2282
    2279    2483    2520    2464    2369    2370    2367    2390    2497    2386
    2417    2566    2449    2301    2392    2332    2482    2565    2564    2566
    2567    2449    2758    2764    2485    2675    2738    2681    2403    2404
    2332    2357    2359    2358    2428    2429    2427    2564    2597    2445
    2391    2422    2319    2392    2510    2403    2495    2552    2496    2335
    2455    2454    2521    2562    2520    2459    2460    2429    2244    2745
    2301    2417    2449    2448    2391    2482    2445    2241    2245    2244
    2455    2532    2531    2361    2364    2362    2429    2686    2427    2392
    2403    2332    2838    2840    2238    2510    2530    2403    2254    2255
    2252    2308    2391    2319    2417    2448    2395    2482    2564    2445
    2242    2243    2240    2394    2395    2363    2226    2490    2210    2431
    2749    2377    2391    2445    2422    2682    2743    2500    2360    2383
    2363    2365    2369    2367    2410    2411    2409    2301    2332    2308
    2383    2464    2394    2428    2514    2459    2827    2829    2224    2356
    2357    2355    2467    2629    2615    2231    2237    2236    2428    2459
    2429    2383    2394    2363    2369    2734    2370    2370    2428    2427
    2404    2736    2332    2459    2584    2460    2394    2417    2395    2360
    2361    2359    2404    2748    2736    2498    2744    2411    2308    2736
    2391    2520    2606    2464    2504    2845    2503    2332    2736    2308
    2378    2749    2682    2233    2234    2228    2360    2363    2361    2778
    2779    2349    2405    2543    2311    2391    2736    2482    2301    2308
    2246    2357    2360    2359    2354    2355    2353    2690    2691    2688
    2370    2734    2428    2736    2748    2482    2505    2506    2304    2496
    2749    2431    2377    2378    2376    2352    2353    2351    2492    2546
    2490    2350    2351    2349    2375    2376    2374    2220    2545    2222
    2411    2443    2442    2679    2738    2676    2354    2400    2356    2356
    2741    2357    2563    2575    2442    2354    2356    2355    2301    2745
    2392    2428    2734    2514    2361    2739    2364    2244    2301    2246
    2241    2244    2242    2239    2241    2240    2395    2739    2363    2363
    2739    2361    2244    2246    2242    2417    2742    2566    2241    2242
    2240    2239    2240    2238    2319    2746    2246    2247    2257    2204
    2411    2442    2409    2221    2224    2219    2236    2239    2238    2217
    2218    2215    2672    2812    2808    2657    2781    2658    2242    2746
    2243    2253    2349    2251    2464    2742    2394    2256    2303    2255
    2495    2496    2431    2394    2742    2417    2482    2748    2565    2443
    2563    2442    2733    2754    2364    2437    2572    2569    2357    2741
    2360    2236    2238    2233    2408    2486    2379    2411    2744    2443
    2350    2352    2351    2360    2741    2383    2364    2754    2365    2606
    2742    2464    2371    2372    2318    2380    2409    2408    2525    2527
    2526    2776    2783    2658    2350    2368    2352    2352    2354    2353
    2283    2305    2282    2575    2750    2442    2225    2228    2224    2231
    2236    2233    2231    2233    2228    2225    2231    2228    2304    2737
    2303    2216    2217    2215    2546    2782    2490    2405    2544    2543
    2246    2746    2242    2258    2259    2257    2221    2225    2224    2214
    2232    2216    2527    2598    2528    2253    2350    2349    2220    2222
    2221    2217    2219    2218    2455    2531    2454    2217    2220    2219
    2408    2517    2486    2226    2492    2490    2377    2749    2378    2250
    2252    2251    2250    2776    2254    2303    2737    2335    2214    2215
    2213    2741    2753    2483    2531    2613    2603    2378    2379    2376
    2317    2485    2267    2378    2380    2379    2248    2499    2475    2220
    2221    2219    2232    2250    2249    2252    2253    2251    2268    2318
    2317    2490    2756    2210    2442    2750    2409    2356    2753    2741
    2214    2216    2215    2380    2408    2379    2365    2754    2369    2371
    2803    2685    2372    2374    2373    2399    2447    2446    2250    2251
    2249    2209    2212    2211    2400    2753    2356    2409    2750    2408
    2487    2488    2485    2206    2248    2208    2209    2210    2207    2396
    2432    2373    2438    2439    2389    2335    2405    2311    2303    2311
    2255    2232    2249    2216    2437    2568    2432    2437    2569    2568
    2335    2454    2405    2212    2214    2213    2489    2778    2351    2531
    2603    2454    2447    2577    2576    2212    2213    2211    2374    2396
    2373    2303    2335    2311    2354    2752    2400    2543    2757    2311
    2430    2760    2480    2247    2258    2257    2376    2751    2374    2657
    2658    2475    2211    2226    2210    2658    2781    2776    2396    2437
    2432    2257    2771    2204    2220    2755    2545    2209    2211    2210
    2408    2750    2517    2368    2752    2352    2264    2268    2267    2260
    2261    2259    2812    2814    2245    2352    2752    2354    2348    2398
    2397    2317    2487    2485    2545    2779    2778    2374    2751    2396
    2372    2373    2318    2499    2657    2475    2501    2525    2488    2255
    2757    2252    2262    2263    2261    2208    2209    2207    2424    2640
    2535    2268    2317    2267    2203    2206    2205    2227    2423    2381
    2506    2737    2304    2252    2757    2253    2260    2264    2262    2263
    2302    2266    2216    2755    2217    2486    2751    2379    2388    2766
    2667    2590    2592    2591    2407    2476    2324    2248    2475    2208
    2635    2636    2634    2200    2551    2202    2379    2751    2376    2311
    2757    2255    2398    2458    2457    2647    2648    2646    2217    2755
    2220    2306    2320    2305    2487    2501    2488    2261    2763    2259
    2258    2260    2259    2387    2390    2386    2527    2607    2598    2406
    2774    2491    2260    2262    2261    2432    2759    2373    2262    2764
    2263    2342    2343    2323    2206    2207    2205    2488    2758    2485
    2328    2794    2421    2166    2337    2168    2205    2247    2204    2249
    2755    2216    2206    2208    2207    2350    2775    2368    2259    2763
    2484    2264    2267    2262    2773    2815    2550    2119    2635    2634
    2485    2764    2267    2321    2406    2320    2438    2444    2439    2757
    2775    2253    2545    2784    2222    2209    2762    2212    2437    2777
    2572    2318    2759    2317    2349    2779    2251    2203    2205    2204
    2447    2576    2446    2203    2204    2201    2267    2764    2262    2543
    2775    2757    2373    2759    2318    2280    2384    2278    2207    2756
    2205    2751    2777    2396    2385    2388    2387    2206    2761    2248
    2818    2821    2511    2208    2762    2209    2658    2762    2475    2491
    2769    2463    2205    2756    2247    2263    2764    2302    2588    2590
    2589    2576    2587    2446    2385    2387    2386    2385    2386    2384
    2399    2438    2389    2465    2616    2529    2280    2766    2385    2828
    2855    2444    2344    2450    2343    2575    2772    2750    2253    2775
    2350    2317    2759    2487    2214    2783    2232    2334    2747    2441
    2762    2783    2212    2678    2796    2222    2388    2389    2387    2486
    2777    2751    2210    2756    2207    2197    2200    2199    2399    2446
    2438    2439    2767    2389    2755    2779    2545    2475    2762    2208
    2841    2842    2744    2202    2761    2203    2272    2765    2274    2295
    2299    2297    2388    2399    2389    2750    2772    2517    2313    2747
    2334    2232    2776    2250    2384    2805    2804    2203    2761    2206
    2658    2783    2762    2351    2778    2349    2471    2533    2402    2396
    2777    2437    2387    2767    2390    2568    2786    2432    2270    2336
    2272    2249    2779    2755    2202    2203    2201    2528    2780    2661
    2760    2773    2480    2194    2235    2196    2423    2534    2470    2778
    2784    2545    2251    2779    2249    2280    2385    2384    2199    2740
    2198    2777    2787    2572    2277    2279    2278    2299    2316    2315
    2279    2280    2278    2599    2789    2780    2776    2781    2254    2197
    2199    2198    2389    2767    2387    2489    2784    2778    2200    2202
    2201    2200    2201    2199    2294    2393    2292    2546    2791    2782
    2541    2542    2416    2197    2198    2195    2334    2441    2440    2490
    2782    2756    2791    2800    2264    2385    2766    2388    2544    2792
    2543    2200    2788    2551    2235    2277    2276    2486    2787    2777
    2212    2783    2214    2432    2786    2759    2321    2774    2406    2277
    2278    2276    2441    2571    2559    2247    2782    2258    2660    2824
    2816    2677    2802    2799    2218    2826    2823    2759    2786    2487
    2756    2782    2247    2517    2787    2486    2268    2800    2371    2201
    2771    2199    2222    2796    2221    2302    2785    2266    2199    2771
    2740    2407    2477    2476    2493    2802    2674    2487    2786    2501
    2316    2412    2340    2305    2307    2282    2260    2791    2264    2451
    2570    2561    2280    2790    2766    2196    2197    2195    2231    2799
    2237    2336    2765    2272    2282    2790    2279    2406    2463    2456
    2235    2276    2196    2348    2397    2346    2398    2457    2397    2419
    2768    2465    2204    2771    2201    2458    2516    2457    2671    2808
    2237    2463    2582    2581    2266    2785    2270    2477    2594    2476
    2463    2769    2582    2194    2196    2195    2434    2556    2393    2815
    2823    2550    2368    2792    2692    2191    2227    2190    2406    2456
    2320    2546    2800    2791    2309    2407    2324    2775    2792    2368
    2183    2229    2186    2307    2790    2282    2497    2805    2386    2782
    2791    2258    2189    2192    2191    2194    2195    2193    2189    2190
    2187    2270    2785    2336    2279    2790    2280    2407    2478    2477
    2237    2808    2236    2178    2285    2176    2463    2581    2456    2258
    2791    2260    2313    2810    2747    2192    2193    2191    2465    2768
    2616    2543    2792    2775    2476    2794    2324    2457    2494    2397
    2192    2194    2193    2804    2805    2551    2227    2472    2423    2241
    2812    2245    2197    2788    2200    2344    2793    2450    2547    2814
    2686    2559    2560    2440    2433    2453    2333    2196    2788    2197
    2324    2794    2325    2189    2191    2190    2441    2559    2440    2672
    2814    2812    2608    2611    2542    2477    2595    2594    2276    2788
    2196    2518    2588    2453    2221    2796    2225    2384    2804    2278
    2211    2815    2226    2745    2818    2511    2519    2554    2469    2177
    2223    2179    2312    2314    2300    2192    2809    2654    2182    2230
    2180    2796    2799    2225    2226    2815    2773    2765    2795    2274
    2499    2837    2656    2328    2421    2330    2225    2799    2231    2584
    2894    2728    2299    2315    2297    2298    2300    2296    2264    2800
    2268    2800    2803    2371    2294    2434    2393    2433    2518    2453
    2188    2189    2187    2798    2900    2518    2334    2440    2433    2218
    2823    2215    2547    2821    2818    2674    2802    2677    2788    2804
    2551    2495    2826    2552    2346    2793    2344    2234    2827    2228
    2186    2188    2187    2193    2807    2191    2830    2839    2743    2492
    2803    2546    2186    2187    2184    2274    2795    2309    2552    2829
    2827    2316    2340    2315    2434    2558    2556    2472    2807    2647
    2397    2793    2346    2407    2795    2478     282    2114     283    2338
    2471    2402    2224    2829    2219    2291    2295    2293    2183    2186
    2184    2551    2817    2202    2434    2612    2558    2412    2462    2340
    2172    2286    2185    2334    2433    2333    2276    2804    2788    2309
    2795    2407    2278    2804    2276    2307    2822    2663    2248    2833
    2499    2183    2184    2182    2494    2793    2397    2293    2294    2292
    2236    2808    2239    2451    2561    2414    2227    2807    2472    2313
    2334    2333    2766    2801    2667    2202    2817    2761    2189    2809
    2192    2191    2807    2227    2478    2797    2477    2386    2805    2384
    2808    2812    2239    2477    2797    2595    2298    2313    2312    2823
    2826    2550    2560    2798    2440    2500    2839    2553    2239    2812
    2241    2181    2183    2182    2790    2801    2766    2546    2803    2800
    2763    2853    2484    2298    2312    2300    2825    2832    2502    2243
    2838    2240    2188    2809    2189    2295    2297    2296    2307    2801
    2790    2286    2287    2185    2686    2814    2672    2553    2840    2838
    2656    2851    2505    2462    2507    2340    2305    2822    2307    2213
    2815    2211    2291    2293    2292    2286    2288    2287    2238    2840
    2233    2471    2573    2533    2337    2832    2168    2168    2169    2167
    2503    2842    2746    2440    2798    2433    2291    2292    2290    2547
    2818    2814    2505    2854    2506    2496    2830    2743    2854    2855
    2506    2433    2798    2518    2456    2822    2320    2243    2842    2841
    2313    2333    2312    2497    2817    2805    2723    2844    2725    2181
    2182    2180    2295    2296    2293    2462    2522    2507    2297    2298
    2296    2511    2821    2512    2289    2290    2287    2245    2818    2745
    2659    2816    2290    2498    2841    2744    2805    2817    2551    2288
    2539    2289    2173    2174    2171    2287    2816    2185    2234    2839
    2830     245    2849    2143    2213    2823    2815    2179    2181    2180
    2438    2843    2444    2193    2834    2807    2648    2856    2853    2169
    2170    2167    2664    2819    2184    2198    2834    2195    2460    2821
    2547    2587    2843    2446    2177    2179    2178    2817    2833    2761
    2179    2180    2178    2453    2811    2333    2312    2811    2314    2288
    2289    2287    2585    2917    2619    2833    2837    2499    2185    2824
    2173    2289    2291    2290    2215    2823    2213    2643    2859    2630
    2184    2819    2182    2740    2856    2198    2412    2806    2462    2177
    2178    2176    2826    2829    2552    2456    2848    2822    2172    2185
    2173    2320    2822    2305    2506    2855    2683    2552    2830    2496
    2182    2819    2230    2537    2583    2538    2173    2824    2175    2550
    2826    2495    2175    2177    2176    2513    2836    2813    2300    2813
    2296    2228    2827    2224    2414    2806    2412    2129    2865      41
    2471    2574    2573    2851    2854    2505    2497    2833    2817    2469
    2662    2452    2293    2813    2294    2421    2831    2330    2219    2829
    2218    2683    2828    2532    2837    2851    2656    2234    2830    2827
    2814    2818    2245    2315    2810    2297    2175    2176    2174    2333
    2811    2312    2173    2175    2174    2630    2859    2273    2561    2806
    2414    2663    2848    2579    2298    2810    2313    2807    2834    2647
    2297    2810    2298    2296    2813    2293    2291    2820    2295    2330
    2831    2338    2172    2173    2171    2816    2824    2185    2271    2859
    2382    2839    2840    2553    2290    2816    2287    2186    2847    2188
    2761    2833    2248    2169    2172    2171    2163    2164    2162    2166
    2168    2167    2822    2848    2663    2570    2601    2561    2168    2825
    2169    2765    2835    2795    2553    2841    2498    2441    2857    2571
    2195    2834    2193    2789    2835    2765    2390    2837    2497    2169
    2171    2170    2434    2836    2612    2240    2838    2238    2539    2820
    2289    2795    2835    2478    2289    2820    2291    2284    2508    2435
    2743    2839    2500    2218    2829    2826    2233    2840    2234    2243
    2841    2838    2827    2830    2552    2746    2842    2243    2294    2836
    2434    2338    2831    2471    2813    2836    2294    2128    2968    2915
    2507    2857    2846    2435    2436    2401    2446    2843    2438    2497
    2837    2833    2284    2401    2164    2744    2845    2443    2725    2844
    2130    2810    2846    2747    2507    2846    2340    2503    2845    2842
     280    2132     281    2132    2160     281    2536    2537    2436    2166
    2167    2165    2229    2847    2186    2163    2166    2165     279    2600
     280    2390    2851    2837     246    2849     245    2163    2165    2164
    2136    2619    2618    2340    2846    2315     284    2136     285    2284
    2435    2401    2315    2846    2810    2172    2825    2286    2471    2831
    2574    2638    2911    2126    2435    2536    2436    2845    2852    2443
    2156    2914    2600    2168    2832    2825    2581    2848    2456    2169
    2825    2172      40    2865    2151    2698    2863    2699    2234    2840
    2839    2877    2902    2540    2838    2841    2553    2846    2857    2747
    2443    2852    2563    2170    2850    2167    2767    2851    2390    2484
    2853    2740    2842    2845    2744    2439    2855    2854    2439    2854
    2767    2165    2284    2164    2767    2854    2851    2167    2850    2165
    2150    2972    2701    2198    2856    2834    2444    2855    2439    2647
    2856    2648    2177    2862    2223    2554    2662    2469    2179    2861
    2181    2149    2920    2863    2223    2868    2617    2834    2856    2647
    2824    2862    2175     278    2156     279    2747    2857    2441    2284
    2850    2508    2273    2859    2271    2136    2586     285    2165    2850
    2284    2857    2860    2571    2660    2862    2824    2522    2860    2507
    2136    2618    2586    2223    2861    2179    2149    2863    2698    2594
    2870    2476    2339    2884    2540    2175    2862    2177    2348    2891
    2869    2794    2870    2421    2684    2883    2418    2507    2860    2857
    2557    2868    2660    2748    2961    2715     231    2873    2133    2700
    2872    2117    2510    2874    2530    2870    2897    2421    2422    2876
    2504    2597    2876    2445    2557    2887    2868    2716    2961    2913
    2619    2982    2585     259    2881     258    2631    2866    2124    2862
    2868    2223    2581    2867    2848    2605    2975    2155      41    2865
      40    2651    2882    2314    2174    2879    2171    2721    2888    2722
    2435    2877    2536    2895    2927    2532    2848    2867    2579    2627
    2883    2611    2494    2885    2793     286    2938       2    2611    2883
    2542    2129    2975    2605    2828    2895    2532       2    2938      45
    2140    2906    2769    2662    2901    2570    2617    2887    2466    2660
    2868    2862    2868    2887    2617    2733    2892    2754     277    2893
     276    2703    2895    2704    2459    2894    2584    2148    2921    2697
    2770    2950    2636    2466    2889    2420    2420    2891    2347    2887
    2889    2466    2612    2869    2558    2836    2878    2612    2405    2896
    2544    2603    2896    2454    2476    2870    2794    2591    2898    2651
    2889    2891    2420    2665    2900    2142    2915    2968    2597    2850
    2875    2508    2555    2903    2161    2596    2897    2870    2701    2872
    2700    2512    2874    2510     232    2873     231    2549    2890    2628
    2170    2879    2875    2170    2875    2850    2513    2882    2878    2445
    2876    2422    2645    2890    2549    2637    2908    2139    2541    2902
    2609     258    2904     257    2508    2877    2435    2666    2880    2141
    2171    2879    2170    2166    2903    2337    2134    2881     259    2542
    2883    2684    2314    2882    2513    2636    2950    2634    2402    2884
    2339    2402    2886    2884    2563    2924    2575    2513    2878    2836
    2831    2897    2574    2606    2905    2742    2161    2903    2163     268
    2909     267    2712    2907    2715    2138    2907    2711    2618    2934
    2538    2793    2885    2450    2533    2886    2402    2875    2902    2508
    2729    2910     288    2628    2890    2627    2556    2887    2557    2462
    2911    2522    2600    2964    2132    2530    2913    2403    2911    2941
    2126    2892    2955    2754     251    2946    2613    2123    2888    2721
    2556    2889    2887      17    2915    2731    2128    2915      18    2558
    2889    2556    2717    2939    2135    2720    2919    2523    2607    2944
    2598    2458    2899    2516      35    2916    2150    2864    2910    2729
    2558    2891    2889      26    2918    2732    2116    2918      27    2719
    2919    2720    2613    2959     251    2609    2902    2875    2631    2908
    2866    2914    2964    2600    2145    2926    2691    2515    2899    2458
    2527    2920    2607    2144    2927    2895    2844    2919    2130     241
    2906     240    2524    2892    2733     276    2893    2666    2514    2894
    2459    2401    2917    2164    2144    2895    2703    2143    2930    2702
    2876    2973    2504    2772    2921    2517    2619    2934    2618    2519
    2964    2914    2860    2957    2571    2116    2962    2918    2454    2896
    2405    2147    2924    2696    2121    2925     247    2880    2967    2560
    2634    2950    2885    2888    2894    2514    2125    2926     256     255
    2926    2145     246    2925    2849    2531    2927    2613    2869    2891
    2558    2124    2931     233    2593    2898    2591    2421    2897    2831
    2148    2963    2921    2530    2979    2913    2155    2975      43    2436
    2934    2401     303    2932    2135    2142    2900    2670     242    2936
     241    2724    2955    2892    2695    2973    2876    2138    2951    2907
    2159    2910    2864      42    2975    2129     301    2939    2730    2135
    2939     302    2599    2940    2789    2156    2928    2914    2523    2947
    2720      32    2944      31    2584    2942    2460    2554    2901    2662
    2880    2976    2967    2162    2917    2585    2888    2923    2722     252
    2946     251    2562    2945    2520    2457    2943    2494    2580    2947
    2449    2448    2947    2523    2127    2948    2726      31    2949      30
    2896    2960    2544    2867    2930    2579     269    2971     268    2821
    2942    2512     226    2953       9       9    2953     277    2924    2966
    2575       1    2954     305      13    2954       1    2713    2954    2157
     240    2906    2140    2369    2955    2734    2601    2941    2561    2118
    2958      37    2153    2980    2729     251    2959     250     257    2904
    2125    2688    2965    2604    2880    2922    2141    2163    2903    2166
    2133    2937    2665    2151    2929    2624    2835    2972    2478    2797
    2916    2595    2136    2982    2619      10    2956     264     287    2956
      10    2898    2899    2515    2858    2912    2555    2121    2969    2925
    2742    2905    2566    2564    2951    2731     232    2931    2873     267
    2909    2137    2872    2940    2599    2139    2908    2631    2711    2907
    2712    2769    2906    2582    2621    2912    2509    2572    2963    2732
    2143    2974    2930    2874    2948    2127    2509    2912    2858    2881
    2945    2562     288    2910     287    2508    2902    2877    2151    2970
    2929    2806    2911    2462    2514    2923    2888    2715    2961    2716
    2403    2913    2404    2124    2981    2931    2519    2914    2554    2593
    2899    2898      18    2915      17    2708    2960    2896    2913    2979
    2717    2722    2923    2724    2613    2946    2603    2918    2962    2569
      36    2916      35      27    2918      26    2159    2977    2710    2858
    2964    2519    2130    2919    2719    2164    2917    2162    2907    2951
    2565    2580    2980    2947    2525    2920    2527    2601    2971    2941
    2864    2977    2159    2554    2928    2901    2893    2976    2666    2916
    2958    2595    2573    2933    2533      45    2938    2610    2517    2921
    2787    2772    2966    2115    2939    2979    2730    2713    2932     304
    2624    2929    2596    2665    2937    2900    2141    2922    2655    2905
    2952    2566    2134    2978    2945    2637    2943    2908    2806    2941
    2911    2734    2923    2514    2718    2924    2147     247    2925     246
    2732    2963    2148    2945    2978    2606    2125    2965    2926    2623
    2935     265    2913    2961    2404     256    2926     255    2929    2970
    2574      36    2958    2916    2532    2927    2531    2575    2966    2772
    2579    2930    2577    2925    2969    2587    2512    2948    2874    2897
    2929    2574    2849    2974    2143     233    2931     232    2538    2934
    2436    2714    2932    2713     304    2932     303    2576    2974    2849
    2922    2957    2655    2921    2963    2787    2120    2936     242    2920
    2949    2607    2696    2973    2695    2518    2937    2588    2731    2951
    2138    2132    2964    2858     302    2939     301    2568    2962    2699
    2450    2950    2770    2718    2966    2924     278    2935    2156    2852
    2973    2696    2596    2929    2897    2900    2937    2518    2704    2969
    2121    2789    2940    2835    2707    2960    2706    2927    2959    2613
    2706    2960    2708    2561    2941    2806    2117    2944      32    2516
    2943    2457    2701    2940    2872    2460    2942    2821    2843    2969
    2704    2930    2974    2577    2593    2981    2866     277    2953    2893
    2520    2945    2606    2866    2981    2124    2122    2946     252    2533
    2933    2871    2865    2970    2151    2931    2981    2592    2449    2947
    2448    2699    2962    2116    2726    2948    2727    2885    2950    2450
      30    2949    2149    2134    2945    2881    2565    2951    2564    2566
    2952    2567     264    2956    2159    2158    2953     226    2157    2954
      13    2754    2955    2369    2908    2943    2516    2655    2957    2131
      37    2958      36    2573    2970    2865     250    2959    2144    2597
    2968    2876    2544    2960    2707    2404    2961    2748    2569    2962
    2568    2787    2963    2572    2691    2965    2688    2126    2971     269
    2606    2978    2905    2670    2967    2669    2115    2966    2718    2695
    2968    2128      43    2975      42    2587    2969    2843    2914    2928
    2554    2577    2974    2576    2709    2978    2134    2720    2980    2153
    2592    2981    2593    2574    2970    2573    2478    2972    2797    2941
    2971    2126    2504    2973    2852    2159    2956    2910    2893    2953
    2158     284    2982    2136    2947    2980    2720    2876    2968    2695
    2717    2979    2939    2926    2965    2691    2149    2949    2920    2666
    2976    2880    2910    2956     287    2967    2976    2669    2144    2959
    2927    2905    2978    2709    3519    3685    3408    2995    3480    3424
    3603    3604    3391    2999    3685    3519    3434    3479    3404    3396
    3807    3533    3732    3823    2997    3533    3807    3003    3391    3793
    3603     269    3480    2995    3202    3518    3201    3407    3732    3419
    3732    3755    3419    3407    3823    3732    3397    3759    3605    3605
    3817    3397    3419    3755    3009    3009    3763    3419    3576    3743
    3365    3444    3841     272     271    3444     272    3415    3785    3729
    3412    3763    3009    3426    3428    3018    3009    3766    3412    3028
    3815    3024    3005    3770    3622    3400    3498    3401    3027    3582
    3580    3622    3819    3005     367    3422    2983    3422    3423    2983
    3400    3821    3498    3478    3774    3423    3205    3518    3202     371
    3028    3024    3424    3729    2995    3423    3788    3478    3776    3806
    3599    3783    3784    3250    3766    3767    3412    3767    3791    3412
    3411    3499    3410    3369    3806    3776    3537    3794    3013    3729
    3785    2995    3468    3743    3576     310    3813    3770    3479    3799
    3404    3517    3678    3287    3537    3826    3794     268    3480     269
    3598    3784    3783    3018    3445    3426    3518    3777    3201    3416
    3772    3014    3353    3815    3028    2990    3789    3709    3499    3838
    3410    3528    3768    2991     344    3536     343    3772    3789     325
    3351    3782    3752    3383    3625    3584    3770    3813    3443    3027
    3796    3582    3016    3793    3430    3248    3647    3589    3525    3807
    3387    3365    3773    3576    3014    3832    3416    3024    3815    3485
    3002    3459    3030    3596    3783    3442    3007    3584    3582    3423
    3774    2983    3768    3835    2991    3418    3789    3772    3487    3801
    3472     344    3827    3536    3472    3804    3487    3430    3779    3016
     272    3841    2999    3362    3598    3597    3264    3592    3583    3428
    3775    3018    3006    3762    3422    3363    3761    3447    3790    3802
    3425    3116    3478    3447    3425    3802    3380    3465    3610    3463
    3752    3782    3486    3040    3454    3096    3422    3762    3423    3597
    3806    3362    3709    3786    2990    3404    3833    3434    3473    3474
    3403    3096    3454    3436    3625    3811    3584    3371    3824    3800
    3636    3776    3601    3030    3459    3413    3442    3812    3596    3709
    3789    3418    3465    3466    3019    3434    3833    3006    3116    3508
    3478    3447    3761    3116    3800    3824    3612    3387    3780    3525
    3287    3778    3517    3774    3851    2983    3046    3460    3050    3450
    3760    3448    3050    3460    3452    3003    3807    3525    3580    3765
    3027    3038    3454    3040    2987    3577    3438    3647    3814    3589
     366    3422     367    3725    3752    3353    3051    3455    3054    2983
    3459     368    3790    3810     349     370    3028     371    3006    3833
    3762    3605    3759    3020     369    3459    3002    3436    3448    3096
    3032    3508    3034    3752    3815    3353    3165    3507    3435     365
    3434    3006    3517    3792    3678    3593    3819    3399    3441    3813
    3000    3603    3793    3016    3435    3752    3725    3683    3777    3516
    3601    3839    3636    3453    3457    3456    3044    3460    3046    3485
    3815    3486    3507    3721    3440    3434    3797    3479    3486    3815
    3752    3435    3725    3165    3502    3751    3491    3452    3455    3050
    3448    3760    3096    3050    3455    3051    3455    3456    3054    3516
    3844    3683    3165    3721    3507    3453    3456    3455    3444    3785
    3415    3465    3825    3610    3100    3502    3440    3503    3700    3010
    3323    3445    3364    3426    3445    3323    3503    3821    3700    3425
    3810    3790    3398    3817    3591    3538    3836    3338    3413    3508
    3032    3485    3803    3024    3440    3721    3100    3047    3654    3041
    3034    3508    3116    2997    3823    3608    3492    3654    3047    3457
    3754    3704    3443    3813    3441    3017    3512    3511    3453    3754
    3457    3762    3788    3423    3100    3751    3502    3454    3761    3363
    3264    3808    3592      11    3803     265     135    3797       6    3047
    3547    3492    3445    3446    3364    3474    3801    3271    3362    3806
    3369    3467    3687    3469     143    3510     142    3207    3748    3704
    3511    3517    3483    3462    3686    3568    3017    3511    3510    3041
    3654    3039    3707    3711    3382    3397    3817    3398    3005    3819
    3593    3469    3687    3221    3568    3686    3225    3382    3711    3346
    3547    3681    3313    3713    3728    3458    3470    3473    3022    3604
    3786    3391    3458    3728    3456    2983    3851    3459    3707    3747
    3530    3485    3486    3008    2984    3483    3482    3622    3770    3443
     137    3470    3022     266    3485    3008    2984    3482    3481    3598
    3783    3596    3017    3649    3512    3460    3760    3450    3271    3830
    3474    3418    3772    3416    3457    3458    3456    3022    3479     136
    3338    3840    3538    3781    3782    3368    3234    3739    3664    3399
    3791    3593    3713    3749    3523    3617    3737    3679    3447    3478
    3477       6    3797     364    3017    3510     143     142    3510    2984
    2984    3481     141    3277    3494    3190    3496    3547    3313    3490
    3494    3350    3512    3649    3515    3435    3507    3348    3016    3779
    3602    3047    3681    3547     372    3803      11     265    3485     266
    3490    3502    3491    3350    3502    3490    3461    3679    3236    3447
    3477    3304    3461    3686    3462     140    3481    3475    3568    3687
    3467    3309    3643    3524    3512    3513    3511     136    3479     135
    3492    3547    3501    3236    3686    3461    3288    3670    3377     137
    3022     136    3524    3643    3062    3704    3748    3457    3377    3670
    3664    3225    3687    3568    2998    3470     138    3458    3749    3713
     140    3475     139    3700    3821    3400    3221    3695    3469    2998
    3471    3470    3190    3494    3188    3313    3640    3496    3274    3298
    3279    3350    3494    3277     141    3481     140    3255    3488    3185
    3255    3489    3488     266    3008     267    3614    3822    3433    3013
    3795    3537    3489    3501    3488    3471    3473    3470    3298    3402
    3279    3274    3279    3272    3309    3524    3522    3527    3674    3548
    3382    3747    3707    3492    3501    3489    3440    3502    3350    3515
    3649    3609    3480    3781    3368    3273    3274    3272    3522    3526
    3309    3270    3272    3271    3456    3728    3054     139    2998     138
    3582    3796    3007    3471    3474    3473     138    3470     137    3339
    3706    3504    3269    3270    3268    3212    3268    3267    3664    3739
    3377    3278    3347    3277    3157    3640    3155    3212    3493    3269
    3679    3737    3236    3524    3698    3523    3270    3273    3272    3348
    3507    3347    2994    3500     336     333    3497    2988    3497    3498
    2988    3504    3706    3187    3548    3674    3329    3212    3269    3268
    3351    3435    3348    3185    3488    3183    3481    3482    3476    3164
    3495    3160    3255    3490    3489    3363    3447    3304    3475    3481
    3476    2988    3503     332    2984    3510    3483     269    2995     270
    3347    3440    3350    3155    3640    3313    3513    3517    3511    3278
    3348    3347    3188    3255    3185    3490    3491    3489    3259    3277
    3190    3304    3477    3274    3274    3477    3298    3497    3499    3498
    3210    3493    3212    3520    3530    3529    3691    3719    3569    3213
    3493    3210     337    3509    2994    3496    3640    3495    3280    3501
    3496    3482    3484    3476    3259    3278    3277    3183    3488    3280
    3694    3715    3560    3183    3280    3181    3210    3212    3211     139
    3475    2998    3512    3514    3513    3188    3494    3255    3520    3707
    3530    3488    3501    3280    3347    3350    3277    3273    3304    3274
    3144    3529    3142    3270    3271    3268    3204    3505    3207    3011
    3497     334     335    3500    3011    3011    3499    3497    3189    3190
    3188    3142    3529    3311    3495    3640    3160    3309    3526    3129
    3186    3188    3185    3207    3208    3206    3521    3526    3522    3258
    3676    3259     333    2988     332     335    3011     334     337    2994
     336    3181    3495    3164    3282    3545    3543    3203    3521    3506
     331    3503    3010    3184    3185    3183    3203    3505    3204    3204
    3207    3206    3280    3496    3495     274    3519    3012    3182    3183
    3181    3624    3661    3570    3347    3507    3440    3129    3526    3131
    3208    3213    3210    3160    3640    3157    3139    3521    3203    3313
    3681    3153    3212    3267    3211    3162    3527    3174    3521    3522
    3506    3003    3525     339    3203    3204    3202    3514    3518    3513
    3204    3206    3205    3618    3652    3311    3339    3504    3344    3698
    3713    3523    3152    3544    3196    3527    3548    3293    3389    3679
    3461    3510    3511    3483    3529    3530    3311     329    3528    2991
    3555    3558    3557    3147    3529    3144    3427    3667    3532    3293
    3374    3345     334    3497     333     336    3500     335    3501    3547
    3496    3255    3494    3490    3543    3544    3282    3522    3523    3506
    3208    3210    3209     272    2999     273    3571    3572    3559    3532
    3667    3229    3245    3527    3293    3174    3527    3245     338    3509
     337    3135    3521    3139     332    3503     331    2999    3519     273
     331    3010     330    3127    3643    3309    3280    3495    3181    3245
    3293    3292    3534    3538    3535     338    3525    3509    3325    3661
    3624    3491    3492    3489    3139    3203    3202    3559    3573    3571
    3199    3214    3172    3180    3181    3164    3148    3546    3150    3199
    3384    3214    2998    3472    3471    3010    3528     330    3303    3531
    3257    3258    3259    3190    3282    3544    3152    3534    3535    3025
    3574    3644    3316    3555    3557    3556    3223    3556    3220    3551
    3554    3553    3064    3652    3618    3559    3572    3557    3131    3526
    3135    3311    3652    3140    3196    3544    3239    3172    3520    3147
    3319    3644    3574    3012    3538    3534    3520    3529    3147    3203
    3506    3505    3282    3546    3545     340    3533    3003    3548    3723
    3374    3293    3345    3292    3220    3556    3219    3150    3546    3282
    3162    3674    3527    3565    3631    3621    3551    3553    3552    3239
    3541    3540    3569    3635    3567    3198    3199    3172    3281    3565
    3564    3135    3526    3521    3558    3559    3557    3621    3631    3092
    3281    3564    3563    3224    3552    3223    3171    3172    3147    3082
    3693    3692     276    3534    3025    3552    3553    3223    3105    3566
    3108    3204    3205    3202    2991    3539     328    3438    3818    2987
     274    3012     275    3214    3520    3172    3097    3635    3569    3281
    3563    3110    3401    3673    3297    3556    3557    3219    3565    3632
    3631    3566    3632    3565    3102    3566    3105    3227    3552    3224
    3208    3209    3206    3549    3550    3286    3427    3532    3429    3553
    3556    3223    3135    3139    3138    3522    3524    3523    3557    3572
    3219    3554    3555    3553    3012    3534     275    3155    3313    3153
    3131    3135    3134    3540    3541    3373    3110    3563    3112     273
    3519     274    3541    3542    3373    3530    3618    3311    3254    3549
    3286    3127    3309    3129    3210    3211    3209     340    3003     339
    3142    3311    3140    3293    3548    3374    3285    3540    3373    3239
    3544    3541    3239    3540    3240    3013    3533     341     339    3525
     338    3464    3568    3467    3139    3202    3201    3541    3543    3542
    3335    3339    3337    3112    3563    3561    3285    3372    3328    3467
    3469    3468    3232    3560    3310    3148    3638    3546    3550    3551
    3286    3535    3536    3025     330    3528     329    3452    3460    3450
     329    2991     328    3285    3373    3372    3108    3566    3281    3137
    3570    3133    3146    3147    3144     327    3539    3014    3219    3572
    3216    3588    3591    3590    3535    3537    3536    3215    3570    3137
    3634    3641    3370    3243    3285    3284    3112    3561    3114    3240
    3540    3243    3121    3567    3119    3243    3540    3285     341    3533
     340    3186    3189    3188     342    3013     341    3464    3467    3466
    3215    3571    3570     162    3590     161    2985    3609     146     146
    3609     145    3302    3303    3257    3379    3549    3289     161    3590
    2996    3254    3286    3227    3567    3635    3119    3462    3568    3464
    3389    3461    3439    3575    3576    2986    3289    3549    3254    3326
    3560    3232    3283    3715    3694    3285    3328    3284    3232    3310
    3169    3597    3598    3596    3178    3620    3115    3118    3234    3176
    3344    3386    3385     327    3014     326    3378    3379    3289     328
    3539     327    3561    3562    3234    3563    3564    3562    3281    3566
    3565    3590    3591    2996    3467    3468    3466    3169    3567    3121
    3461    3462    3439    3141    3638    3143    3310    3569    3567    3600
    3601    3015    3586    3592    3589    3310    3567    3169    3587    3590
     162     163    3587     162    3595    3597    3596    3306    3670    3617
    3268    3487    3267    3115    3620    3113    3286    3552    3227    3170
    3641    3634    3585    3586    3004    3114    3561    3118    3606    3608
    3607    3400    3401    3297    3108    3281    3110    3339    3344    3340
     275    3534     276    3570    3661    3133    3585    3592    3586    3171
    3198    3172    3512    3515    3514    3118    3561    3234    2992    3597
    3595    3118    3176    3175     276    3025     277    3578    3585    3004
    3561    3563    3562    2987    3610     156     156    3610     155    3263
    3326    3232    3176    3306    3230    3196    3239    3238    3586    3589
    3588     321    3603    3016     322    3603     321    3595    3596    3594
    3611    3612    3001    3515    3516    3514    3306    3617    3307    3218
    3219    3216    3295    3370    3251    2990    3604     323    3573    3624
    3571    3307    3617    3358    3606    3607    3021    2997    3608    3606
    3586    3588    3587    3231    3232    3169     322    3604    3603    3581
    3583    3579    3004    3587     163    3240    3243    3242    3555    3556
    3553    3199    3531    3384    3150    3282    3152    3192    3616    3124
    3243    3284    3283     312    3594    3000     313    3594     312    3583
    3592    3585    3180    3182    3181     352    3613    3611    3023    3579
    3578    3056    3736    3733    3114    3118    3117    3586    3587    3004
    2992    3595     314    3327    3376    3326    3580    3581    3579     313
    3595    3594    3023    3580    3579    3182    3184    3183    3358    3389
    3388    3551    3552    3286    3565    3621    3564    3609    3649     145
    3307    3358    3357     352    3611     351     351    3611    3001    3579
    3585    3578    3167    3215    3137    3103    3623    3120    3392    3574
    3316    3106    3626    3104    3235    3254    3227    3251    3620    3178
    3222    3223    3220    3328    3375    3341     353    3613     352    2993
    3613     353    3583    3585    3579    3582    3584    3581     323    3604
     322    3389    3439    3438     314    3595     313    3441    3442    3355
    3245    3292    3291    3295    3371    3370    3105    3108    3107    3276
    3616    3192     355    3614     354     357    3606     356     354    3614
    2993     356    3606    3021     346    3027     345     348    3007     347
     351    3001     350     354    2993     353     356    3021     355     358
    2997     357    2997    3606     357     361    3009     360    3021    3614
     355    3019    3575     153    3020    3577     158    2996    3605     160
    3023    3578     165     152    3575    2986     157    3577    2987     159
    3605    3020     164    3578    3004     142    2984     141     144    3017
     143     147    2985     146     149    3018     148     152    2986     151
     153    3575     152     154    3019     153     157    2987     156     158
    3577     157     159    3020     158     160    3605     159     161    2996
     160     164    3004     163     165    3578     164     166    3023     165
     307    3026     306     309    3005     308    3005    3593     308     312
    3000     311     315    2992     314     317    3015     316    3015    3599
     316     319    2989     318    2989    3600     318     321    3016     320
    3016    3602     320     324    2990     323     307    3593    3026     315
    3599    2992     317    3600    3015     319    3602    2989     308    3593
     307     316    3599     315     318    3600     317     320    3602     319
    3226    3227    3224    3168    3169    3121    3354    3355    3276    3288
    3289    3254    3102    3632    3566    3118    3175    3117    3580    3582
    3581    3125    3194    3193    3125    3615    3194    3588    3590    3587
    3377    3378    3289    3316    3644    3247    3462    3464    3463    3315
    3316    3247    3249    3251    3178    3176    3230    3175    3146    3171
    3147    3108    3110    3109    3391    3392    3316    3355    3616    3276
    3143    3638    3148    3571    3624    3570    3120    3623    3123    3123
    3615    3125    3062    3698    3524    3427    3429    3428    3262    3317
    3252    3231    3263    3232    3306    3307    3230    3546    3680    3545
    3194    3318    3266    3275    3295    3251    3541    3544    3543    3252
    3626    3106    3395    3412    3399    3354    3441    3355    3318    3361
    3359    3110    3112    3111    3370    3620    3251    3395    3399    3394
    3462    3463    3439    3239    3240    3238    3253    3301    3300    3383
    3425    3380    3168    3231    3169    3194    3266    3193    3358    3388
    3357    3108    3109    3107    3174    3245    3244    3243    3283    3242
    3249    3275    3251    3318    3663    3361    3263    3327    3326    3301
    3395    3394    3407    3419    3360    3110    3111    3109    3354    3443
    3441    3322    3427    3426    3253    3276    3192    3275    3383    3380
    3184    3186    3185    3218    3220    3219    3464    3466    3465    3098
    3102    3101    3246    3264    3249    3177    3248    3246    3300    3354
    3276    3301    3394    3300    3112    3114    3113    3275    3380    3295
    3114    3117    3115    3328    3341    3284    3253    3300    3276    3125
    3193    3192    3102    3105    3104    3193    3253    3192    3235    3288
    3254    3318    3359    3266    3123    3623    3615    3359    3360    3266
    3246    3249    3178    3359    3407    3360    3177    3178    3115    3397
    3398    3308    3117    3177    3115    3226    3235    3227    3646    3655
    3217    3264    3625    3249    3112    3113    3111    3135    3138    3134
    3114    3115    3113    3442    3642    3355    3105    3107    3106    3431
    3433    3342    3222    3224    3223    3175    3619    3117    3288    3377
    3289    3343    3432    3431    3200    3312    3261    3389    3438    3388
    3120    3123    3122    3249    3625    3275    3354    3622    3443    3317
    3626    3252    3312    3343    3342    3198    3257    3199    3103    3119
    3099    3177    3246    3178    3125    3192    3124    3300    3622    3354
    3394    3622    3300    3275    3625    3383    3120    3121    3119    3307
    3357    3308    3122    3168    3121    3168    3250    3231    3111    3170
    3109    3630    3642    3250    3177    3619    3248    3123    3125    3124
    3253    3627    3301    3261    3262    3252    3095    3097    3093    3193
    3627    3253    3117    3619    3177    3266    3627    3193    3200    3252
    3106    3102    3104    3101    3105    3106    3104    3307    3308    3230
    3345    3381    3346    3120    3122    3121    3343    3431    3342    3107
    3200    3106    3327    3636    3376    3257    3531    3199    3123    3124
    3122    3312    3342    3261    3357    3397    3308    3200    3261    3252
    3616    3642    3630    3360    3627    3266    3103    3120    3119    3167
    3216    3215    3098    3101    3099    3094    3098    3095    3215    3572
    3571    3089    3092    3091    3616    3630    3124    3627    3637    3301
    3109    3628    3107    3362    3369    3327    3464    3465    3463    3091
    3094    3093     144    3649    3017    3263    3362    3327    3101    3103
    3099    3098    3099    3095    3094    3095    3093    3371    3634    3370
    3724    3726    3088    3216    3572    3215    3240    3242    3241    3225
    3226    3224    3360    3637    3627    3098    3632    3102    3370    3641
    3620    3200    3628    3312    3107    3628    3200    3433    3629    3342
    3398    3633    3308    3175    3633    3619    3085    3088    3087    3122
    3630    3168    3261    3629    3262    3168    3630    3250    3091    3093
    3090    3089    3090    3087    3085    3086    3083    3230    3633    3175
    3301    3637    3395    3663    3668    3361    3124    3630    3122    3226
    3236    3235    3196    3238    3237    3342    3629    3261    3170    3628
    3109    3221    3222    3220    3364    3365    3324    3222    3225    3224
    3315    3391    3316    3419    3637    3360    3088    3089    3087    3089
    3091    3090    3081    3084    3083    3113    3641    3111    3094    3632
    3098    3324    3655    3646    3308    3633    3230    3081    3082    3079
    3103    3639    3623    3119    3635    3099    3240    3241    3238    3256
    3296    3241    3091    3631    3094    3620    3641    3113    3085    3087
    3086    3626    3639    3104    3242    3256    3241    3104    3639    3101
    3217    3218    3216    3152    3196    3195    3095    3635    3097    3294
    3676    3258    3084    3085    3083    3369    3636    3327    3092    3631
    3091    3101    3639    3103    3218    3221    3220    3352    3421    3296
    3099    3635    3095    3256    3352    3296    3349    3351    3348    3139
    3201    3138    3081    3083    3082    3720    3722    3084    3077    3078
    3075    3631    3632    3094    3073    3076    3075    3077    3080    3079
    3111    3641    3170    3302    3409    3303    3150    3152    3151    3323
    3324    3321    3355    3642    3616    3151    3319    3149    3077    3079
    3078    3080    3081    3079    3196    3237    3195    3166    3167    3137
    3076    3077    3075    3427    3428    3426    3073    3074    3071    3237
    3247    3195    3176    3664    3306    3314    3315    3247    3238    3645
    3237    3314    3430    3315    3633    3647    3619    3069    3072    3071
    3141    3142    3140    3070    3140    3068    3194    3659    3318    3167
    3217    3216    3152    3195    3151    3073    3075    3074    3136    3320
    3166    3398    3647    3633    3406    3417    3416    3237    3314    3247
    3312    3657    3343    3072    3073    3071    3323    3364    3324    3143
    3148    3145    3148    3150    3149    3127    3129    3128    3241    3645
    3238    3657    3665    3343    3038    3761    3454    3320    3322    3321
    3066    3127    3126    3543    3688    3542    3078    3688    3684    3143
    3144    3142    3150    3151    3149    3619    3647    3248    3030    3413
    3032    3639    3653    3623    3159    3160    3157    3145    3146    3144
    3626    3653    3639    3237    3645    3314    3322    3426    3323    3296
    3645    3241    3129    3131    3130    3341    3719    3691    3417    3418
    3416    3345    3346    3292    3229    3667    3656    3656    3667    3320
    3332    3411    3410    3320    3321    3166    3131    3134    3132    3322
    3323    3321    3136    3137    3133    3136    3166    3137    3132    3133
    3130    3146    3197    3171    3290    3406    3405    3148    3149    3145
    3339    3340    3337    3692    3693    3542    3143    3145    3144    3070
    3141    3140    3151    3644    3319    3141    3143    3142    3166    3646
    3167    3322    3667    3427    3067    3068    3065    3069    3071    3070
    3167    3646    3217    3074    3648    3071     145    3649     144    3245
    3291    3244    3386    3387    3385    3324    3646    3321    3195    3644
    3151    3247    3644    3195    3634    3657    3170    3623    3653    3615
    3131    3132    3130    3653    3659    3615    3066    3643    3127    3562
    3739    3234    3170    3657    3628    3129    3130    3128    3132    3136
    3133    3317    3653    3626    3406    3416    3405    3127    3128    3126
    3414    3415    3294    3317    3659    3653    3305    3363    3304    3365
    3655    3324    3421    3658    3296    3063    3064    3061    3128    3325
    3126    3321    3646    3166    3319    3650    3149    3436    3454    3363
    3634    3665    3657    3296    3658    3645    3343    3665    3432    3344
    3385    3340    3141    3648    3638    3290    3302    3257    3628    3657
    3312    3645    3658    3314    3381    3382    3346    3670    3737    3617
    3573    3689    3624    3066    3067    3065    3063    3066    3065    3615
    3659    3194    3071    3648    3070    3191    3735    3727    3066    3126
    3067    3067    3069    3068    3138    3229    3134    3358    3679    3389
    3145    3650    3146    3069    3070    3068    3198    3290    3257    3146
    3650    3197    3366    3367    3331    3659    3663    3318    3065    3652
    3064    3314    3658    3430    3149    3650    3145    3290    3405    3302
    3140    3652    3068    3189    3258    3190    3063    3065    3064    3262
    3663    3317    3209    3678    3206    3070    3648    3141    3163    3164
    3160    3234    3664    3176    3723    3733    3374    3136    3656    3320
    3356    3400    3297    3265    3297    3228    3712    3716    3080    3062
    3643    3063    3134    3656    3132    3262    3668    3663    3265    3390
    3356    3491    3654    3492    3063    3643    3066    3067    3651    3069
    3207    3704    3208    3059    3060    3057    3680    3684    3545    3371
    3665    3634    3159    3163    3160    3068    3652    3065    3055    3056
    3053    3059    3062    3061    3174    3244    3228    3229    3656    3134
    3126    3651    3067    3171    3660    3198    3629    3668    3262    3132
    3656    3136    3069    3651    3072    3158    3162    3161    3062    3063
    3061    3133    3661    3130    3664    3670    3306    3197    3660    3171
    3290    3660    3406    3335    3337    3336    3173    3233    3161    3317
    3663    3659    3061    3666    3060    3179    3180    3164    3320    3667
    3322    3055    3058    3057    3162    3174    3173    3560    3691    3310
    3051    3054    3053    3128    3661    3325    3650    3671    3197    3059
    3061    3060    3332    3410    3366    3130    3661    3128    3048    3153
    3045    3226    3686    3236    3392    3709    3702    3618    3666    3064
    3325    3651    3126    3332    3366    3331    3366    3420    3367    3330
    3332    3331    3198    3660    3290    3265    3356    3297    3319    3671
    3650    3078    3684    3075    3051    3052    3049    3574    3671    3319
    3054    3055    3053    3390    3393    3356    3385    3396    3340    3158
    3159    3157    3064    3666    3061    3278    3349    3348    3074    3680
    3648    3154    3155    3153    3156    3157    3155    3333    3335    3334
    3058    3059    3057    3244    3265    3228    3163    3330    3179    3696
    3697    3372    3573    3701    3689    3453    3455    3452    3154    3329
    3156    3174    3228    3173    3158    3161    3159    3373    3693    3372
    3336    3408    3334    3291    3662    3244    3086    3697    3696    3337
    3338    3336    3163    3179    3164    3034    3116    3036    3684    3688
    3545    3187    3706    3690    3002    3030    3029    3558    3710    3559
    3046    3050    3049    3330    3331    3179    3376    3694    3326    3156
    3158    3157    3260    3333    3299    3051    3053    3052    3690    3706
    3333    3222    3687    3225    3491    3751    3654    3162    3173    3161
    3229    3683    3532    3055    3057    3056    3180    3191    3182    3392
    3702    3574    3197    3682    3660    3406    3682    3417    3050    3051
    3049    3206    3678    3205    3154    3156    3155    3648    3680    3638
    3328    3697    3375    3043    3047    3041    3265    3662    3390    3244
    3662    3265    3617    3679    3358    3335    3336    3334    3184    3187
    3186    3660    3682    3406    3367    3675    3331    3083    3696    3082
    3138    3683    3229    3211    3287    3209    3046    3049    3048    3218
    3695    3221     367    2983     368    3333    3334    3299    3701    3710
    3076    3048    3154    3153    3337    3672    3338    3297    3673    3228
    3287    3678    3209    3638    3680    3546    3415    3676    3294    3340
    3672    3337    3082    3692    3079    3335    3706    3339    3075    3684
    3074    3087    3703    3086    3688    3692    3542    3201    3683    3138
    3225    3686    3226    3179    3675    3180    3233    3669    3161    3451
    3452    3450    3173    3673    3233    3159    3669    3163    3073    3701
    3076    3402    3404    3403    3180    3675    3191    3161    3669    3159
    3414    3444    3415    3451    3453    3452    3299    3414    3294    3331
    3675    3179    3158    3674    3162    3731    3734    3092    3332    3699
    3411    3228    3673    3173    3074    3684    3680    3396    3672    3340
    3554    3716    3555    3046    3048    3045    3329    3674    3156    3269
    3708    3270    3260    3294    3258    3156    3674    3158    3545    3688
    3543    3163    3669    3330    3260    3299    3294    3671    3682    3197
    3052    3677    3049    3079    3692    3078    3655    3695    3217    3044
    3045    3043    3059    3698    3062    3044    3046    3045    3040    3096
    3042    3221    3687    3222    3449    3450    3448    3569    3719    3097
    3049    3677    3048    3624    3689    3325    3233    3699    3669    3154
    3677    3329    3153    3681    3045    3408    3685    3334    3341    3715
    3284    3077    3712    3080    3310    3691    3569    3560    3715    3691
    3042    3044    3043    3449    3451    3450    3542    3693    3373    3042
    3043    3041    3273    3305    3304    3305    3436    3363    3550    3722
    3551    3669    3699    3330    3326    3694    3560    3475    3476    3472
    3043    3681    3047    3048    3677    3154    3097    3717    3093    3283
    3718    3242    3189    3260    3258    3393    3700    3356    3376    3718
    3694    3651    3689    3072    3693    3696    3372    3082    3696    3693
    3334    3685    3299    3081    3720    3084    3325    3689    3651    3372
    3697    3328    3636    3730    3376    3217    3695    3218    3554    3722
    3720    3558    3712    3710    3030    3031    3029    3271    3487    3268
    3299    3685    3414    3689    3701    3072    3086    3696    3083    3260
    3690    3333    3045    3681    3043    3558    3716    3712    3676    3705
    3259    3058    3698    3059    3550    3726    3724     368    3459     369
    3379    3726    3549    3697    3703    3375    3086    3703    3697    3040
    3042    3041    3078    3692    3688    3437    3448    3436    3573    3710
    3701    3187    3690    3186    3259    3705    3278    3278    3705    3349
    3402    3403    3279    3349    3368    3351    3208    3704    3213    3040
    3041    3039    3356    3700    3400    3437    3449    3448    3072    3701
    3073    3702    3709    3417    2998    3475    3472    3085    3724    3088
    3186    3690    3189    3038    3039    3037    3727    3735    3504    3469
    3743    3468    3676    3729    3705    3090    3703    3087    3097    3719
    3717    3401    3714    3673    3187    3727    3504    3733    3736    3374
    3330    3699    3332    3474    3830    3403    3214    3711    3707    3505
    3748    3207    3691    3715    3341    3038    3040    3039    3376    3730
    3718     358    3732    2997    3493    3742    3269    3036    3037    3035
    3054    3728    3055    3344    3735    3386    3189    3690    3260    3305
    3437    3436    3036    3038    3037    3214    3707    3520    3089    3731
    3092    3349    3424    3368    3694    3718    3283    3682    3702    3417
    3559    3710    3573    3037    3100    3035    3564    3738    3562    3703
    3717    3375    3574    3702    3671    3417    3709    3418    3705    3729
    3424    3384    3711    3214    3349    3705    3424    3030    3032    3031
    3671    3702    3682    3333    3706    3335    3345    3736    3381    3090
    3717    3703    3235    3737    3288    3699    3714    3411    3007    3787
    3584    3076    3712    3077    3034    3035    3033    3034    3036    3035
     369    3002     370    3056    3733    3053    3554    3720    3716    3284
    3715    3283    3288    3737    3670    3191    3727    3182    3555    3716
    3558    3184    3727    3187    3379    3734    3731     365    3006     366
    3673    3714    3233    3233    3714    3699    3093    3717    3090    3424
    3480    3368    3242    3718    3256    3531    3756    3384    3058    3713
    3698    3032    3034    3033    3303    3757    3531    3375    3719    3341
    3032    3033    3031    3006    3422     366    3080    3720    3081    3710
    3712    3076    3270    3708    3273    3058    3728    3713    3551    3722
    3554    3655    3743    3695    3717    3719    3375    3550    3724    3722
    3213    3750    3493     364    3434     365    3329    3723    3548    3084
    3724    3085    3718    3730    3256    3368    3782    3351    3060    3744
    3741    3384    3756    3753    3273    3708    3305    3019    3825    3465
    3549    3726    3550    3088    3731    3089    3409    3758    3303    3695
    3743    3469    3033    3165    3031    3029    3353    3028    3379    3731
    3726    3677    3723    3329    3256    3730    3352    3303    3758    3757
    3052    3723    3677    3305    3708    3437    3182    3727    3184    3055
    3728    3058    3269    3742    3708    3378    3738    3734    3378    3734
    3379    3384    3753    3711    3052    3733    3723    3060    3741    3057
     359    3732     358    3716    3720    3080    3002    3029    3028    3531
    3757    3756    3053    3733    3052    3517    3778    3483    3031    3725
    3029    3738    3739    3562    3734    3738    3621    3675    3740    3191
    3092    3734    3621     371    3024     372    3504    3735    3344    3302
    3746    3409    3530    3747    3618    3029    3725    3353    3044    3760
    3460    3374    3736    3345    3415    3729    3676    3057    3741    3056
    3236    3737    3235    3621    3738    3564    3035    3721    3033    3002
    3028     370    3367    3740    3675    3377    3739    3378    3722    3724
    3084    3741    3744    3381    3735    3740    3386    3708    3742    3437
    3533    3794    3396    3726    3731    3088    3100    3721    3035    3367
    3745    3740    3704    3754    3213    3736    3741    3381    3523    3749
    3506    3009    3755     360    3346    3753    3292    3493    3750    3742
    3213    3754    3750    3740    3745    3386    3381    3744    3382    3386
    3745    3387    3191    3740    3735    3033    3721    3165    3437    3742
    3449    3056    3741    3736    3165    3725    3031    3365    3743    3655
    3378    3739    3738    3711    3753    3346    2999    3841    3685    3039
    3751    3037    3666    3744    3060    3654    3751    3039    3388    3759
    3357    3457    3748    3458    3744    3747    3382     271    3785    3444
     359    3755    3732    3362    3784    3598    3506    3749    3505    3420
    3745    3367    3405    3746    3302    3742    3750    3449    3666    3747
    3744    3618    3747    3666    3395    3763    3412    3419    3763    3637
    3042    3760    3044    3449    3750    3451    3351    3752    3435    3525
    3780    3509    3036    3761    3038    3576    3773    2986    3750    3754
    3451    3600    3764    3601    3292    3753    3291     360    3755     359
     363    3767     362    3023    3765    3580     167    3765     166    3451
    3754    3453    3753    3756    3291    3037    3751    3100    3291    3756
    3662    3505    3749    3748     361    3766    3009    3748    3749    3458
    3756    3757    3662    3662    3757    3390    2985    3771    3609    3757
    3758    3390    3390    3758    3393    3357    3759    3397    3366    3769
    3420    3583    3811    3264    3466    3798    3019     310    3770     309
    3022    3799    3479    3000    3812    3441    3369    3776    3636    3096
    3760    3042    3298    3762    3402    3116    3761    3036     326    3772
     325     150    3845    3446    3403    3799    3473    3637    3763    3395
    3515    3771    3516    3408    3846    3519    3482    3778    3484     268
    3781    3480    2994    3769    3500    3018    3775     148     147    3775
    2985    3409    3768    3758    3352    3764    3421    3015    3776    3599
    2989    3764    3600    3514    3777    3518    3446    3773    3364    3593
    3791    3026    3433    3837    3614     166    3765    3023    3478    3788
    3477     267    3781     268    3508    3774    3478    3608    3823    3361
    3421    3779    3658    3591    3814    3398     362    3766     361     270
    3785     271    3642    3783    3250    3250    3784    3231    3263    3784
    3362    3584    3787    3383    3392    3786    3709     325    3789     324
     350    3790     349    3315    3793    3391    3484    3848    3267    3513
    3792    3517     342    3795    3013    3007    3796     347     346    3796
    3027    3476    3804    3472    3410    3769    3366    3271    3801    3487
    3472    3801    3471    3599    3806    2992    3371    3800    3665    3498
    3821    2988    3246    3808    3264    3385    3807    3396    3584    3811
    3581    3596    3812    3594    3609    3771    3515    3272    3830    3271
     311    3813     310    3589    3814    3588    2996    3817    3605    3439
    3818    3438    3394    3819    3622    3758    3768    3393     309    3770
    3005    3539    3832    3014    3021    3822    3614    3011    3838    3499
    3361    3823    3359    3610    3825     155     154    3825    3019    3201
    3777    3683    3536    3827    3025       9    3827     344     277    3827
       9     345    3828       7       7    3828     167     306    3829      12
      12    3829     363    3611    3831    3612    3019    3798    3575     151
    3845     150    3683    3844    3532    3267    3848    3211    3338    3836
    3336    3416    3832    3405    3446    3805     150    3769    3838    3500
    3577    3820    3438    3404    3799    3403    3409    3835    3768    3685
    3841    3414    3746    3832    3539    3403    3830    3279    3420    3780
    3745     362    3767    3766    3298    3788    3762     348    3810    3007
    3205    3792    3518    3636    3839    3730    3014    3772     326    3264
    3811    3625    3441    3812    3442    3764    3839    3601    3589    3808
    3248    3364    3773    3365    3410    3838    3769    3433    3842    3629
    3380    3824    3295    3267    3804    3484    3398    3814    3647    3013
    3794    3533    2990    3786    3604    3018    3805    3445    3771    3844
    3516    3762    3833    3402    3498    3809    3401    3413    3774    3508
    3438    3820    3388    3769    3849    3420     148    3775     147    3487
    3804    3267    3764    3843    3421    3026    3791    3767    3483    3778
    3482    2989    3843    3764    2991    3835    3539    3601    3776    3015
    3516    3777    3514    3576    3798    3468    3528    3816    3768    3352
    3839    3764    3393    3816    3700     149    3805    3018    3700    3816
    3010    3008    3782    3781    3539    3835    3746    2985    3850    3771
    3658    3779    3430    3411    3809    3499    3008    3781     267    3486
    3782    3008     150    3805     149    3536    3795     343    3745    3780
    3387    3678    3792    3205    3429    3844    3771    3714    3809    3411
    3592    3808    3589    3610    3818    3463    3401    3809    3714    3775
    3850    2985    3442    3783    3642    2995    3785     270    2994    3849
    3769    3231    3784    3263    3479    3797     135    3391    3786    3392
     265    3803    3485    3477    3788    3298    3778    3848    3484    2987
    3818    3610    3612    3831    3800    3383    3787    3425    3535    3840
    3537    3473    3799    3022     324    3789    2990    3001    3790     350
    3412    3791    3399    3518    3792    3513    3430    3793    3315    3575
    3798    3576    3388    3820    3759    3396    3794    3672    3001    3802
    3790    3537    3795    3536     343    3795     342    3007    3810    3787
     347    3796     346    3445    3805    3446    3468    3798    3466    3471
    3801    3474    3612    3802    3001    3665    3800    3432    3484    3804
    3476     349    3810     348    2992    3806    3597    3012    3846    3538
     364    3797    3434    3822    3842    3433    3387    3807    3385    3446
    3845    3773    3499    3809    3498    3248    3808    3246    3024    3803
     372    3361    3847    3608    3581    3811    3583    3594    3812    3000
    3794    3826    3672    3802    3824    3380    3771    3850    3429    3000
    3813     311    3759    3820    3020    3588    3814    3591    3538    3840
    3535    3010    3816    3528    3295    3824    3371     363    3829    3767
     167    3828    3765    3519    3846    3012    3591    3817    2996    3463
    3818    3439    3459    3851    3413    2988    3821    3503    3421    3843
    3779    3399    3819    3394    3020    3820    3577    3607    3822    3021
    3359    3823    3407     155    3825     154    3768    3816    3393    3672
    3826    3338    3279    3830    3272    3402    3833    3404    3025    3827
     277    3026    3829     306    3027    3828     345    3831    3834    3432
    3613    3831    3611    3420    3849    3780    3613    3834    3831    3432
    3834    3431    2993    3834    3613    3428    3850    3775    3834    3837
    3431    3746    3835    3409    2993    3837    3834    3336    3836    3408
    3500    3838    3011    3431    3837    3433    3614    3837    2993    3773
    3845    2986    3629    3842    3668    3509    3849    2994    3405    3832
    3746    3668    3847    3361    3602    3843    2989    3532    3844    3429
    2986    3845     151    3414    3841    3444    3608    3847    3607    3730
    3839    3352    3429    3850    3428    3211    3848    3287    3767    3829
    3026    3765    3828    3027    3842    3847    3668    3607    3847    3842
    3287    3848    3778    3413    3851    3774    3537    3840    3826    3780
    3849    3509    3787    3810    3425    3779    3843    3602    3538    3846
    3836    3612    3824    3802    3800    3831    3432    3826    3840    3338
    3607    3842    3822    3836    3846    3408

MATERIAL_ELEMENT = 7422
1
1
1
1
1
1
1
1
1
1
1
1
1
1
1
1
1
1
1
1
1
1
1
1
1
1
1
1
1
1
1
1
1
1
1
1
1
1
1
1
1
1
1
1
1
1
1
1
1
1
1
1
1
1
1
1
1
1
1
1
1
1
1
1
1
1
1
1
1
1
1
1
1
1
1
1
1
1
1
1
1
1
1
1
1
1
1
1
1
1
1
1
1
1
1
1
1
1
1
1
1
1
1
1
1
1
1
1
1
1
1
1
1
1
1
1
1
1
1
1
1
1
1
1
1
1
1
1
1
1
1
1
1
1
1
1
1
1
1
1
1
1
1
1
1
1
1
1
1
1
1
1
1
1
1
1
1
1
1
1
1
1
1
1
1
1
1
1
1
1
1
1
1
1
1
1
1
1
1
1
1
1
1
1
1
1
1
1
1
1
1
1
1
1
1
1
1
1
1
1
1
1
1
1
1
1
1
1
1
1
1
1
1
1
1
1
1
1
1
1
1
1
1
1
1
1
1
1
1
1
1
1
1
1
1
1
1
1
1
1
1
1
1
1
1
1
1
1
1
1
1
1
1
1
1
1
1
1
1
1
1
1
1
1
1
1
1
1
1
1
1
1
1
1
1
1
1
1
1
1
1
1
1
1
1
1
1
1
1
1
1
1
1
1
1
1
1
1
1
1
1
1
1
1
1
1
1
1
1
1
1
1
1
1
1
1
1
1
1
1
1
1
1
1
1
1
1
1
1
1
1
1
1
1
1
1
1
1
1
1
1
1
1
1
1
1
1
1
1
1
1
1
1
1
1
1
1
1
1
1
1
1
1
1
1
1
1
1
1
1
1
1
1
1
1
1
1
1
1
1
1
1
1
1
1
1
1
1
1
1
1
1
1
1
1
1
1
1
1
1
1
1
1
1
1
1
1
1
1
1
1
1
1
1
1
1
1
1
1
1
1
1
1
1
1
1
1
1
1
1
1
1
1
1
1
1
1
1
1
1
1
1
1
1
1
1
1
1
1
1
1
1
1
1
1
1
1
1
1
1
1
1
1
1
1
1
1
1
1
1
1
1
1
1
1
1
1
1
1
1
1
1
1
1
1
1
1
1
1
1
1
1
1
1
1
1
1
1
1
1
1
1
1
1
1
1
1
1
1
1
1
1
1
1
1
1
1
1
1
1
1
1
1
1
1
1
1
1
1
1
1
1
1
1
1
1
1
1
1
1
1
1
1
1
1
1
1
1
1
1
1
1
1
1
1
1
1
1
1
1
1
1
1
1
1
1
1
1
1
1
1
1
1
1
1
1
1
1
1
1
1
1
1
1
1
1
1
1
1
1
1
1
1
1
1
1
1
1
1
1
1
1
1
1
1
1
1
1
1
1
1
1
1
1
1
1
1
1
1
1
1
1
1
1
1
1
1
1
1
1
1
1
1
1
1
1
1
1
1
1
1
1
1
1
1
1
1
1
1
1
1
1
1
1
1
1
1
1
1
1
1
1
1
1
1
1
1
1
1
1
1
1
1
1
1
1
1
1
1
1
1
1
1
1
1
1
1
1
1
1
1
1
1
1
1
1
1
1
1
1
1
1
1
1
1
1
1
1
1
1
1
1
1
1
1
1
1
1
1
1
1
1
1
1
1
1
1
1
1
1
1
1
1
1
1
1
1
1
1
1
1
1
1
1
1
1
1
1
1
1
1
1
1
1
1
1
1
1
1
1
1
1
1
1
1
1
1
1
1
1
1
1
1
1
1
1
1
1
1
1
1
1
1
1
1
1
1
1
1
1
1
1
1
1
1
1
1
1
1
1
1
1
1
1
1
1
1
1
1
1
1
1
1
1
1
1
1
1
1
1
1
1
1
1
1
1
1
1
1
1
1
1
1
1
1
1
1
1
1
1
1
1
1
1
1
1
1
1
1
1
1
1
1
1
1
1
1
1
1
1
1
1
1
1
1
1
1
1
1
1
1
1
1
1
1
1
1
1
1
1
1
1
1
1
1
1
1
1
1
1
1
1
1
1
1
1
1
1
1
1
1
1
1
1
1
1
1
1
1
1
1
1
1
1
1
1
1
1
1
1
1
1
1
1
1
1
1
1
1
1
1
1
1
1
1
1
1
1
1
1
1
1
1
1
1
1
1
1
1
1
1
1
1
1
1
1
1
1
1
1
1
1
1
1
1
1
1
1
1
1
1
1
1
1
1
1
1
1
1
1
1
1
1
1
1
1
1
1
1
1
1
1
1
1
1
1
1
1
1
1
1
1
1
1
1
1
1
1
1
1
1
1
1
1
1
1
1
1
1
1
1
1
1
1
1
1
1
1
1
1
1
1
1
1
1
1
1
1
1
1
1
1
1
1
1
1
1
1
1
1
1
1
1
1
1
1
1
1
1
1
1
1
1
1
1
1
1
1
1
1
1
1
1
1
1
1
1
1
1
1
1
1
1
1
1
1
1
1
1
1
1
1
1
1
1
1
1
1
1
1
1
1
1
1
1
1
1
1
1
1
1
1
1
1
1
1
1
1
1
1
1
1
1
1
1
1
1
1
1
1
1
1
1
1
1
1
1
1
1
1
1
1
1
1
1
1
1
1
1
1
1
1
1
1
1
1
1
1
1
1
1
1
1
1
1
1
1
1
1
1
1
1
1
1
1
1
1
1
1
1
1
1
1
1
1
1
1
1
1
1
1
1
1
1
1
1
1
1
1
1
1
1
1
1
1
1
1
1
1
1
1
1
1
1
1
1
1
1
1
1
1
1
1
1
1
1
1
1
1
1
1
1
1
1
1
1
1
1
1
1
1
1
1
1
1
1
1
1
1
1
1
1
1
1
1
1
1
1
1
1
1
1
1
1
1
1
1
1
1
1
1
1
1
1
1
1
1
1
1
1
1
1
1
1
1
1
1
1
1
1
1
1
1
1
1
1
1
1
1
1
1
1
1
1
1
1
1
1
1
1
1
1
1
1
1
1
1
1
1
1
1
1
1
1
1
1
1
1
1
1
1
1
1
1
1
1
1
1
1
1
1
1
1
1
1
1
1
1
1
1
1
1
1
1
1
1
1
1
1
1
1
1
1
1
1
1
1
1
1
1
1
1
1
1
1
1
1
1
1
1
1
1
1
1
1
1
1
1
1
1
1
1
1
1
1
1
1
1
1
1
1
1
1
1
1
1
1
1
1
1
1
1
1
1
1
1
1
1
1
1
1
1
1
1
1
1
1
1
1
1
1
1
1
1
1
1
1
1
1
1
1
1
1
1
1
1
1
1
1
1
1
1
1
1
1
1
1
1
1
1
1
1
1
1
1
1
1
1
1
1
1
1
1
1
1
1
1
1
1
1
1
1
1
1
1
1
1
1
1
1
1
1
1
1
1
1
1
1
1
1
1
1
1
1
1
1
1
1
1
1
1
1
1
1
1
1
1
1
1
1
1
1
1
1
1
1
1
1
1
1
1
1
1
1
1
1
1
1
1
1
1
1
1
1
1
1
1
1
1
1
1
1
1
1
1
1
1
1
1
1
1
1
1
1
1
1
1
1
1
1
1
1
1
1
1
1
1
1
1
1
1
1
1
1
1
1
1
1
1
1
1
1
1
1
1
1
1
1
1
1
1
1
1
1
1
1
1
1
1
1
1
1
1
1
1
1
1
1
1
1
1
1
1
1
1
1
1
1
1
1
1
1
1
1
1
1
1
1
1
1
1
1
1
1
1
1
1
1
1
1
1
1
1
1
1
1
1
1
1
1
1
1
1
1
1
1
1
1
1
1
1
1
1
1
1
1
1
1
1
1
1
1
1
1
1
1
1
1
1
1
1
1
1
1
1
1
1
1
1
1
1
1
1
1
1
1
1
1
1
1
1
1
1
1
1
1
1
1
1
1
1
1
1
1
1
1
1
1
1
1
1
1
1
1
1
1
1
1
1
1
1
1
1
1
1
1
1
1
1
1
1
1
1
1
1
1
1
1
1
1
1
1
1
1
1
1
1
1
1
1
1
1
1
1
1
1
1
1
1
1
1
1
1
1
1
1
1
1
1
1
1
1
1
1
1
1
1
1
1
1
1
1
1
1
1
1
1
1
1
1
1
1
1
1
1
1
1
1
1
1
1
1
1
1
1
1
1
1
1
1
1
1
1
1
1
1
1
1
1
1
1
1
1
1
1
1
1
1
1
1
1
1
1
1
1
1
1
1
3
3
3
3
3
3
3
3
3
3
3
3
3
3
3
3
3
3
3
3
3
3
3
3
3
3
3
3
3
3
3
3
3
3
3
3
3
3
3
3
3
3
3
3
3
3
3
3
3
3
3
3
3
3
3
3
3
3
3
3
3
3
3
3
3
3
3
3
3
3
3
3
3
3
3
3
3
3
3
3
3
3
3
3
3
3
3
3
3
3
3
3
3
3
3
3
3
3
3
3
3
3
3
3
3
3
3
3
3
3
3
3
3
3
3
3
3
3
3
3
3
3
3
3
3
3
3
3
3
3
3
3
3
3
3
3
3
3
3
3
3
3
3
3
3
3
3
3
3
3
3
3
3
3
3
3
3
3
3
3
3
3
3
3
3
3
3
3
3
3
3
3
3
3
3
3
3
3
3
3
3
3
3
3
3
3
3
3
3
3
3
3
3
3
3
3
3
3
3
3
3
3
3
3
3
3
3
3
3
3
3
3
3
3
3
3
3
3
3
3
3
3
3
3
3
3
3
3
3
3
3
3
3
3
3
3
3
3
3
3
3
3
3
3
3
3
3
3
3
3
3
3
3
3
3
3
3
3
3
3
3
3
3
3
3
3
3
3
3
3
3
3
3
3
3
3
3
3
3
3
3
3
3
3
3
3
3
3
3
3
3
3
3
3
3
3
3
3
3
3
3
3
3
3
3
3
3
3
3
3
3
3
3
3
3
3
3
3
3
3
3
3
3
3
3
3
3
3
3
3
3
3
3
3
3
3
3
3
3
3
3
3
3
3
3
3
3
3
3
3
3
3
3
3
3
3
3
3
3
3
3
3
3
3
3
3
3
3
3
3
3
3
3
3
3
3
3
3
3
3
3
3
3
3
3
3
3
3
3
3
3
3
3
3
3
3
3
3
3
3
3
3
3
3
3
3
3
3
3
3
3
3
3
3
3
3
3
3
3
3
3
3
3
3
3
3
3
3
3
3
3
3
3
3
3
3
3
3
3
3
3
3
3
3
3
3
3
3
3
3
3
3
3
3
3
3
3
3
3
3
3
3
3
3
3
3
3
3
3
3
3
3
3
3
3
3
3
3
3
3
3
3
3
3
3
3
3
3
3
3
3
3
3
3
3
3
3
3
3
3
3
3
3
3
3
3
3
3
3
3
3
3
3
3
3
3
3
3
3
3
3
3
3
3
3
3
3
3
3
3
3
3
3
3
3
3
3
3
3
3
3
3
3
3
3
3
3
3
3
3
3
3
3
3
3
3
3
3
3
3
3
3
3
3
3
3
3
3
3
3
3
3
3
3
3
3
3
3
3
3
3
3
3
3
3
3
3
3
3
3
3
3
3
3
3
3
3
3
3
3
3
3
3
3
3
3
3
3
3
3
3
3
3
3
3
3
3
3
3
3
3
3
3
3
3
3
3
3
3
3
3
3
3
3
3
3
3
3
3
3
3
3
3
3
3
3
3
3
3
3
3
3
3
3
3
3
3
3
3
3
3
3
3
3
3
3
3
3
3
3
3
3
3
3
3
3
3
3
3
3
3
3
3
3
3
3
3
3
3
3
3
3
3
3
3
3
3
3
3
3
3
3
3
3
3
3
3
3
3
3
3
3
3
3
3
3
3
3
3
3
3
3
3
3
3
3
3
3
3
3
3
3
3
3
3
3
3
3
3
3
3
3
3
3
3
3
3
3
3
3
3
3
3
3
3
3
3
3
3
3
3
3
3
3
3
3
3
3
3
3
3
3
3
3
3
3
3
3
3
3
3
3
3
3
3
3
3
3
3
3
3
3
3
3
3
3
3
3
3
3
3
3
3
3
3
3
3
3
3
3
3
3
3
3
3
3
3
3
3
3
3
3
3
3
3
3
3
3
3
3
3
3
3
3
3
3
3
3
3
3
3
3
3
3
3
3
3
3
3
3
3
3
3
3
3
3
3
3
3
3
3
3
3
3
3
3
3
3
3
3
3
3
3
3
3
3
3
3
3
3
3
3
3
3
3
3
3
3
3
3
3
3
3
3
3
3
3
3
3
3
3
3
3
3
3
3
3
3
3
3
3
3
3
3
3
3
3
3
3
3
3
3
3
3
3
3
3
3
3
3
3
3
3
3
3
3
3
3
3
3
3
3
3
3
3
3
3
3
3
3
3
3
3
3
3
3
3
3
3
3
3
3
3
3
3
3
3
3
3
3
3
3
3
3
3
3
3
3
3
3
3
3
3
3
3
3
3
3
3
3
3
3
3
3
3
3
3
3
3
3
3
3
3
3
3
3
3
3
3
3
3
3
3
3
3
3
3
3
3
3
3
3
3
3
3
3
3
3
3
3
3
3
3
3
3
3
3
3
3
3
3
3
3
3
3
3
3
3
3
3
3
3
3
3
3
3
3
3
3
3
3
3
3
3
3
3
3
3
3
3
3
3
3
3
3
3
3
3
3
3
3
3
3
3
3
3
3
3
3
3
3
3
3
3
3
3
3
3
3
3
3
3
3
3
3
3
3
3
3
3
3
3
3
3
3
3
3
3
3
3
3
3
3
3
3
3
3
3
3
3
3
3
3
3
3
3
3
3
3
3
3
3
3
3
3
3
3
3
3
3
3
3
3
3
3
3
3
3
3
3
3
3
3
3
3
3
3
3
3
3
3
3
3
3
3
3
3
3
3
3
3
3
3
3
3
3
3
3
3
3
3
3
3
3
3
3
3
3
3
3
3
3
3
3
3
3
3
3
3
3
3
3
3
3
3
3
3
3
3
3
3
3
3
3
3
3
3
3
3
3
3
3
3
3
3
3
3
3
3
3
3
3
3
3
3
3
3
3
3
3
3
3
3
3
3
3
3
3
3
3
3
3
3
3
3
3
3
3
3
3
3
3
3
3
3
3
3
3
3
3
3
3
3
3
3
3
3
3
3
3
3
3
3
3
3
3
3
3
3
3
3
3
3
3
3
3
3
3
3
3
3
3
3
3
3
3
3
3
3
3
3
3
3
3
3
3
3
3
3
3
3
3
3
3
3
3
3
3
3
3
3
3
3
3
3
3
3
3
3
3
3
3
3
3
3
3
3
3
3
3
3
3
3
3
3
3
3
3
3
3
3
3
3
3
3
3
3
3
3
3
3
3
3
3
3
3
3
3
3
3
3
3
3
3
3
3
3
3
3
3
3
3
3
3
3
3
3
3
3
3
3
3
3
3
3
3
3
3
3
3
3
3
3
3
3
3
3
3
3
3
3
3
3
3
3
3
3
3
3
3
3
3
3
3
3
3
3
3
3
3
3
3
3
3
3
3
3
3
3
3
3
3
3
3
3
3
3
3
3
3
3
3
3
3
3
3
3
3
3
3
3
3
3
3
3
3
3
3
3
3
3
3
3
3
3
3
3
3
3
3
3
3
3
3
3
3
3
3
3
3
3
3
3
3
3
3
3
3
3
3
3
3
3
3
3
3
3
3
3
3
3
3
3
3
3
3
3
3
3
3
3
3
3
3
3
3
3
3
3
3
3
3
3
3
3
3
3
3
3
3
3
3
3
3
3
3
3
3
3
3
3
3
3
3
3
3
3
3
3
3
3
3
3
3
3
3
3
3
3
3
3
3
3
3
3
3
3
3
3
3
3
3
3
3
3
3
3
3
3
3
3
3
3
3
3
3
3
3
3
3
3
3
3
3
3
3
3
3
3
3
3
3
3
3
3
3
3
3
3
3
3
3
3
3
3
3
3
3
3
3
3
3
3
3
3
3
3
3
3
3
3
3
3
3
3
3
3
3
3
3
3
3
3
3
3
3
3
3
3
3
3
3
3
3
3
3
3
3
3
3
3
3
3
3
3
3
3
3
3
3
3
3
3
3
3
3
3
3
3
3
3
3
3
3
3
3
3
3
3
3
3
3
3
3
3
3
3
3
3
3
3
3
3
3
3
3
3
3
3
3
3
3
3
3
3
3
3
3
3
3
3
3
3
3
3
3
3
3
3
3
3
3
3
3
3
3
3
3
3
3
3
3
3
3
3
3
3
3
3
3
3
3
3
3
3
3
3
3
3
3
3
3
3
3
3
3
3
3
3
3
3
3
3
3
3
3
3
3
3
3
3
3
3
3
3
3
3
3
3
3
3
3
3
3
3
3
3
3
3
3
3
3
3
3
3
3
3
3
3
3
3
3
3
3
3
3
3
3
3
3
3
3
3
3
3
3
2
2
2
2
2
2
2
2
2
2
2
2
2
2
2
2
2
2
2
2
2
2
2
2
2
2
2
2
2
2
2
2
2
2
2
2
2
2
2
2
2
2
2
2
2
2
2
2
2
2
2
2
2
2
2
2
2
2
2
2
2
2
2
2
2
2
2
2
2
2
2
2
2
2
2
2
2
2
2
2
2
2
2
2
2
2
2
2
2
2
2
2
2
2
2
2
2
2
2
2
2
2
2
2
2
2
2
2
2
2
2
2
2
2
2
2
2
2
2
2
2
2
2
2
2
2
2
2
2
2
2
2
2
2
2
2
2
2
2
2
2
2
2
2
2
2
2
2
2
2
2
2
2
2
2
2
2
2
2
2
2
2
2
2
2
2
2
2
2
2
2
2
2
2
2
2
2
2
2
2
2
2
2
2
2
2
2
2
2
2
2
2
2
2
2
2
2
2
2
2
2
2
2
2
2
2
2
2
2
2
2
2
2
2
2
2
2
2
2
2
2
2
2
2
2
2
2
2
2
2
2
2
2
2
2
2
2
2
2
2
2
2
2
2
2
2
2
2
2
2
2
2
2
2
2
2
2
2
2
2
2
2
2
2
2
2
2
2
2
2
2
2
2
2
2
2
2
2
2
2
2
2
2
2
2
2
2
2
2
2
2
2
2
2
2
2
2
2
2
2
2
2
2
2
2
2
2
2
2
2
2
2
2
2
2
2
2
2
2
2
2
2
2
2
2
2
2
2
2
2
2
2
2
2
2
2
2
2
2
2
2
2
2
2
2
2
2
2
2
2
2
2
2
2
2
2
2
2
2
2
2
2
2
2
2
2
2
2
2
2
2
2
2
2
2
2
2
2
2
2
2
2
2
2
2
2
2
2
2
2
2
2
2
2
2
2
2
2
2
2
2
2
2
2
2
2
2
2
2
2
2
2
2
2
2
2
2
2
2
2
2
2
2
2
2
2
2
2
2
2
2
2
2
2
2
2
2
2
2
2
2
2
2
2
2
2
2
2
2
2
2
2
2
2
2
2
2
2
2
2
2
2
2
2
2
2
2
2
2
2
2
2
2
2
2
2
2
2
2
2
2
2
2
2
2
2
2
2
2
2
2
2
2
2
2
2
2
2
2
2
2
2
2
2
2
2
2
2
2
2
2
2
2
2
2
2
2
2
2
2
2
2
2
2
2
2
2
2
2
2
2
2
2
2
2
2
2
2
2
2
2
2
2
2
2
2
2
2
2
2
2
2
2
2
2
2
2
2
2
2
2
2
2
2
2
2
2
2
2
2
2
2
2
2
2
2
2
2
2
2
2
2
2
2
2
2
2
2
2
2
2
2
2
2
2
2
2
2
2
2
2
2
2
2
2
2
2
2
2
2
2
2
2
2
2
2
2
2
2
2
2
2
2
2
2
2
2
2
2
2
2
2
2
2
2
2
2
2
2
2
2
2
2
2
2
2
2
2
2
2
2
2
2
2
2
2
2
2
2
2
2
2
2
2
2
2
2
2
2
2
2
2
2
2
2
2
2
2
2
2
2
2
2
2
2
2
2
2
2
2
2
2
2
2
2
2
2
2
2
2
2
2
2
2
2
2
2
2
2
2
2
2
2
2
2
2
2
2
2
2
2
2
2
2
2
2
2
2
2
2
2
2
2
2
2
2
2
2
2
2
2
2
2
2
2
2
2
2
2
2
2
2
2
2
2
2
2
2
2
2
2
2
2
2
2
2
2
2
2
2
2
2
2
2
2
2
2
2
2
2
2
2
2
2
2
2
2
2
2
2
2
2
2
2
2
2
2
2
2
2
2
2
2
2
2
2
2
2
2
2
2
2
2
2
2
2
2
2
2
2
2
2
2
2
2
2
2
2
2
2
2
2
2
2
2
2
2
2
2
2
2
2
2
2
2
2
2
2
2
2
2
2
2
2
2
2
2
2
2
2
2
2
2
2
2
2
2
2
2
2
2
2
2
2
2
2
2
2
2
2
2
2
2
2
2
2
2
2
2
2
2
2
2
2
2
2
2
2
2
2
2
2
2
2
2
2
2
2
2
2
2
2
2
2
2
2
2
2
2
2
2
2
2
2
2
2
2
2
2
2
2
2
2
2
2
2
2
2
2
2
2
2
2
2
2
2
2
2
2
2
2
2
2
2
2
2
2
2
2
2
2
2
2
2
2
2
2
2
2
2
2
2
2
2
2
2
2
2
2
2
2
2
2
2
2
2
2
2
2
2
2
2
2
2
2
2
2
2
2
2
2
2
2
2
2
2
2
2
2
2
2
2
2
2
2
2
2
2
2
2
2
2
2
2
2
2
2
2
2
2
2
2
2
2
2
2
2
2
2
2
2
2
2
2
2
2
2
2
2
2
2
2
2
2
2
2
2
2
2
2
2
2
2
2
2
2
2
2
2
2
2
2
2
2
2
2
2
2
2
2
2
2
2
2
2
2
2
2
2
2
2
2
2
2
2
2
2
2
2
2
2
2
2
2
2
2
2
2
2
2
2
2
2
2
2
2
2
2
2
2
2
2
2
2
2
2
2
2
2
2
2
2
2
2
2
2
2
2
2
2
2
2
2
2
2
2
2
2
2
2
2
2
2
2
2
2
2
2
2
2
2
2
2
2
2
2
2
2
2
2
2
2
2
2
2
2
2
2
2
2
2
2
2
2
2
2
2
2
2
2
2
2
2
2
2
2
2
2
2
2
2
2
2
2
2
2
2
2
2
2
2
2
2
2
2
2
2
2
2
2
2
2
2
2
2
2
2
2
2
2
2
2
2
2
2
2
2
2
2
2
2
2
2
2
2
2
2
2
2
2
2
2
2
2
2
2
2
2
2
2
2
2
2
2
2
2
2
2
2
2
2
2
2
2
2
2
2
2
2
2
2
2
2
2
2
2
2
2
2
2
2
2
2
2
2
2
2
2
2
2
2
2
2
2
2
2
2
2
2
2
2
2
2
2
2
2
2
2
2
2
2
2
2
2
2
2
2
2
2
2
2
2
2
2
2
2
2
2
2
2
2
2
2
2
2
2
2
2
2
2
2
2
2
2
2
2
2
2
2
2
2
2
2
2
2
2
2
2
2
2
2
2
2
2
2
2
2
2
2
2
2
2
2
2
2
2
2
2
2
2
2
2
2
2
2
2
2
2
2
2
2
2
2
2
2
2
2
2
2
2
2
2
2
2
2
2
2
2
2
2
2
2
2
2
2
2
2
2
2
2
2
2
2
2
2
2
2
2
2
2
2
2
2
2
2
2
2
2
2
2
2
2
2
2
2
2
2
2
2
2
2
2
2
2
2
2
2
2
2
2
2
2
2
2
2
2
2
2
2
2
2
2
2
2
2
2
2
2
2
2
2
2
2
2
2
2
2
2
2
2
2
2
2
2
2
2
2
2
2
2
2
2
2
2
2
2
2
2
2
2
2
2
2
2
2
2
2
2
2
2
2
2
2
2
2
2
2
2
2
2
2
2
2
2
2
2
2
2
2
2
2
2
2
2
2
2
2
2
2
2
2
2
2
2
2
2
2
2
2
2
2
2
2
2
2
2
2
2
2
2
2
2
2
2
2
2
2
2
2
2
2
2
2
2
2
2
2
2
2
2
2
2
2
2
2
2
2
2
2
2
2
2
2
2
2
2
2
2
2
2
2
2
2
2
2
2
2
2
2
2
2
2
2
2
2
2
2
2
2
2
2
2
2
2
2
2
2
2
2
2
2
2
2
2
2
2
2
2
2
2
2
2
2
2
2
2
2
2
2
2
2
2
2
2
2
2
2
2
2
2
2
2
2
2
2
2
2
2
2
2
2
2
2
2
2
2
2
2
2
2
2
2
2
2
2
2
2
2
2
2
2
2
2
2
2
2
2
2
2
2
2
2
2
2
2
2
2
2
2
2
2
2
2
2
2
2
2
2
2
2
2
2
2
2
2
2
2
2
2
2
2
2
2
2
2
2
2
2
2
2
2
2
2
2
2
2
2
2
2
2
2
2
2
2
2
2
2
2
2
2
2
2
2
2
2
2
2
2
2
2
2
2
2
2
2
2
2
2
2
2
2
2
2
2
2
2
2
2
2
2
2
2
2
2
2
2
2
2
2
2
2
2
2
2
2
2
2
2
2
2
2
2
2
2
2
2
2
2
2
2
2
2
2
2
2
2
2
2
2
2
2
2
2
2
4
4
4
4
4
4
4
4
4
4
4
4
4
4
4
4
4
4
4
4
4
4
4
4
4
4
4
4
4
4
4
4
4
4
4
4
4
4
4
4
4
4
4
4
4
4
4
4
4
4
4
4
4
4
4
4
4
4
4
4
4
4
4
4
4
4
4
4
4
4
4
4
4
4
4
4
4
4
4
4
4
4
4
4
4
4
4
4
4
4
4
4
4
4
4
4
4
4
4
4
4
4
4
4
4
4
4
4
4
4
4
4
4
4
4
4
4
4
4
4
4
4
4
4
4
4
4
4
4
4
4
4
4
4
4
4
4
4
4
4
4
4
4
4
4
4
4
4
4
4
4
4
4
4
4
4
4
4
4
4
4
4
4
4
4
4
4
4
4
4
4
4
4
4
4
4
4
4
4
4
4
4
4
4
4
4
4
4
4
4
4
4
4
4
4
4
4
4
4
4
4
4
4
4
4
4
4
4
4
4
4
4
4
4
4
4
4
4
4
4
4
4
4
4
4
4
4
4
4
4
4
4
4
4
4
4
4
4
4
4
4
4
4
4
4
4
4
4
4
4
4
4
4
4
4
4
4
4
4
4
4
4
4
4
4
4
4
4
4
4
4
4
4
4
4
4
4
4
4
4
4
4
4
4
4
4
4
4
4
4
4
4
4
4
4
4
4
4
4
4
4
4
4
4
4
4
4
4
4
4
4
4
4
4
4
4
4
4
4
4
4
4
4
4
4
4
4
4
4
4
4
4
4
4
4
4
4
4
4
4
4
4
4
4
4
4
4
4
4
4
4
4
4
4
4
4
4
4
4
4
4
4
4
4
4
4
4
4
4
4
4
4
4
4
4
4
4
4
4
4
4
4
4
4
4
4
4
4
4
4
4
4
4
4
4
4
4
4
4
4
4
4
4
4
4
4
4
4
4
4
4
4
4
4
4
4
4
4
4
4
4
4
4
4
4
4
4
4
4
4
4
4
4
4
4
4
4
4
4
4
4
4
4
4
4
4
4
4
4
4
4
4
4
4
4
4
4
4
4
4
4
4
4
4
4
4
4
4
4
4
4
4
4
4
4
4
4
4
4
4
4
4
4
4
4
4
4
4
4
4
4
4
4
4
4
4
4
4
4
4
4
4
4
4
4
4
4
4
4
4
4
4
4
4
4
4
4
4
4
4
4
4
4
4
4
4
4
4
4
4
4
4
4
4
4
4
4
4
4
4
4
4
4
4
4
4
4
4
4
4
4
4
4
4
4
4
4
4
4
4
4
4
4
4
4
4
4
4
4
4
4
4
4
4
4
4
4
4
4
4
4
4
4
4
4
4
4
4
4
4
4
4
4
4
4
4
4
4
4
4
4
4
4
4
4
4
4
4
4
4
4
4
4
4
4
4
4
4
4
4
4
4
4
4
4
4
4
4
4
4
4
4
4
4
4
4
4
4
4
4
4
4
4
4
4
4
4
4
4
4
4
4
4
4
4
4
4
4
4
4
4
4
4
4
4
4
4
4
4
4
4
4
4
4
4
4
4
4
4
4
4
4
4
4
4
4
4
4
4
4
4
4
4
4
4
4
4
4
4
4
4
4
4
4
4
4
4
4
4
4
4
4
4
4
4
4
4
4
4
4
4
4
4
4
4
4
4
4
4
4
4
4
4
4
4
4
4
4
4
4
4
4
4
4
4
4
4
4
4
4
4
4
4
4
4
4
4
4
4
4
4
4
4
4
4
4
4
4
4
4
4
4
4
4
4
4
4
4
4
4
4
4
4
4
4
4
4
4
4
4
4
4
4
4
4
4
4
4
4
4
4
4
4
4
4
4
4
4
4
4
4
4
4
4
4
4
4
4
4
4
4
4
4
4
4
4
4
4
4
4
4
4
4
4
4
4
4
4
4
4
4
4
4
4
4
4
4
4
4
4
4
4
4
4
4
4
4
4
4
4
4
4
4
4
4
4
4
4
4
4
4
4
4
4
4
4
4
4
4
4
4
4
4
4
4
4
4
4
4
4
4
4
4
4
4
4
4
4
4
4
4
4
4
4
4
4
4
4
4
4
4
4
4
4
4
4
4
4
4
4
4
4
4
4
4
4
4
4
4
4
4
4
4
4
4
4
4
4
4
4
4
4
4
4
4
4
4
4
4
4
4
4
4
4
4
4
4
4
4
4
4
4
4
4
4
4
4
4
4
4
4
4
4
4
4
4
4
4
4
4
4
4
4
4
4
4
4
4
4
4
4
4
4
4
4
4
4
4
4
4
4
4
4
4
4
4
4
4
4
4
4
4
4
4
4
4
4
4
4
4
4
4
4
4
4
4
4
4
4
4
4
4
4
4
4
4
4
4
4
4
4
4
4
4
4
4
4
4
4
4
4
4
4
4
4
4
4
4
4
4
4
4
4
4
4
4
4
4
4
4
4
4
4
4
4
4
4
4
4
4
4
4
4
4
4
4
4
4
4
4
4
4
4
4
4
4
4
4
4
4
4
4
4
4
4
4
4
4
4
4
4
4
4
4
4
4
4
4
4
4
4
4
4
4
4
4
4
4
4
4
4
4
4
4
4
4
4
4
4
4
4
4
4
4
4
4
4
4
4
4
4
4
4
4
4
4
4
4
4
4
4
4
4
4
4
4
4
4
4
4
4
4
4
4
4
4
4
4
4
4
4
4
4
4
4
4
4
4
4
4
4
4
4
4
4
4
4
4
4
4
4
4
4
4
4
4
4
4
4
4
4
4
4
4
4
4
4
4
4
4
4
4
4
4
4
4
4
4
4
4
4
4
4
4
4
4
4
4
4
4
4
4
4
4
4
4
4
4
4
4
4
4
4
4
4
4
4
4
4
4
4
4
4
4
4
4
4
4
4
4
4
4
4
4
4
4
4
4
4
4
4
4
4
4
4
4
4
4
4
4
4
4
4
4
4
4
4
4
4
4
4
4
4
4
4
4
4
4
4
4
4
4
4
4
4
4
4
4
4
4
4
4
4
4
4
4
4
4
4
4
4
4
4
4
4
4
4
4
4
4
4
4
4
4
4
4
4
4
4
4
4
4
4
4
4
4
4
4
4
4
4
4
4
4
4
4
4
4
4
4
4
4
4
4
4
4
4
4
4
4
4
4
4
4
4
4
4
4
4
4
4
4
4
4
4
4
4
4
4
4
4
4
4
4
4
4
4
4
4
4
4
4
4
4
4
4
4
4
4
4
4
4
4
4
4
4
4
4
4
4
4
4
4
4
4
4
4
4
4
4
4
4
4
4
4
4
4
4
4
4
4
4
4
4
4
4
4
4
4
4
4
4
4
4
4
4
4
4
4
4
4
4
4
4
4
4
4
4
4
4
4
4
4
4
4
4
4
4
4
4
4
4
4
4
4
4
4
4
4
4
4
4
4
4
4
4
4
4
4
4
4
4
4
4
4
4
4
4
4
4
4
4
4
4
4
4
4
4
4
4
4
4
4
4
4
4
4
4
4
4
4
4
4
4
4
4
4
4
4
4
4
4
4
4
4
4
4
4
4
4
4
4
4
4
4
4
4
4
4
4
4
4
4
4
4
4
4
4
4
4
4
4
4
4
4
4
4
4
4
4
4
4
4
4
4
4
4
4
4
4
4
4
4
4
4
4
4
4
4
4
4
4
4
4
4
4
4
4
4
4
4
4
4
4
4
4
4
4
4
4
4
4
4
4
4
4
4
4
4
4
4
4
4
4
4
4
4
4
4
4
4
4
4
4
4
4
4
4
4
4
4
4
4
4
4
4
4
4
4
4
4
4
4
4
4
4
4
4
4
4
4
4
4
4
4
4
4
4
4
4
4
4
4
4
4
4
4
4
4
4
4
4
4
4
4
4
4
4
4
4
4
4
4
4
4
4
4
4
4
4
4
4
4
4
4
4
4
4
4
4
4
4
4
4
4
4
4
4
4
4
4
4
4
4
4
4
4
4
4
4
4
4
4
4
4
4
4
4
4
4
4
4
4
4
4
4
4
4
4
4
4
4
4
4
4
4
4
4
4
4
4
4
4
4
4
4
4
4
4
4
4
4
4
4
4
4
4
4
4
4
4
4
4
4
4
4
4
4
4
4
4
4
4
4
4
4
4
4
4
4
4
4
4
4
4
4
4
4
4
4
4
4
4
4
4
4
4
4
4
4
4
4
4
4
4
4
4
4
4
4
4
4
4
4

NODE_COORDINATES = 3851
       1         0.00000000        10.00000000
       2        17.00000000        10.00000000
       3        20.00000000         7.00000000
       4        20.00000000         0.00000000
       5         0.00000000         0.00000000
       6        23.00000000        10.00000000
       7        40.00000000        10.00000000
       8        40.00000000         0.00000000
       9        20.00000000        20.00000000
      10         0.00000000        20.00000000
      11        20.00000000        13.00000000
      12        40.00000000        20.00000000
      13         0.50000000        10.00000000
      14         1.00000000        10.00000000
      15         1.50000000        10.00000000
      16         2.00000000        10.00000000
      17         2.50000000        10.00000000
      18         3.00000000        10.00000000
      19         3.50000000        10.00000000
      20         4.00000000        10.00000000
      21         4.50000000        10.00000000
      22         5.00000000        10.00000000
      23         5.50000000        10.00000000
      24         6.00000000        10.00000000
      25         6.50000000        10.00000000
      26         7.00000000        10.00000000
      27         7.50000000        10.00000000
      28         8.00000000        10.00000000
      29         8.50000000        10.00000000
      30         9.00000000        10.00000000
      31         9.50000000        10.00000000
      32        10.00000000        10.00000000
      33        10.50000000        10.00000000
      34        11.00000000        10.00000000
      35        11.50000000        10.00000000
      36        12.00000000        10.00000000
      37        12.50000000        10.00000000
      38        13.00000000        10.00000000
      39        13.50000000        10.00000000
      40        14.00000000        10.00000000
      41        14.50000000        10.00000000
      42        15.00000000        10.00000000
      43        15.50000000        10.00000000
      44        16.00000000        10.00000000
      45        16.50000000        10.00000000
      46        17.03693498         9.53069660
      47        17.14683045         9.07294902
      48        17.32698043         8.63802850
      49        17.57294902         8.23664424
      50        17.87867966         7.87867966
      51        18.23664424         7.57294902
      52        18.63802850         7.32698043
      53        19.07294902         7.14683045
      54        19.53069660         7.03693498
      55        20.00000000         0.50000000
      56        20.00000000         1.00000000
      57        20.00000000         1.50000000
      58        20.00000000         2.00000000
      59        20.00000000         2.50000000
      60        20.00000000         3.00000000
      61        20.00000000         3.50000000
      62        20.00000000         4.00000000
      63        20.00000000         4.50000000
      64        20.00000000         5.00000000
      65        20.00000000         5.50000000
      66        20.00000000         6.00000000
      67        20.00000000         6.50000000
      68         0.50000000         0.00000000
      69         1.00000000         0.00000000
      70         1.50000000         0.00000000
      71         2.00000000         0.00000000
      72         2.50000000         0.00000000
      73         3.00000000         0.00000000
      74         3.50000000         0.00000000
      75         4.00000000         0.00000000
      76         4.50000000         0.00000000
      77         5.00000000         0.00000000
      78         5.50000000         0.00000000
      79         6.00000000         0.00000000
      80         6.50000000         0.00000000
      81         7.00000000         0.00000000
      82         7.50000000         0.00000000
      83         8.00000000         0.00000000
      84         8.50000000         0.00000000
      85         9.00000000         0.00000000
      86         9.50000000         0.00000000
      87        10.00000000         0.00000000
      88        10.50000000         0.00000000
      89        11.00000000         0.00000000
      90        11.50000000         0.00000000
      91        12.00000000         0.00000000
      92        12.50000000         0.00000000
      93        13.00000000         0.00000000
      94        13.50000000         0.00000000
      95        14.00000000         0.00000000
      96        14.50000000         0.00000000
      97        15.00000000         0.00000000
      98        15.50000000         0.00000000
      99        16.00000000         0.00000000
     100        16.50000000         0.00000000
     101        17.00000000         0.00000000
     102        17.50000000         0.00000000
     103        18.00000000         0.00000000
     104        18.50000000         0.00000000
     105        19.00000000         0.00000000
     106        19.50000000         0.00000000
     107         0.00000000         9.50000000
     108         0.00000000         9.00000000
     109         0.00000000         8.50000000
     110         0.00000000         8.00000000
     111         0.00000000         7.50000000
     112         0.00000000         7.00000000
     113         0.00000000         6.50000000
     114         0.00000000         6.00000000
     115         0.00000000         5.50000000
     116         0.00000000         5.00000000
     117         0.00000000         4.50000000
     118         0.00000000         4.00000000
     119         0.00000000         3.50000000
     120         0.00000000         3.00000000
     121         0.00000000         2.50000000
     122         0.00000000         2.00000000
     123         0.00000000         1.50000000
     124         0.00000000         1.00000000
     125         0.00000000         0.50000000
     126        20.46930340         7.03693498
     127        20.92705098         7.14683045
     128        21.36197150         7.32698043
     129        21.76335576         7.57294902
     130        22.12132034         7.87867966
     131        22.42705098         8.23664424
     132        22.67301957         8.63802850
     133        22.85316955         9.07294902
     134        22.96306502         9.53069660
     135        23.50000000        10.00000000
     136        24.00000000        10.00000000
     137        24.50000000        10.00000000
     138        25.00000000        10.00000000
     139        25.50000000        10.00000000
     140        26.00000000        10.00000000
     141        26.50000000        10.00000000
     142        27.00000000        10.00000000
     143        27.50000000        10.00000000
     144        28.00000000        10.00000000
     145        28.50000000        10.00000000
     146        29.00000000        10.00000000
     147        29.50000000        10.00000000
     148        30.00000000        10.00000000
     149        30.50000000        10.00000000
     150        31.00000000        10.00000000
     151        31.50000000        10.00000000
     152        32.00000000        10.00000000
     153        32.50000000        10.00000000
     154        33.00000000        10.00000000
     155        33.50000000        10.00000000
     156        34.00000000        10.00000000
     157        34.50000000        10.00000000
     158        35.00000000        10.00000000
     159        35.50000000        10.00000000
     160        36.00000000        10.00000000
     161        36.50000000        10.00000000
     162        37.00000000        10.00000000
     163        37.50000000        10.00000000
     164        38.00000000        10.00000000
     165        38.50000000        10.00000000
     166        39.00000000        10.00000000
     167        39.50000000        10.00000000
     168        40.00000000         0.50000000
     169        40.00000000         1.00000000
     170        40.00000000         1.50000000
     171        40.00000000         2.00000000
     172        40.00000000         2.50000000
     173        40.00000000         3.00000000
     174        40.00000000         3.50000000
     175        40.00000000         4.00000000
     176        40.00000000         4.50000000
     177        40.00000000         5.00000000
     178        40.00000000         5.50000000
     179        40.00000000         6.00000000
     180        40.00000000         6.50000000
     181        40.00000000         7.00000000
     182        40.00000000         7.50000000
     183        40.00000000         8.00000000
     184        40.00000000         8.50000000
     185        40.00000000         9.00000000
     186        40.00000000         9.50000000
     187        20.50000000         0.00000000
     188        21.00000000         0.00000000
     189        21.50000000         0.00000000
     190        22.00000000         0.00000000
     191        22.50000000         0.00000000
     192        23.00000000         0.00000000
     193        23.50000000         0.00000000
     194        24.00000000         0.00000000
     195        24.50000000         0.00000000
     196        25.00000000         0.00000000
     197        25.50000000         0.00000000
     198        26.00000000         0.00000000
     199        26.50000000         0.00000000
     200        27.00000000         0.00000000
     201        27.50000000         0.00000000
     202        28.00000000         0.00000000
     203        28.50000000         0.00000000
     204        29.00000000         0.00000000
     205        29.50000000         0.00000000
     206        30.00000000         0.00000000
     207        30.50000000         0.00000000
     208        31.00000000         0.00000000
     209        31.50000000         0.00000000
     210        32.00000000         0.00000000
     211        32.50000000         0.00000000
     212        33.00000000         0.00000000
     213        33.50000000         0.00000000
     214        34.00000000         0.00000000
     215        34.50000000         0.00000000
     216        35.00000000         0.00000000
     217        35.50000000         0.00000000
     218        36.00000000         0.00000000
     219        36.50000000         0.00000000
     220        37.00000000         0.00000000
     221        37.50000000         0.00000000
     222        38.00000000         0.00000000
     223        38.50000000         0.00000000
     224        39.00000000         0.00000000
     225        39.50000000         0.00000000
     226        19.50000000        20.00000000
     227        19.00000000        20.00000000
     228        18.50000000        20.00000000
     229        18.00000000        20.00000000
     230        17.50000000        20.00000000
     231        17.00000000        20.00000000
     232        16.50000000        20.00000000
     233        16.00000000        20.00000000
     234        15.50000000        20.00000000
     235        15.00000000        20.00000000
     236        14.50000000        20.00000000
     237        14.00000000        20.00000000
     238        13.50000000        20.00000000
     239        13.00000000        20.00000000
     240        12.50000000        20.00000000
     241        12.00000000        20.00000000
     242        11.50000000        20.00000000
     243        11.00000000        20.00000000
     244        10.50000000        20.00000000
     245        10.00000000        20.00000000
     246         9.50000000        20.00000000
     247         9.00000000        20.00000000
     248         8.50000000        20.00000000
     249         8.00000000        20.00000000
     250         7.50000000        20.00000000
     251         7.00000000        20.00000000
     252         6.50000000        20.00000000
     253         6.00000000        20.00000000
     254         5.50000000        20.00000000
     255         5.00000000        20.00000000
     256         4.50000000        20.00000000
     257         4.00000000        20.00000000
     258         3.50000000        20.00000000
     259         3.00000000        20.00000000
     260         2.50000000        20.00000000
     261         2.00000000        20.00000000
     262         1.50000000        20.00000000
     263         1.00000000        20.00000000
     264         0.50000000        20.00000000
     265        20.00000000        13.50000000
     266        20.00000000        14.00000000
     267        20.00000000        14.50000000
     268        20.00000000        15.00000000
     269        20.00000000        15.50000000
     270        20.00000000        16.00000000
     271        20.00000000        16.50000000
     272        20.00000000        17.00000000
     273        20.00000000        17.50000000
     274        20.00000000        18.00000000
     275        20.00000000        18.50000000
     276        20.00000000        19.00000000
     277        20.00000000        19.50000000
     278        19.53069660        12.96306502
     279        19.07294902        12.85316955
     280        18.63802850        12.67301957
     281        18.23664424        12.42705098
     282        17.87867966        12.12132034
     283        17.57294902        11.76335576
     284        17.32698043        11.36197150
     285        17.14683045        10.92705098
     286        17.03693498        10.46930340
     287         0.00000000        19.50000000
     288         0.00000000        19.00000000
     289         0.00000000        18.50000000
     290         0.00000000        18.00000000
     291         0.00000000        17.50000000
     292         0.00000000        17.00000000
     293         0.00000000        16.50000000
     294         0.00000000        16.00000000
     295         0.00000000        15.50000000
     296         0.00000000        15.00000000
     297         0.00000000        14.50000000
     298         0.00000000        14.00000000
     299         0.00000000        13.50000000
     300         0.00000000        13.00000000
     301         0.00000000        12.50000000
     302         0.00000000        12.00000000
     303         0.00000000        11.50000000
     304         0.00000000        11.00000000
     305         0.00000000        10.50000000
     306        39.50000000        20.00000000
     307        39.00000000        20.00000000
     308        38.50000000        20.00000000
     309        38.00000000        20.00000000
     310        37.50000000        20.00000000
     311        37.00000000        20.00000000
     312        36.50000000        20.00000000
     313        36.00000000        20.00000000
     314        35.50000000        20.00000000
     315        35.00000000        20.00000000
     316        34.50000000        20.00000000
     317        34.00000000        20.00000000
     318        33.50000000        20.00000000
     319        33.00000000        20.00000000
     320        32.50000000        20.00000000
     321        32.00000000        20.00000000
     322        31.50000000        20.00000000
     323        31.00000000        20.00000000
     324        30.50000000        20.00000000
     325        30.00000000        20.00000000
     326        29.50000000        20.00000000
     327        29.00000000        20.00000000
     328        28.50000000        20.00000000
     329        28.00000000        20.00000000
     330        27.50000000        20.00000000
     331        27.00000000        20.00000000
     332        26.50000000        20.00000000
     333        26.00000000        20.00000000
     334        25.50000000        20.00000000
     335        25.00000000        20.00000000
     336        24.50000000        20.00000000
     337        24.00000000        20.00000000
     338        23.50000000        20.00000000
     339        23.00000000        20.00000000
     340        22.50000000        20.00000000
     341        22.00000000        20.00000000
     342        21.50000000        20.00000000
     343        21.00000000        20.00000000
     344        20.50000000        20.00000000
     345        40.00000000        10.50000000
     346        40.00000000        11.00000000
     347        40.00000000        11.50000000
     348        40.00000000        12.00000000
     349        40.00000000        12.50000000
     350        40.00000000        13.00000000
     351        40.00000000        13.50000000
     352        40.00000000        14.00000000
     353        40.00000000        14.50000000
     354        40.00000000        15.00000000
     355        40.00000000        15.50000000
     356        40.00000000        16.00000000
     357        40.00000000        16.50000000
     358        40.00000000        17.00000000
     359        40.00000000        17.50000000
     360        40.00000000        18.00000000
     361        40.00000000        18.50000000
     362        40.00000000        19.00000000
     363        40.00000000        19.50000000
     364        22.96306502        10.46930340
     365        22.85316955        10.92705098
     366        22.67301957        11.36197150
     367        22.42705098        11.76335576
     368        22.12132034        12.12132034
     369        21.76335576        12.42705098
     370        21.36197150        12.67301957
     371        20.92705098        12.85316955
     372        20.46930340        12.96306502
     373        17.40351658         7.81131147
     374         5.25000000         9.57989710
     375         7.74221187         9.57148242
     376        10.29727717         9.54077289
     377        12.75245449         9.56384147
     378        13.75070021         0.43252429
     379         6.24998870         0.43301473
     380         8.74992434         0.43318722
     381        11.25004402         0.43295028
     382         0.43286462         4.74999739
     383        15.76593643         0.44022678
     384         4.25001211         0.40271084
     385        19.59020984         4.21790123
     386         0.38680252         6.74774380
     387         3.22845368         9.57671658
     388        14.74998126         9.57787351
     389         0.39440950         2.74863560
     390        19.58610931         2.75528676
     391        18.22432132         7.10235576
     392        17.25000000         0.43301270
     393         2.70487493         0.43771630
     394         1.75000000         9.57987613
     395        16.86319628         8.71639535
     396        19.57396337         5.74820277
     397         0.39238800         8.32971485
     398        12.75089812         0.43285533
     399        14.74390023         0.44505678
     400        19.60187655         1.67505752
     401        18.25566579         0.39835392
     402         4.25000477         9.56698716
     403         6.25000000         9.59427342
     404         8.73077699         9.59516245
     405        11.15725845         9.61812407
     406        13.75176098         9.56718479
     407         1.75562381         0.45283935
     408         5.24999267         0.43301336
     409         7.24996206         0.43303108
     410         9.71421288         0.42291516
     411         0.42682120         5.76747261
     412         0.41234052         1.80574255
     413         0.43301303         3.74999535
     414        15.77972181         9.52435965
     415        19.17135601         6.71234238
     416         0.76933827         9.57815226
     417        19.55171382         0.77194195
     418         0.75000000         0.43301270
     419        17.73779329         7.38252879
     420        17.23318145         7.35027088
     421        16.95058699         7.70793715
     422        16.78879849         7.26038826
     423        17.07038278         6.90746758
     424        16.62448384         6.81256015
     425        16.93514253         6.44917719
     426        16.46727607         6.35966368
     427        16.78134481         5.99496896
     428        16.30803489         5.90578111
     429        16.62296874         5.53999928
     430        16.14749601         5.45101883
     431        15.83396523         5.81772707
     432        15.67135901         5.36334527
     433        15.35698288         5.73084712
     434        15.19360616         5.27397673
     435        14.87756985         5.64352401
     436        14.71325652         5.18737041
     437        14.39632786         5.55604900
     438        14.23280983         5.09375867
     439        13.91432750         5.46691747
     440        13.74866439         5.00813203
     441        13.43067348         5.37986939
     442        13.26398968         4.91997948
     443        12.94501738         5.29170328
     444        12.77904301         4.82689600
     445        12.45870954         5.19967798
     446        12.29186103         4.73950891
     447        11.97430999         5.11307648
     448        11.80591437         4.64439722
     449        11.48607830         5.02349751
     450        11.31810193         4.55322716
     451        10.99549558         4.93035014
     452        10.82925198         4.46215521
     453        10.50913269         4.84152611
     454        16.46088479         5.08360081
     455        10.34057650         4.37172865
     456        10.01928676         4.75196942
     457         9.85109277         4.28126580
     458         9.52785916         4.66015557
     459         9.69775125         5.13255179
     460         9.20631443         5.04085496
     461         9.03782907         4.56973606
     462         8.71442045         4.94886823
     463         8.54720080         4.47871613
     464         8.22368797         4.85784218
     465         8.05672749         4.38799220
     466         7.73290503         4.76729879
     467         7.56624786         4.29718562
     468         7.24206780         4.67694796
     469         7.40937858         5.14651561
     470         6.91817130         5.05669830
     471         6.75108768         4.58634640
     472         6.42719239         4.96622691
     473         6.26008405         4.49572739
     474         5.93625145         4.87576470
     475         5.76902816         4.40508352
     476         5.44508128         4.78520846
     477         5.27787727         4.31442183
     478         4.95377122         4.69447611
     479         4.78664795         4.22371899
     480        15.02272844         4.82296010
     481         5.12100191         5.16530985
     482         4.62966792         5.07459998
     483        11.16633584         5.40324682
     484         8.88259197         5.42049438
     485        13.57234339         4.55959048
     486         6.59445659         5.43693114
     487         4.79678533         5.54535691
     488        12.62997098         5.67305387
     489         4.30548207         5.45472490
     490        12.12434948         4.27908803
     491        14.08665057         5.93463671
     492         4.47261802         5.92553379
     493         3.98125311         5.83487152
     494         3.81413614         5.36404503
     495        10.17399187         3.90221716
     496         6.09307245         4.02508982
     497         8.38088493         4.00870900
     498        16.32949040         7.18992432
     499         4.14842753         6.30576499
     500         4.63983422         6.39639666
     501         3.65700971         6.21508845
     502         3.82420676         6.68603917
     503         3.33273318         6.59535035
     504        16.93874117         5.17308306
     505        16.77593913         4.71459069
     506         3.49995703         7.06634878
     507         3.00844515         6.97567795
     508         2.84122236         6.50464429
     509        17.25461345         4.80424360
     510        17.09316898         4.34449754
     511        16.61282246         4.25513764
     512        16.93106052         3.88394050
     513        16.44950906         3.79426251
     514        16.76812814         3.42149421
     515        16.28554098         3.33180641
     516        16.60478152         2.95817620
     517        16.12103462         2.86819175
     518        17.08836102         3.04837835
     519        16.44102264         2.49360289
     520        15.95620661         2.40355551
     521        15.63579798         2.78017644
     522        15.47069163         2.31374956
     523        15.14968193         2.69120395
     524         2.51690744         6.88499343
     525         2.68413249         7.35603461
     526         3.99147725         7.15698278
     527         5.11079677         3.84363095
     528         4.61952773         3.75292935
     529         4.94374270         3.37278639
     530         4.45239288         3.28208425
     531         4.12816913         3.66225710
     532         3.96103347         3.19135506
     533         3.63676944         3.57158857
     534         3.46960982         3.10062345
     535         3.14530922         3.48090060
     536         2.97812118         3.00991977
     537         4.77664640         2.90191999
     538         3.30245111         2.62961894
     539         2.81092521         2.53889680
     540         2.65381480         3.39021167
     541         5.26800375         2.99263380
     542         2.82101772         3.86121961
     543        11.15198750         4.08404524
     544        17.41180987         3.97379324
     545        15.05667883         6.13291640
     546        17.41651433         5.26349939
     547        14.98450246         2.22385620
     548        14.66336841         2.60053176
     549         2.34968475         6.41394742
     550         5.10089751         2.52172056
     551         5.59229187         2.61244715
     552         3.66719092         7.53735155
     553         4.15875958         7.62798805
     554         2.19256663         7.26535258
     555        14.49773943         2.13356771
     556        14.17600751         2.51120902
     557        17.73282802         4.89611955
     558         2.32949492         3.77052262
     559         2.49670815         4.24155722
     560         2.35980042         7.73642982
     561        14.00678802         2.06235780
     562        13.68768185         2.42436374
     563         2.17311281         3.29566459
     564        17.89454755         5.35458475
     565         3.13526444         2.15859241
     566         2.64371914         2.06784635
     567        14.82731932         3.06957408
     568        16.27681511         2.02793900
     569        16.76263470         2.11850750
     570        13.53268963         1.97125612
     571        13.20020746         2.33081126
     572        13.36621302         2.79951856
     573        12.87808774         2.70900167
     574        12.70399328         2.21951824
     575        12.38803214         2.61564398
     576        12.21808237         2.14745914
     577        11.89888851         2.52836646
     578        11.72949443         2.07371653
     579        11.40927984         2.44168326
     580        11.21869881         1.99423870
     581        10.91995554         2.34970747
     582        10.72764582         1.89139078
     583        10.42944089         2.25968953
     584         5.42304462         2.15297099
     585         5.89780846         2.24068644
     586         4.93063517         2.06768724
     587         2.00515964         4.15085321
     588         2.17240660         4.62177648
     589         3.83445378         8.00837910
     590         4.32600898         8.09904933
     591         4.65032754         7.71864918
     592         6.08057963         2.70457973
     593         6.40412940         2.26026542
     594         6.57393071         2.78367220
     595         6.90077040         2.41875167
     596         7.06649510         2.88374074
     597         7.39065741         2.50452697
     598         5.28846329         5.63618917
     599         9.68421926         3.81153911
     600         2.67401177         6.03359803
     601         2.18256349         5.94297624
     602         7.20500692         2.08233890
     603         7.71027483         2.14089378
     604         7.88121622         2.59797906
     605         8.20526046         2.21844262
     606         8.37257007         2.68709038
     607         8.69701189         2.30677129
     608        15.96773451         3.70581268
     609        18.21222564         4.98627024
     610         4.81757949         8.18970741
     611         5.14187516         7.80932531
     612         5.30913326         8.28036051
     613         5.63339783         7.89998686
     614         5.46615214         7.42902175
     615         5.95763061         7.51968720
     616         6.12486154         7.99060753
     617         6.44907616         7.61032246
     618         6.61629075         8.08120640
     619         6.94043780         7.70093831
     620         6.77319467         7.23008292
     621         7.26446298         7.32069475
     622         7.43169170         7.79149141
     623         7.75572161         7.41154309
     624         7.92293107         7.88205960
     625         8.24690198         7.50231226
     626         8.41409405         7.97263028
     627         8.73801273         7.59292671
     628         8.90517010         8.06317195
     629         9.22900111         7.68316481
     630         9.06078134         7.21274990
     631         9.55259469         7.30333304
     632         9.71974698         7.77353514
     633        10.04342328         7.39386419
     634        10.21041587         7.86386619
     635        10.53414576         7.48440958
     636        10.70090654         7.95423096
     637        11.02453083         7.57492510
     638        11.19117814         8.04458750
     639        11.51438234         7.66519278
     640        11.34787214         7.19595721
     641        11.83745162         7.28615579
     642        12.00387266         7.75518710
     643        12.32667935         7.37661780
     644        12.49304400         7.84499955
     645        12.81535599         7.46696169
     646        12.98167454         7.93476038
     647        13.30422744         7.55282549
     648         9.87750661         6.92405157
     649         7.58802914         6.93955962
     650        13.46965564         8.02344859
     651        13.79162566         7.64226133
     652        13.95656810         8.11236784
     653        14.27840688         7.73803649
     654        13.14189646         7.08098666
     655         5.79039915         7.04877396
     656        11.67091906         6.81737196
     657        11.18155979         6.72694023
     658        12.17262798         8.22350083
     659        14.44223995         8.20155037
     660        14.76301118         7.82914533
     661        14.92604973         8.29082797
     662         1.86820603         7.64574581
     663        10.26140763         1.77247945
     664        13.04452583         3.17666147
     665        13.53220531         3.26665590
     666         7.99721842         1.74873348
     667        15.30572855         1.84728563
     668         1.85812629         6.32325840
     669         2.03546239         8.11684726
     670         2.52706755         8.20753794
     671        12.00356815         1.70479021
     672         9.88812158         8.23710767
     673         5.71886444         1.71760342
     674        16.59827513         1.65180534
     675        17.08531157         1.74267502
     676         1.69103271         5.85239128
     677        14.12175856         7.26983774
     678        15.24434933         7.91745347
     679        15.08439767         7.45934881
     680        15.40866849         8.36338568
     681         7.60338646         8.26398069
     682         8.86309045         2.77774531
     683         2.66395570         4.71252533
     684         3.62680573         2.24932301
     685         3.45961730         1.77826731
     686         3.80396094         4.04251989
     687        18.36985744         5.44189188
     688        18.05564321         5.81356104
     689        14.34278714         1.69757762
     690        12.06652266         2.99729064
     691        11.09568319         2.80947550
     692        10.86774855         8.42421717
     693         1.69552364         4.52595836
     694        18.68906461         5.07062932
     695        18.53174816         4.61817756
     696        10.00784823         3.43272751
     697         9.93866865         2.16962358
     698         9.76592946         1.64884466
     699        13.13146874         8.38423749
     700        10.57113998         1.41297056
     701         1.51358346         4.06011738
     702         8.58123899         8.44324882
     703         4.00437487         8.46493264
     704         1.54382649         8.02615008
     705         1.37658692         7.55504342
     706        15.72547853         8.00684884
     707         6.29557582         8.44279433
     708         2.20272864         8.58797017
     709        15.85182474         8.43541368
     710        18.54121931         5.98223189
     711         1.36653201         6.23257423
     712        14.12849070         8.65582655
     713        11.50441262         6.34858832
     714         2.69436880         8.67867387
     715        11.99342307         6.43896199
     716        11.01524991         6.25800441
     717         6.74202955         3.26285496
     718         7.23349253         3.35493506
     719         8.04843079         3.06679759
     720         2.31937002         2.44818054
     721         2.15214313         1.97709797
     722         1.82777086         2.35745772
     723         1.66053865         1.88635233
     724         2.47566976         1.60129787
     725         6.78960197         8.55366982
     726         3.95112600         1.86903328
     727         3.77720956         1.40033218
     728         4.29776090         1.46712189
     729         9.07245056         8.53373962
     730        11.36436359         8.52021141
     731        17.41986020         6.59047970
     732        17.24986290         2.21024202
     733        17.57278312         1.83379840
     734        17.73774010         2.30184989
     735        18.06083144         1.92506262
     736        18.22542083         2.39365303
     737        17.89588471         1.45633709
     738        18.38475226         1.54772625
     739        17.90251443         2.77006042
     740        18.38961634         2.86189437
     741        18.06727843         3.23786016
     742        18.55363365         3.32961512
     743         3.29128764         1.30756716
     744        16.11179880         1.56116102
     745        16.43342083         1.18398005
     746        13.20944204         3.64264065
     747         1.33809742         2.25615508
     748         1.44073672         2.78020854
     749        18.22899466         3.70259253
     750        12.72846269         3.55227527
     751         4.98485120         8.66075994
     752         5.50177026         8.77804108
     753        18.70912703         3.79281890
     754        10.49367579         3.53715716
     755        13.70139823         3.73009441
     756        18.70648026         2.47987280
     757        15.16967197         8.73247248
     758        19.11503663         3.42366330
     759        11.82619198         5.96735054
     760        16.23315336         8.06772345
     761        14.01988246         3.35589892
     762        14.19015549         3.81998582
     763        18.11598476         6.28933719
     764        10.69188652         6.63621602
     765        10.52588203         6.16721969
     766         6.90930432         3.73545888
     767         5.29896590         6.95808080
     768         5.62321859         6.57788632
     769         6.11455503         6.66854578
     770         5.94737381         6.19776619
     771         6.43863713         6.28841641
     772         9.51848785         3.34124407
     773         3.34293028         7.91773927
     774         1.53375595         6.70362799
     775         4.11824372         2.34012935
     776         9.19437290         3.72081971
     777         2.50698478         5.56287446
     778         2.99846345         5.65357184
     779         1.85064487         5.00093961
     780         1.33059060         4.87914017
     781         3.61106632         0.88552794
     782         2.37175318         9.07584320
     783        12.90770360         4.01495650
     784         1.24399741         5.71948789
     785        10.31184727         3.06601886
     786         9.18275160         2.41206068
     787         9.00936815         1.91918887
     788         1.19102817         1.78610286
     789         1.49700254         1.41361721
     790         1.02056654         1.32237908
     791        18.99210189         4.71319037
     792        11.04072673         8.86829187
     793        10.57139407         8.78419159
     794        11.54662514         8.98431148
     795        19.14252162         5.15010513
     796        15.94095943         1.10043803
     797         1.04902717         7.91323140
     798         1.21944710         8.40658664
     799         0.88111910         7.42535469
     800         1.32609426         0.94402909
     801         1.84701752         1.02580531
     802         6.42079999         8.86343680
     803         6.93117177         9.09334916
     804        18.62660537         6.85472997
     805        16.69317905         9.16740910
     806         1.86513292         8.93286695
     807        16.38550814         8.82558040
     808         8.75116333         8.89925929
     809         9.23981845         9.00450193
     810         8.26733779         8.79642329
     811        16.23858587         0.71360390
     812        15.43408983         0.88539230
     813        18.21682051         1.09209757
     814        18.70602923         1.18717869
     815        17.72554365         1.00849993
     816        18.84679240         1.65174140
     817        19.21321792         1.28239360
     818         0.83931712         2.14684466
     819         0.87123511         6.12468421
     820         2.24276772         0.70363901
     821        16.75708573         0.80642900
     822        18.83915099         6.38597224
     823        19.10867034         5.96443198
     824        17.05344314         8.20051660
     825        17.77997685         6.89112485
     826         2.95661062         9.14068337
     827         3.23065519         8.73495810
     828        16.23420834         9.27738159
     829        16.03560227         7.58534017
     830        18.99614019         0.80637913
     831        10.77407571         9.26047444
     832        19.50789321         4.74378030
     833         3.04214640         0.84861090
     834        19.18327289         3.96916219
     835        15.25281180         9.57131523
     836        15.48187515         9.13084526
     837        17.57980965         3.14669678
     838        14.50655408         3.44550374
     839        14.67008973         3.91014360
     840        14.36564253         4.28202304
     841        14.99324263         3.53482392
     842        15.15470814         4.00081837
     843        15.31591617         3.15633532
     844        12.31556091         6.06080847
     845        12.48486346         6.52798426
     846        12.80389250         6.14266872
     847        13.11568622         5.75913928
     848        13.29985219         6.22884792
     849        12.98393517         6.61043091
     850        13.47492946         6.69622241
     851        13.63452052         7.17341137
     852        13.96904898         6.80598977
     853        14.45560649         6.90951055
     854        14.30444210         6.43873418
     855        14.77336554         6.54322482
     856        14.25091912         9.56944324
     857        14.50000414         9.13803659
     858        15.55858965         7.52326397
     859        15.39812797         7.08514227
     860        19.57835816         6.19488699
     861        14.00175132         9.13702071
     862        13.50444961         9.14508454
     863        14.34119760         2.97879533
     864        13.25253765         9.56777087
     865        13.00860654         9.15046186
     866        12.51041853         9.13012642
     867        12.25328974         9.56175153
     868         9.34958094         2.87970723
     869        10.84915820         5.78888168
     870        10.35901666         5.69587601
     871        10.03625991         6.07602947
     872         9.86888143         5.60594753
     873         9.54651053         5.98614769
     874        17.57713249         5.72263516
     875         9.02727047         3.25104965
     876        14.25057858         0.43267866
     877        13.99882805         0.85455027
     878        13.50183136         0.86326171
     879        13.71456497         1.25528617
     880        13.24243692         1.26729813
     881        13.00035053         0.85995127
     882        12.75610195         1.29848616
     883        13.06207301         1.77952026
     884        14.47859017         0.86972182
     885        13.85405383         2.89005443
     886        12.64921268         6.99874562
     887        12.16042487         6.90763957
     888        10.18883790         5.22237315
     889        17.69929435         6.17417827
     890        19.51326039         2.19592969
     891         6.41766506         3.64455518
     892        12.04882402         9.08617719
     893        11.67683582         9.49320129
     894        11.85986771         8.59965113
     895         5.45609462         6.10705398
     896         5.77994707         5.72688594
     897        12.25025584         0.43270019
     898        12.50145462         0.85790583
     899        11.99952598         0.85724584
     900        19.59931106         3.23815834
     901        10.36806798         7.01484552
     902         1.25000000         0.44957586
     903         9.37637179         5.51386456
     904         9.04992050         5.89173496
     905         8.55655103         5.79808675
     906         8.72223218         6.26923200
     907         8.23194352         6.17615007
     908         8.40042263         6.64917306
     909         8.06637986         5.70606424
     910         7.74325818         6.08583328
     911         9.21766403         6.36248897
     912         8.89065352         6.74106476
     913         9.38584060         6.83308495
     914        11.33708012         5.87802836
     915        11.65574400         5.49317742
     916         6.60581643         6.75908386
     917         6.92961189         6.37843438
     918         6.76187415         5.90735344
     919        13.25063004         0.43143210
     920         7.55749542         2.97569320
     921         7.72434686         3.44639504
     922         8.21447815         3.53805951
     923        17.75917372         0.37985451
     924        11.74997097         0.43144904
     925        11.49921729         0.86364516
     926        11.02029893         0.84868162
     927        11.27286651         1.23772944
     928        10.75353802         0.43017157
     929        10.49068850         0.91216517
     930        10.08829790         1.30145098
     931         9.58856622         1.20501331
     932        10.21841584         0.43708077
     933         7.09711604         6.84962476
     934         7.41995135         6.46697959
     935         7.39999526         3.82634241
     936        11.57837998         2.90706025
     937        11.75944795         3.37366669
     938        11.28111517         3.27961631
     939        12.25052720         3.46101032
     940         6.28177868         7.13941603
     941         4.97466969         7.33831341
     942         4.80735983         6.86735325
     943         4.48303732         7.24765664
     944         5.75892211         3.08354819
     945         5.43501627         3.46351941
     946         2.98823369         4.33222055
     947         3.15554702         4.80301405
     948         3.47977813         4.42273355
     949         6.24996730         3.17221512
     950         3.16555370         6.12440927
     951         5.13156609         6.48714522
     952         1.25322305         9.59158248
     953         1.02963080         9.18887779
     954         0.46427578         9.19313922
     955         0.79410982         8.71218843
     956         4.75000079         9.57151491
     957         4.51770860         9.08509366
     958         3.98619499         9.15494838
     959         3.74561511         9.57297148
     960         4.75001291         0.42796949
     961         5.00002154         0.86517502
     962         5.49998437         0.86249168
     963         5.24581798         1.33654867
     964         4.75769738         1.24670067
     965         4.46157812         0.87253545
     966         5.74998667         0.43242337
     967         5.99996470         0.86194843
     968         6.49992690         0.86534874
     969         6.19267920         1.37796886
     970         6.73581815         1.30416688
     971         6.49986679         1.73189732
     972         6.99752646         0.86679798
     973         7.24341442         1.28947434
     974         7.49834964         0.86460566
     975         7.75439221         1.29460040
     976         8.00023161         0.86455075
     977         6.74956735         0.43303209
     978         7.74974809         0.43261275
     979         8.24990546         0.43283800
     980         8.49979485         0.86521476
     981         8.98737282         0.82855099
     982         8.78365224         1.31783869
     983         9.23072655         0.41633108
     984         5.75000000         9.58422042
     985         5.98732236         9.14917390
     986         8.22809239         9.58742710
     987         3.75481910         0.42278687
     988         0.42824019         5.24674850
     989         0.42657889         3.24977182
     990         0.85939433         3.49034133
     991         0.94975149         4.02169750
     992         0.44694318         4.25361504
     993         0.88379538         4.55226686
     994         0.87042518         2.97043622
     995         1.29901139         3.25000000
     996         0.51315310         7.81366002
     997         0.43315806         7.25000000
     998         0.50400361         1.27759514
     999         2.25000000         9.56698730
    1000         6.75000000         9.56698730
    1001         7.23722868         9.56096725
    1002         7.49998844         9.13398461
    1003         7.29243375         8.66093308
    1004         9.25173135         9.51398211
    1005         9.75000000         9.56698730
    1006        10.00000000         9.13399673
    1007         5.61238247         5.25590837
    1008         3.79390498         2.72037874
    1009         3.31252157         3.95183741
    1010         3.97121484         4.51324985
    1011         1.71196947         8.49025237
    1012         4.96422693         6.01627929
    1013         4.29534253         4.13307977
    1014         5.92609979         3.55389406
    1015         1.07669446         6.60521750
    1016         3.02609664         8.29244893
    1017         2.48839495         2.91855905
    1018         2.02534138         6.79431012
    1019         7.07524568         4.20646022
    1020         2.96773585         1.68832964
    1021         1.98492372         1.50597783
    1022         4.49327579         8.57010085
    1023         3.17566658         7.44670214
    1024         4.31572382         6.77669892
    1025         1.76026139         3.62931469
    1026         4.46252523         4.60384103
    1027         5.80890416         8.35352785
    1028         3.48990841         5.74426420
    1029         8.49028083         1.80098526
    1030         1.70097513         7.17467262
    1031         1.99502565         2.82848090
    1032         5.60198179         3.93427326
    1033        12.55935971         3.08531389
    1034        16.16067539         6.72629612
    1035         2.85261566         7.82614879
    1036         2.77932162         1.24220122
    1037         4.28529124         2.81119842
    1038         7.11230707         8.17536995
    1039         1.22577791         7.07730229
    1040         6.58423337         4.11571310
    1041         7.08562195         5.52620536
    1042         6.27097310         5.81724087
    1043         9.60814696         8.70397572
    1044         3.51881327         8.37090904
    1045         8.09581776         8.34730522
    1046        16.13221721         4.16710365
    1047        15.64968465         4.07947001
    1048        15.81508056         4.54104787
    1049         4.60902630         2.43375652
    1050         9.40377288         8.16578249
    1051         4.44193431         1.97938645
    1052         4.13836783         4.98397151
    1053        10.66129516         4.00236747
    1054        10.85801051         7.10554894
    1055         9.36101436         4.19049454
    1056        10.38334534         8.32290613
    1057        17.09825119         5.62995325
    1058         3.64701306         4.89343552
    1059        15.80237219         3.24316982
    1060        17.41517449         2.67749402
    1061        12.65134729         8.29658204
    1062        15.99598751         6.27214930
    1063        15.69536498         6.66969414
    1064         3.32288109         5.27356558
    1065         6.10353385         5.34649299
    1066        11.68438207         8.13472179
    1067        13.61649511         8.47122651
    1068        11.63916081         4.17905130
    1069         8.87097751         4.09987454
    1070         2.83126644         5.18295287
    1071        17.74496567         3.61156490
    1072        17.90312380         4.07422098
    1073         2.34018908         5.09223916
    1074         8.39061637         5.32794126
    1075         2.01587648         5.47230688
    1076         7.89044676         3.91744730
    1077         0.86512338         5.00000000
    1078        15.79117769         1.93748734
    1079         1.54920105         5.36159871
    1080        18.54334850         2.01782631
    1081         8.07960937         7.03242937
    1082        14.81930318         1.75736004
    1083        15.13764466         1.36856861
    1084        17.40752586         1.36819402
    1085        16.29719971         4.62636684
    1086        14.57645107         6.03394022
    1087        10.20213479         6.54545570
    1088        16.92020148         1.27796211
    1089        18.86552389         2.93985201
    1090         8.70438845         3.62933819
    1091        17.24935417         3.51196808
    1092         8.57034786         7.12320355
    1093         7.90006697         5.23629179
    1094         8.53834672         3.15751672
    1095        16.92697288         2.58440016
    1096         9.71098608         6.45454306
    1097        17.57392540         4.43811981
    1098         9.82760233         2.97430097
    1099         7.25271758         5.99618014
    1100         7.57623718         5.61618174
    1101        18.99648410         2.11293867
    1102        15.62582545         1.47123335
    1103        15.52830804         6.21460129
    1104        15.98352626         4.99602800
    1105         8.25426169         1.31532056
    1106        15.48060972         3.62007169
    1107        13.61093761         5.85134808
    1108        11.76270697         1.26614576
    1109         7.91053570         6.55835417
    1110        17.25183760         6.09356542
    1111        14.65217885         8.68230762
    1112        15.23788804         0.44584903
    1113        14.84000007         4.36965501
    1114        10.67799614         5.31370898
    1115        12.14341457         5.58452413
    1116        15.50518259         4.90775001
    1117        13.81843573         6.33867769
    1118        14.60606798         7.36899180
    1119        13.38863290         4.10291985
    1120         3.47375596         9.15741982
    1121        15.33510628         4.45233838
    1122         5.08405514         9.14541401
    1123        18.05185493         4.53217714
    1124        18.37943547         4.15903396
    1125        17.24584314         0.91936935
    1126        12.50714750         1.74711982
    1127         1.39172552         8.86075478
    1128        18.83398404         4.27127472
    1129         5.73146214         1.23131221
    1130        14.92473908         7.00508199
    1131         7.78537643         8.72725925
    1132        15.86327242         7.10815090
    1133         9.31431435         1.54659976
    1134        18.75474527         0.39674691
    1135        16.50049510         7.61716724
    1136         0.40229580         6.26075390
    1137        14.54498338         4.74294553
    1138        14.67203509         1.30651276
    1139         2.32074884         1.15556745
    1140        16.57606270         8.37538576
    1141         0.41589258         0.75209136
    1142        14.06186952         4.65140452
    1143        13.88398684         4.19022195
    1144        18.83037500         5.51537471
    1145        14.96414970         0.92884797
    1146        13.09168759         4.47628085
    1147        15.94079174         8.91844636
    1148        12.60714237         4.38583355
    1149         2.71780291         9.56003841
    1150        12.43468019         3.92001454
    1151        12.25274669         1.27375964
    1152        11.95194385         3.83275895
    1153        15.22943074         6.60844348
    1154        10.13683802         8.71879762
    1155        11.46729935         3.74659296
    1156         0.83308026         5.51728661
    1157        10.97771268         3.64774934
    1158         3.25000000         0.38996376
    1159         4.02952298         1.06193795
    1160         0.87069785         0.87714919
    1161         0.38778151         2.27298052
    1162        12.33774372         8.67980313
    1163        10.79417370         3.17074374
    1164        10.60802794         2.69659126
    1165        10.12230211         2.60537155
    1166        19.23996788         0.38964333
    1167         7.47491819         1.70883709
    1168         9.65803924         2.52456224
    1169         9.48341873         2.04404242
    1170        14.99151981         9.17904003
    1171        19.58809468         5.27387017
    1172        19.15921997         2.56272983
    1173         7.99421301         9.16892762
    1174        18.16633951         6.70099723
    1175        12.80689655         8.74112270
    1176        19.62940960         3.75000000
    1177         5.51462955         9.24734930
    1178         1.02347775         2.58361413
    1179         1.26571894         3.69229307
    1180        14.17172489         1.27890186
    1181        16.70711493         0.37132948
    1182         1.73574858         3.18575193
    1183         6.96213387         1.69532891
    1184         5.21263520         1.79468014
    1185        19.67336166         1.24587861
    1186         9.92217177         0.84865975
    1187         0.78287766         6.93203059
    1188        16.59990189         9.60368356
    1189        11.48954567         1.63696125
    1190        18.49290966         0.77110077
    1191         9.44748352         0.80801134
    1192         1.27464892         4.40783605
    1193         3.72347705         8.77673328
    1194         0.33493597         8.75000000
    1195         8.47326489         9.20952197
    1196         2.61797190         0.87754697
    1197        13.29074318         8.79354459
    1198        19.60085523         6.64586616
    1199        15.57463361         8.73460226
    1200        10.74572227         9.68387428
    1201         9.57828045         9.18655257
    1202         6.00287452         8.71739479
    1203         0.79362504         8.23507627
    1204         6.13032400         1.89124379
    1205        13.85912858         1.65617301
    1206        16.24232745         0.30503203
    1207        19.23195321         5.54820828
    1208         4.79452786         1.66294548
    1209         6.76354543         2.04281538
    1210        19.21327013         6.33628712
    1211         1.53448956         9.24755695
    1212        16.66354789         7.98411544
    1213        19.26531081         3.00000000
    1214         0.36602540         0.36602540
    1215         0.36602540         9.63397460
    1216        11.00374238         1.55708255
    1217         2.25000000         0.29807138
    1218        19.63720798         0.36279202
    1219         0.80272898         1.66182463
    1220         1.16341157         5.25838773
    1221        16.17982234         9.66420127
    1222        17.99523882         0.72530312
    1223        19.21305612         4.37810661
    1224        16.22590576         8.50371804
    1225        13.75454555         8.84993370
    1226         4.18228072         8.80803273
    1227         8.92306144         9.24164167
    1228        18.46327398         6.46615627
    1229        17.81859076         6.53330902
    1230         0.69638655         6.49893528
    1231        10.37002014         9.13060785
    1232        13.47161997         1.59104366
    1233         6.48360144         9.27511623
    1234        11.23555289         9.22389979
    1235        17.43328241         7.03159425
    1236        19.21334205         1.78700230
    1237         1.98809744         9.30053385
    1238         0.68522012         2.50552886
    1239        10.87168515         1.19785032
    1240         9.22929871         1.13702995
    1241        15.79900852         0.78519692
    1242         4.00557052         0.69586729
    1243        17.54054082         0.69964629
    1244        22.56233857         7.78478324
    1245        26.74791764         9.56788847
    1246        29.24989528         9.56690644
    1247        31.74988277         9.56694962
    1248        34.24992746         9.56697461
    1249        26.30982374         0.44921322
    1250        30.29073945         0.47841462
    1251        32.81308020         0.48347008
    1252        28.25106442         0.42168624
    1253        34.75000000         0.41912935
    1254        39.53126210         5.28553643
    1255        24.25847522         0.39547596
    1256        20.43301270         4.25000000
    1257        36.27811445         9.53740052
    1258        39.56698697         3.24999534
    1259        36.73556640         0.40759372
    1260        25.25000115         9.56914087
    1261        20.43301270         2.75000000
    1262        39.55045914         6.71941158
    1263        21.78995152         7.12961401
    1264        22.76460827         0.51985739
    1265        37.70976740         9.52119382
    1266        39.58658543         1.78684487
    1267        23.11732487         8.69824231
    1268        39.57529689         8.26263231
    1269        20.42828486         5.82057836
    1270        38.17360032         0.40046767
    1271        25.24885753         0.40927421
    1272        27.22549200         0.46027974
    1273        20.41368911         1.75013227
    1274        21.70000840         0.40138399
    1275        27.74989340         9.56699328
    1276        30.24995835         9.56697550
    1277        32.74998069         9.56697776
    1278        35.24858529         9.57959463
    1279        29.23763690         0.43457929
    1280        31.25572177         0.40707177
    1281        33.78377712         0.40869207
    1282        35.75000000         0.40512220
    1283        39.56527096         4.24873810
    1284        24.25362879         9.56746350
    1285        38.76261544         9.55768485
    1286        20.78849299         6.65285341
    1287        20.42180018         0.76944460
    1288        39.57750043         0.73450037
    1289        39.57661398         9.24788132
    1290        22.19252919         7.43456544
    1291        22.67570508         7.30943604
    1292        23.02551808         7.65894680
    1293        23.12651549         7.16832232
    1294        23.48773673         7.49954643
    1295        23.59385973         7.02932640
    1296        23.23586482         6.69229105
    1297        23.70188075         6.56047601
    1298        24.05628412         6.88675208
    1299        24.16284911         6.41547392
    1300        23.80857767         6.08824758
    1301        24.26942826         5.94196864
    1302        23.91096462         5.61337871
    1303        24.37527914         5.46691149
    1304        24.73380000         5.79640933
    1305        24.84088745         5.32123837
    1306        25.20041584         5.65072008
    1307        25.30765096         5.17419226
    1308        25.66828890         5.50504346
    1309        25.77519548         5.02603390
    1310        26.13737357         5.35848237
    1311        26.24475604         4.87820770
    1312        26.60750192         5.21155024
    1313        24.01617111         5.13735189
    1314        26.71507424         4.73015417
    1315        27.07855468         5.06453824
    1316        27.18756730         4.58528281
    1317        27.55084270         4.91766088
    1318        27.66762542         4.44434400
    1319        28.02345274         4.76873304
    1320        27.91519663         5.25292587
    1321        28.38861692         5.10443843
    1322        28.49688152         4.62017320
    1323        28.86239811         4.95632328
    1324        28.97211480         4.47528958
    1325        29.33696288         4.80860181
    1326        29.44694515         4.32766126
    1327        29.81188847         4.66005760
    1328        29.70291737         5.14501497
    1329        30.17804459         4.99621020
    1330        30.28669608         4.51023445
    1331        30.65333141         4.84721010
    1332        30.76192463         4.36091090
    1333        31.12886032         4.69818325
    1334        31.02008631         5.18457709
    1335        31.49583134         5.03562999
    1336        31.60463765         4.54898803
    1337        31.97178755         4.88655350
    1338        32.08058700         4.39972767
    1339        32.44787191         4.73741191
    1340        32.33898351         5.22433535
    1341        32.81518295         5.07519862
    1342        32.92407629         4.58815620
    1343        33.29148791         4.92600356
    1344        33.40038389         4.43884292
    1345        33.76786838         4.77676726
    1346        25.41475927         4.69648963
    1347        33.87678373         4.28952195
    1348        34.24432723         4.62747900
    1349        34.13536299         5.11476503
    1350        34.61185059         4.96534263
    1351        34.72085308         4.47809809
    1352        35.08848322         4.81615559
    1353        35.19746439         4.32872939
    1354        34.97956762         5.30328691
    1355        35.45617369         5.15423189
    1356        32.70625003         5.56223660
    1357        28.28017929         5.58861020
    1358        35.34727658         5.64160074
    1359        26.83030904         4.25675733
    1360        26.49919362         5.69132151
    1361        35.82390331         5.49240565
    1362        29.09128477         4.00391274
    1363        35.71486146         5.97997965
    1364        35.23834413         6.12885804
    1365        33.50932262         3.95180847
    1366        36.19163059         5.83065537
    1367        36.30064608         5.34305468
    1368        23.55048426         5.28440822
    1369        23.65618047         4.80719176
    1370        36.08249178         6.31834481
    1371        36.66844400         5.68129529
    1372        36.77747362         5.19362728
    1373        23.18974050         4.95474875
    1374        23.29517260         4.47621468
    1375        23.76303853         4.32878023
    1376        23.40094500         3.99670665
    1377        23.87035220         3.84915349
    1378        23.50740793         3.51623591
    1379        23.97736542         3.36834398
    1380        23.03750348         3.66439035
    1381        23.14398932         3.18281905
    1382        37.14530505         5.53190580
    1383        37.25434705         5.04420985
    1384        36.88649349         4.70592710
    1385        37.36336211         4.55648844
    1386        36.99550905         4.21820000
    1387        37.47240359         4.06874753
    1388        37.10452026         3.73043139
    1389        37.55639365         3.57537115
    1390        37.20937016         3.24170236
    1391        37.66057844         3.08647711
    1392        37.31691292         2.75355798
    1393        36.84477213         2.90411750
    1394        22.67322069         3.33143000
    1395        22.77979621         2.84875323
    1396        37.03624378         6.01960304
    1397        37.51315199         5.87020026
    1398        37.40408044         6.35795163
    1399        32.22998547         5.71136745
    1400        32.59728852         6.04933667
    1401        32.12080908         6.19854819
    1402        32.48831341         6.53654941
    1403        32.01172267         6.68577666
    1404        32.37932319         7.02385503
    1405        31.90276762         7.17306448
    1406        32.85588738         6.87458958
    1407        31.53515139         6.83503176
    1408        31.42608574         7.32175403
    1409        31.05875562         6.98418969
    1410        30.94963845         7.47078139
    1411        30.58245201         7.13336987
    1412        32.74689825         7.36200510
    1413        33.22361118         7.21268288
    1414        30.47349546         7.62032810
    1415        30.10635616         7.28256391
    1416        34.82977721         3.99065242
    1417        31.71332375         4.06212427
    1418        30.39502680         4.02371728
    1419        24.51934276         6.74358360
    1420        25.55975778         5.98104739
    1421        22.56772917         3.81291892
    1422        23.25093552         2.70079971
    1423        24.41221098         7.21620683
    1424        24.87650172         7.07324257
    1425        24.76950929         7.54799927
    1426        25.23564810         7.40432353
    1427        33.11363375         7.71362451
    1428        33.59120680         7.55310685
    1429        37.79366803         2.60401746
    1430        29.99739243         7.76942183
    1431        29.63061389         7.43277854
    1432        36.95357247         2.41624608
    1433        36.47756866         2.56594439
    1434        22.88689281         2.36555272
    1435        22.41416855         2.51437769
    1436        23.35884730         2.21766483
    1437        32.63776854         7.84950512
    1438        22.20221408         3.48039608
    1439        22.09647898         3.96251178
    1440        30.78951325         7.95235376
    1441        37.73122805         4.89469188
    1442        29.53144099         7.90777993
    1443        29.15643883         7.58032125
    1444        29.06801461         8.03426255
    1445        28.68295534         7.72417295
    1446        29.74118009         6.94567966
    1447        33.33268921         6.72512667
    1448        37.88104764         6.20851503
    1449        37.77196541         6.69630121
    1450        37.29499424         6.84571300
    1451        37.66287653         7.18408417
    1452        37.18587342         7.33350898
    1453        37.55378751         7.67189916
    1454        37.07677419         7.82131846
    1455        25.12438105         7.87159516
    1456        25.58786776         7.71064340
    1457        24.65390942         8.00198963
    1458        28.79222638         7.24188607
    1459        28.31516295         7.38850604
    1460        28.20486947         7.87672933
    1461        27.83957525         7.53825465
    1462        27.72212390         8.00216968
    1463        27.36308653         7.69011416
    1464        27.47158850         7.20572354
    1465        36.58651494         2.07811157
    1466        36.10973815         2.22763130
    1467        37.06346371         1.92858611
    1468        35.30639658         3.84122521
    1469        34.93875944         3.50334181
    1470        38.03080667         7.52247080
    1471        33.48225256         8.03849243
    1472        33.96936318         7.87835293
    1473        34.06987687         7.40005262
    1474        34.43767485         7.73765223
    1475        22.52126031         2.02991155
    1476        22.04754087         2.17934572
    1477        37.95743372         3.86885238
    1478        37.92171259         8.01031102
    1479        21.73046185         3.62946300
    1480        30.06921466         5.48189445
    1481        36.70886126         7.48292667
    1482        36.59975579         7.97072956
    1483        36.23186347         7.63233730
    1484        36.12275011         8.12014028
    1485        32.18936337         3.91276265
    1486        31.82196464         3.57503001
    1487        32.29819372         3.42566332
    1488        31.93067775         3.08785056
    1489        32.40706539         2.93844068
    1490        32.03934588         2.60050933
    1491        31.56440845         2.74817034
    1492        32.51593274         2.45105572
    1493        32.14810729         2.11304410
    1494        32.62482107         1.96355698
    1495        32.99261292         2.30164116
    1496        29.59399880         5.63068884
    1497        27.80660477         5.73694365
    1498        23.08316287         5.42826263
    1499        22.72341357         5.10164636
    1500        22.61689288         5.57499058
    1501        22.25775265         5.24949077
    1502        24.34048951         3.70179337
    1503        24.44779031         3.22048672
    1504        24.81100497         3.55428516
    1505        24.91860824         3.07250294
    1506        25.28211312         3.40652776
    1507        25.38996024         2.92442056
    1508        25.02584575         2.58989772
    1509        25.49786824         2.44149019
    1510        25.86246556         2.77647078
    1511        25.97056393         2.29296060
    1512        26.33577058         2.62894550
    1513        26.44384118         2.14444656
    1514        26.80954503         2.48109987
    1515        25.13311926         2.10654998
    1516        26.91766268         1.99576409
    1517        27.28359520         2.33239848
    1518        27.39195572         1.84681353
    1519        27.75807139         2.18348499
    1520        27.64953022         2.66909789
    1521        28.12411222         2.52026433
    1522        28.23302221         2.03472321
    1523        28.59942343         2.37180205
    1524        28.70836646         1.88577138
    1525        29.07506895         2.22319597
    1526        25.70262306         7.25381538
    1527        22.15263161         5.72724480
    1528        33.10154202         1.81405364
    1529        33.46940107         2.15221547
    1530        28.01544297         3.00576080
    1531        27.25475299         8.17486215
    1532        21.79225891         5.39740724
    1533        36.97184570         8.31920272
    1534        29.18400853         1.73668525
    1535        29.55084792         2.07433063
    1536        29.44180706         2.56087187
    1537        29.91233376         2.41085130
    1538        30.01030718         1.90928075
    1539        25.51652630         8.20726250
    1540        26.07837768         1.80873714
    1541        32.25701796         1.62550293
    1542        31.78024706         1.77501808
    1543        38.17797990         3.00963105
    1544        38.27663846         2.45586180
    1545        36.21873796         1.73980185
    1546        35.74196341         1.88932828
    1547        34.34073344         8.21388849
    1548        21.62378095         4.11277905
    1549        28.01063706         8.32396473
    1550        29.88845781         8.25631671
    1551        33.57833782         1.66453150
    1552        33.94620645         2.00273144
    1553        33.83725830         2.49040909
    1554        34.31380812         2.34088084
    1555        34.42304528         1.85325333
    1556        28.17155390         6.07288458
    1557        30.69164372         6.64575749
    1558        38.24894792         6.54687249
    1559        38.35803348         6.05905582
    1560        35.63332932         2.37782659
    1561        36.36851189         3.05388284
    1562        35.67408674         4.17923803
    1563        34.54517733         7.25192043
    1564        34.91213477         7.59027294
    1565        22.15502512         1.69389072
    1566        27.54104444         3.15435406
    1567        26.05650928         7.56163714
    1568        26.17228017         7.10504757
    1569        24.66064499         2.25517654
    1570        24.76894023         1.77136880
    1571        26.22668570         3.11284328
    1572        29.80769054         2.89835886
    1573        30.27275367         2.73995040
    1574        21.68043116         1.84346969
    1575        21.57363339         2.32882483
    1576        21.68572008         5.87400617
    1577        38.39642444         7.86034869
    1578        38.28693304         8.34813222
    1579        22.62936146         1.54449229
    1580        27.02573209         1.51026172
    1581        27.50048511         1.36109116
    1582        28.81701443         1.39908391
    1583        31.88913683         1.28741942
    1584        31.41241526         1.43700061
    1585        27.69669423         6.21670771
    1586        22.51331013         6.04028310
    1587        21.26820614         3.77910517
    1588        31.30357424         1.92452401
    1589        34.17755656         6.91356602
    1590        36.62760636         3.87988497
    1591        29.96015611         5.96776591
    1592        29.48569361         6.11793200
    1593        37.90768023         2.11725701
    1594        38.38554711         1.96794050
    1595        38.01752844         1.62953527
    1596        38.49476590         1.48007370
    1597        38.75393203         2.26644404
    1598        37.81221334         8.49798873
    1599        38.50744666         7.37294049
    1600        31.75358046         5.86037432
    1601        35.41534862         3.35368248
    1602        34.46210747         3.65285158
    1603        31.81570300         7.62506085
    1604        33.07372320         5.89997190
    1605        31.34758314         3.72974790
    1606        30.43517234         5.81962776
    1607        32.77464369         3.27637562
    1608        35.02107818         7.10281592
    1609        35.04780549         3.01606599
    1610        25.24101448         1.62223810
    1611        24.08403056         2.88703263
    1612        21.36623192         3.29587990
    1613        24.29779597         1.91990819
    1614        27.90785996         3.48956079
    1615        24.70177853         4.03503912
    1616        30.93752857         1.58467767
    1617        24.87693965         1.27770311
    1618        29.33415482         3.04560140
    1619        33.21043165         1.32636118
    1620        28.37735840         3.34161484
    1621        29.69148633         3.38059032
    1622        35.85753424         1.39352150
    1623        35.37540732         1.54989175
    1624        21.33055613         5.54501625
    1625        21.43015283         5.06735471
    1626        38.17289796         8.81373432
    1627        38.66989832         8.66707035
    1628        22.26885134         1.22704151
    1629        36.32784304         1.25195712
    1630        38.72362467         6.39690239
    1631        38.83505447         5.90958948
    1632        38.46711038         5.57123030
    1633        20.88989623         3.49607617
    1634        38.86100873         7.70991447
    1635        29.30207980         1.27383274
    1636        28.06345800         6.55579729
    1637        28.53688574         6.40906149
    1638        20.95384414         5.20317395
    1639        26.53085274         7.43828591
    1640        26.64182924         6.96115660
    1641        26.36554283         7.93628020
    1642        26.28056690         6.63195730
    1643        26.75167703         6.48428513
    1644        27.43243533         3.63910700
    1645        30.82704990         2.07406110
    1646        27.06756174         3.30163223
    1647        36.34099670         7.14454898
    1648        29.12011243         5.78047898
    1649        27.33091927         5.87686853
    1650        22.36059440         4.77310063
    1651        35.86433999         7.29319414
    1652        34.20426169         2.82842470
    1653        33.72775092         2.97788628
    1654        34.78975084         2.19053393
    1655        24.98385720         6.59824390
    1656        23.38631055         7.96373488
    1657        23.84419425         7.82485225
    1658        23.71861482         8.27548698
    1659        21.07728151         4.73851200
    1660        22.26306292         6.96179031
    1661        28.26043494         3.82320372
    1662        21.24676901         6.01667032
    1663        21.21132899         1.95758335
    1664        21.31312551         1.50687438
    1665        21.55038512         6.34682019
    1666        32.37050870         1.15533831
    1667        32.04704582         0.83025638
    1668        33.71425822         1.16830190
    1669        25.34036497         1.17786482
    1670        38.95024054         7.21489474
    1671        38.13457391         1.16666079
    1672        37.65097246         1.29533252
    1673        38.61759426         1.00496855
    1674        38.97187606         1.33058180
    1675        21.12536625         2.42699840
    1676        31.02617387         1.11900898
    1677        30.59610048         1.25624570
    1678        35.45646188         1.08390242
    1679        34.96016165         1.22483107
    1680        37.75875362         0.80325560
    1681        37.28166977         0.95276433
    1682        23.26147442         9.14992683
    1683        38.97175217         5.42103603
    1684        38.58077465         5.08324484
    1685        39.07173952         4.93437363
    1686        38.67732743         4.61075867
    1687        39.35457901         7.53347461
    1688        22.73791821         1.05826849
    1689        23.10448044         1.39516042
    1690        23.21326186         0.90890157
    1691        23.57884327         1.24547132
    1692        23.67841145         0.76779611
    1693        24.05549563         1.09648238
    1694        39.20302675         6.24799464
    1695        33.27040128         0.85096873
    1696        20.59651739         4.88126734
    1697        27.13107876         1.01126438
    1698        26.67752053         1.17586894
    1699        27.60902945         0.87503494
    1700        27.96546733         1.22271701
    1701        21.31828276         6.84502989
    1702        37.70345227         8.98607038
    1703        28.92868624         0.90269553
    1704        26.74947469         0.70942009
    1705        22.75509627         6.82379943
    1706        22.93407131         8.19144344
    1707        39.31917673         5.81069276
    1708        30.67665788         0.76101853
    1709        27.11274225         6.82802090
    1710        22.87137931         6.36315267
    1711        22.02790139         6.19361241
    1712        24.75139129         9.56858985
    1713        24.50330431         9.14099068
    1714        23.99660840         9.07903658
    1715        24.29797089         8.68979661
    1716        24.76030985         8.72087326
    1717        23.76914645         9.56504535
    1718        29.85096342         6.45677367
    1719        23.59859156         8.76202562
    1720        39.55153234         4.73993917
    1721        28.42829945         6.89786711
    1722        28.90425085         6.75687976
    1723        27.95193538         7.04779335
    1724        20.43175710         6.24782524
    1725        25.74839789         9.56872744
    1726        25.49850885         9.13065955
    1727        25.99604949         9.13705645
    1728        25.74923696         8.69743012
    1729        26.22823541         8.71615243
    1730        26.02736442         8.30279854
    1731        25.25402252         8.69943023
    1732        21.99390055         4.44394262
    1733        24.75018796         0.41709411
    1734        24.48464784         0.88455884
    1735        25.75967190         0.41333435
    1736        25.99942264         0.86452262
    1737        20.43247609         3.73908080
    1738        23.46858489         1.73188539
    1739        27.17549214         2.81761123
    1740        35.52440762         2.86605773
    1741        26.49253372         9.13840435
    1742        26.69133803         8.71089274
    1743        20.41747924         2.25024783
    1744        28.75014465         0.43292919
    1745        31.19570188         2.41093681
    1746        24.23230889         4.18186023
    1747        24.59287044         4.51502051
    1748        30.21574113         6.79525834
    1749        27.44203857         5.39905724
    1750        28.96628634         2.70910905
    1751        28.85718325         3.19586754
    1752        31.16778868         6.49690725
    1753        26.70085376         2.96540085
    1754        26.58992076         3.44882240
    1755        26.11144989         3.59446965
    1756        31.64435036         6.34762853
    1757        31.27742815         6.00958036
    1758        35.97351810         6.80569865
    1759        30.80148084         6.15788128
    1760        22.21120417         0.43819337
    1761        20.42315793         1.25328671
    1762        20.94495411         1.05801185
    1763        20.82591639         0.46841837
    1764        21.33255573         0.72373630
    1765        29.75470428         0.43472834
    1766        29.96875283         0.87459705
    1767        29.22834331         5.29358443
    1768        30.16214658         3.23143856
    1769        30.63368611         3.07208096
    1770        33.36035346         2.63977978
    1771        33.25107667         3.12705708
    1772        25.16979586         3.88781682
    1773        31.67189747         2.26203378
    1774        36.73573442         3.39192350
    1775        36.25956439         3.54175087
    1776        36.81800573         6.99513536
    1777        25.81051715         6.78034200
    1778        34.65362697         6.76450957
    1779        34.28604405         6.42616385
    1780        33.80955166         6.57559002
    1781        33.91810082         6.08826642
    1782        34.39431323         5.93906642
    1783        37.17287939         1.44140950
    1784        38.20818200         4.74492672
    1785        35.75512500         7.78116413
    1786        35.64582478         8.26946672
    1787        36.01364482         8.60795673
    1788        35.54482839         8.74844580
    1789        35.17039293         8.41699710
    1790        35.06399188         8.89018201
    1791        35.90748420         9.10019273
    1792        36.38542064         8.98473900
    1793        36.79557723         9.32960552
    1794        36.88326367         8.85784613
    1795        37.26452472         9.18246683
    1796        36.92715337         6.50734368
    1797        36.51864738         4.36770142
    1798        36.40966552         4.85543126
    1799        31.45807130         3.24126980
    1800        35.25000000         0.38427654
    1801        37.28329986         0.46847797
    1802        38.69936346         0.48771379
    1803        27.24977900         9.56722153
    1804        27.49863051         9.13514690
    1805        27.99807245         9.14711990
    1806        26.98836652         9.13695761
    1807        27.23870449         8.67904093
    1808        28.24943047         9.56910605
    1809        28.49929208         9.14863164
    1810        28.74977991         9.56974345
    1811        28.99957712         9.13690009
    1812        29.49974581         9.13758213
    1813        28.76107191         8.73464236
    1814        29.24696317         8.75011860
    1815        29.74993324         9.56758405
    1816        29.99990043         9.13787881
    1817        30.49981366         9.13466900
    1818        30.26942899         8.63022475
    1819        30.77523792         8.71821271
    1820        31.00385984         9.13689573
    1821        31.25435721         8.71884354
    1822        31.50099282         9.13735433
    1823        31.75022323         8.70450958
    1824        31.51133734         8.31114465
    1825        31.99814235         8.32585958
    1826        32.24952725         8.71666296
    1827        31.25076121         9.56799464
    1828        32.24983687         9.56693476
    1829        32.49974399         9.13655471
    1830        32.99989828         9.13442305
    1831        32.74977705         8.70962867
    1832        33.24984939         8.72732519
    1833        33.49983611         9.13843195
    1834        33.73210051         8.73961070
    1835        33.03324937         8.25087741
    1836        33.99389531         9.14288803
    1837        34.74975212         9.59367937
    1838        34.56875443         9.10787197
    1839        38.25825663         9.57365255
    1840        39.48687256         1.25793366
    1841        34.25000000         0.43301270
    1842        34.51188909         0.87579066
    1843        36.24030926         0.41755291
    1844        35.94120537         0.86818781
    1845        39.58569803         2.27000358
    1846        39.57706405         2.75333315
    1847        39.13212780         3.00441918
    1848        39.13367305         3.50071669
    1849        38.67513810         3.25631823
    1850        38.70861779         3.73350381
    1851        38.28692638         3.51687444
    1852        39.14341167         3.97959913
    1853        39.56822378         3.74650821
    1854        39.56997728         8.75175331
    1855        39.06820946         9.06427654
    1856        39.13397821         8.50000627
    1857        33.70046926         7.06322553
    1858        36.15077257         4.02963101
    1859        20.45922733         3.24137005
    1860        33.74893027         9.56920039
    1861        37.99011757         5.72071004
    1862        38.83194318         1.79435155
    1863        33.65889268         5.26389348
    1864        35.93289186         5.00486792
    1865        38.13981556         7.03464646
    1866        37.44538089         8.16130002
    1867        37.54069665         1.77985497
    1868        37.42933234         2.26658660
    1869        21.94148853         2.66370642
    1870        31.38697765         5.52223848
    1871        36.49611345         8.47676907
    1872        36.55936805         6.16897340
    1873        37.62221990         5.38245226
    1874        35.56515670         4.66677374
    1875        36.45025562         6.65667415
    1876        33.24977422         9.56817219
    1877        33.44139066         6.23779102
    1878        34.35325341         4.14014435
    1879        31.48480364         0.89012027
    1880        33.03294669         4.10114528
    1881        34.06700258         1.53817167
    1882        32.00003449         9.13816099
    1883        25.00292300         9.13828074
    1884        35.60606713         6.46710139
    1885        33.18252660         5.41297022
    1886        36.69572141         1.59036842
    1887        36.00087317         2.71591591
    1888        32.88351684         2.78905321
    1889        38.60831843         6.88315816
    1890        32.73449132         1.47883536
    1891        32.28538882         7.49288757
    1892        32.55667075         4.25047233
    1893        23.44761286         5.75642339
    1894        38.09993876         5.23287601
    1895        36.81224870         1.12637857
    1896        31.23781400         4.21240995
    1897        30.75073218         9.56775581
    1898        31.86285766         5.37341651
    1899        33.98572918         3.80257236
    1900        28.48996777         2.85740310
    1901        32.96488206         6.38722754
    1902        30.54450181         5.33320719
    1903        39.10053446         0.86746269
    1904        36.04187013         4.51727390
    1905        25.75394011         3.25893093
    1906        37.84165778         4.39850995
    1907        30.87139950         3.87729001
    1908        35.27867855         7.92988187
    1909        29.92089024         4.17601388
    1910        32.82426666         1.00260789
    1911        38.31733718         4.25735272
    1912        32.66560318         3.76342436
    1913        30.34201374         8.09718074
    1914        26.35424757         4.40282328
    1915        35.78297538         3.69161337
    1916        34.69312504         8.56875476
    1917        29.64681151         1.59564847
    1918        22.93261294         4.14461910
    1919        27.86514306         1.69967482
    1920        33.14199785         3.61415524
    1921        28.56861331         8.25549963
    1922        35.89194684         3.20381720
    1923        26.55494571         1.65997741
    1924        25.60572403         1.95771376
    1925        37.34368635         8.66165081
    1926        21.79555097         1.38115295
    1927        26.02887451         5.83603497
    1928        28.75395446         5.44108182
    1929        30.91094118         5.67118536
    1930        33.55012914         5.75068576
    1931        24.12266579         4.66032713
    1932        28.42956905         1.09410536
    1933        25.88375830         4.55055459
    1934        34.02629643         5.60129594
    1935        25.63848174         3.74125304
    1936        22.30875237         2.99791498
    1937        22.99471303         1.88105248
    1938        33.61839534         3.46506609
    1939        24.55424611         2.73805467
    1940        23.61412371         3.03550316
    1941        24.19028967         2.40406202
    1942        34.50285713         5.45211131
    1943        28.33643042         1.55601261
    1944        35.26597633         2.03980397
    1945        34.87106114         5.79025889
    1946        34.89085075         1.70382313
    1947        28.64625864         5.92789973
    1948        34.53076309         1.36462475
    1949        24.48264998         4.99152371
    1950        34.76221249         6.27746679
    1951        29.01333727         6.27099939
    1952        35.12977179         6.61575582
    1953        26.96938435         5.54269975
    1954        34.09481506         3.31566617
    1955        34.57135184         3.16601943
    1956        34.68067457         2.67855856
    1957        26.16347003         1.27821615
    1958        26.24748312         9.56867945
    1959        35.15701319         2.52850837
    1960        35.49711696         6.95418582
    1961        25.69107452         1.49140324
    1962        24.62688057         6.27004802
    1963        35.38807891         7.44191914
    1964        34.80545659         8.07624123
    1965        30.32570675         6.30645919
    1966        22.82783941         4.62390920
    1967        35.75000000         9.56926365
    1968        21.83754125         3.14747552
    1969        25.34131186         6.92893435
    1970        22.46319258         4.29350037
    1971        31.31821803         7.83598869
    1972        25.09200612         6.12460872
    1973        23.94763788         7.35464534
    1974        23.72101707         2.55262458
    1975        21.47404005         2.80432474
    1976        24.30501226         7.68438604
    1977        25.45004893         6.45395029
    1978        29.37676147         6.60811138
    1979        20.92381105         2.93067247
    1980        27.59352814         6.70061150
    1981        29.26691192         7.09427611
    1982        23.82825279         2.06995022
    1983        23.93958265         1.58350425
    1984        21.89402247         4.92066184
    1985        24.94883689         4.84542009
    1986        24.40390033         1.42225426
    1987        27.76184799         8.73807713
    1988        26.94716199         3.78239242
    1989        24.17969163         8.20922304
    1990        25.05780880         4.36715478
    1991        27.79750811         3.96890548
    1992        21.18885435         4.26578651
    1993        25.52590020         4.21998586
    1994        25.91927609         6.30718566
    1995        23.29836685         0.42233569
    1996        26.99987174         7.31079182
    1997        29.22430234         3.52509370
    1998        21.52947549         4.59267507
    1999        26.88751265         7.77722705
    2000        25.99604308         4.07298344
    2001        31.09571631         2.89359424
    2002        38.75314088         8.19057084
    2003        26.38855063         6.16037191
    2004        39.06623423         6.74058859
    2005        30.73106094         2.57444615
    2006        30.47063634         1.73058001
    2007        26.85831097         6.01445551
    2008        26.47152206         3.92637475
    2009        30.11104025         1.35575454
    2010        23.33948571         6.22461072
    2011        29.73533054         8.71188029
    2012        27.22397865         6.35349155
    2013        27.75000000         0.41315998
    2014        21.88052940         0.87361614
    2015        34.20671002         8.68047638
    2016        22.97864063         5.89795385
    2017        27.31043453         4.11279818
    2018        38.68128509         2.75575614
    2019        28.13862804         4.30713376
    2020        28.61283442         4.15609877
    2021        28.72713388         3.67385567
    2022        26.78262877         8.23773366
    2023        20.84467492         1.56264372
    2024        39.24792473         9.58316207
    2025        22.38409909         6.50960981
    2026        29.56378820         3.86143952
    2027        30.03687162         3.71558137
    2028        30.51275217         3.56655726
    2029        32.27041474         0.41582315
    2030        30.98739867         3.41237726
    2031        38.49502212         9.14917649
    2032        34.02514794         0.81969393
    2033        32.49964016         8.30087812
    2034        31.74884809         0.42183778
    2035        30.36616824         2.24779229
    2036        39.12571529         4.44784599
    2037        25.03348758         0.82058186
    2038        20.86765882         5.67712880
    2039        29.49020373         0.84393222
    2040        39.15250005         2.52218878
    2041        39.25241132         0.40876788
    2042        33.31451012         0.41086296
    2043        21.87384453         6.67502094
    2044        20.47438420         5.34702474
    2045        21.15193003         6.44016306
    2046        20.83454784         3.99370649
    2047        39.21750531         8.00843205
    2048        24.97871089         8.31127724
    2049        36.48921142         0.81052543
    2050        39.63768645         7.15590770
    2051        37.74313076         0.33444025
    2052        28.24932572         8.77394593
    2053        35.43559400         9.19396539
    2054        39.63905467         6.22952672
    2055        35.07141877         0.78110207
    2056        37.19284159         9.63327294
    2057        20.78578018         2.05338123
    2058        31.04707637         8.31516378
    2059        38.71870285         4.15077669
    2060        20.83965281         6.18201178
    2061        29.41153655         8.34868152
    2062        28.05485194         0.78952665
    2063        30.77248670         0.37035873
    2064        33.87183064         8.32791812
    2065        23.77423035         0.36436940
    2066        21.27169610         0.31870773
    2067        39.18512468         2.05682730
    2068        29.71008855         1.18563938
    2069        23.35926532         9.59820018
    2070        23.34982660         8.37291164
    2071        20.35510766         6.67533759
    2072        32.18300571         7.93159442
    2073        22.38658789         0.82077290
    2074        25.51655010         0.79820456
    2075        20.76058142         4.44935315
    2076        38.03825490         9.21864035
    2077        21.45364503         1.11355986
    2078        24.54424153         8.39106286
    2079        32.50262314         0.75525473
    2080        26.39455455         0.87383826
    2081        26.40665220         8.35903926
    2082        39.62947624         7.86090779
    2083        20.36602540         0.36602540
    2084        39.63397460         9.63397460
    2085        26.75181125         0.30504211
    2086        39.63706958         0.36293042
    2087        39.20909874         1.64318921
    2088        38.33980776         3.87559981
    2089        36.95710921         0.75296080
    2090        20.72818195         2.49097740
    2091        35.00000000         9.28153238
    2092        33.48657533         8.41676789
    2093        27.58688894         8.37658037
    2094        36.75000000         9.72098877
    2095        37.90793023         3.39788175
    2096        34.18112431         1.15967958
    2097        38.28284830         0.80376641
    2098        25.71749596         1.10364948
    2099        25.91087791         7.92326447
    2100        20.35105055         4.60803739
    2101        30.35095940         0.94584845
    2102        28.99901220         8.43173105
    2103        23.93714669         8.59628626
    2104        28.49382908         0.70994571
    2105        30.63379447         8.35443931
    2106        31.04132449         0.73334897
    2107        39.72036252         5.75552157
    2108        35.50000000         0.69868240
    2109        23.61641396         9.22748955
    2110        24.04969540         0.73453645
    2111        33.66082811         0.77070639
    2112        39.29079878         7.03867935
    2113        31.74891146         8.01399817
    2114        17.43311409        12.25390264
    2115         5.25000000        10.43301270
    2116         7.76535260        10.40778576
    2117        10.25000000        10.43301270
    2118        12.66218396        10.47178014
    2119        13.75082363        19.56712180
    2120        11.26039235        19.54247881
    2121         8.73783743        19.59939324
    2122         6.25000000        19.56698730
    2123         0.44591187        15.25153206
    2124        15.73973416        19.60759136
    2125         4.25577314        19.59528746
    2126        19.57428322        15.76295075
    2127         0.43136296        13.30487462
    2128         3.27363181        10.40984115
    2129        14.82981376        10.35614658
    2130         0.42203694        17.24999790
    2131        19.56698730        17.25000000
    2132        18.21237371        12.92085531
    2133        17.22813132        19.48502067
    2134         2.75070341        19.60105229
    2135         0.44427242        11.74539700
    2136        16.86259565        11.27434137
    2137        19.57213334        14.17838942
    2138         1.73813782        10.41101601
    2139        14.74982835        19.57576641
    2140        12.74040343        19.57520387
    2141        19.58344077        18.24989108
    2142        18.25540247        19.57012106
    2143        10.27867902        19.59338163
    2144         7.76577347        19.60204989
    2145         5.23784035        19.58378555
    2146         1.81605491        19.57032964
    2147         4.25000000        10.41945738
    2148         6.22195088        10.41260449
    2149         8.73773300        10.40661411
    2150        11.28434799        10.49574346
    2151        13.73575610        10.40420473
    2152         0.43301280        16.24999599
    2153         0.41817564        18.22430146
    2154         0.43301270        14.25000000
    2155        15.69082676        10.46893606
    2156        19.21153679        13.34702723
    2157         0.76933760        10.42184814
    2158        19.24788262        19.57661939
    2159         0.77540388        19.53708550
    2160        17.78137075        12.58588223
    2161        17.30686910        12.71342611
    2162        16.96388125        12.38942928
    2163        16.85806435        12.84074885
    2164        16.50976082        12.52713492
    2165        16.40081376        12.98500833
    2166        16.74692174        13.30819482
    2167        16.29282120        13.45273896
    2168        16.64702063        13.77946987
    2169        16.18667516        13.92395426
    2170        15.83336483        13.59582413
    2171        15.72693494        14.06867598
    2172        16.08146814        14.39741085
    2173        15.61741090        14.54241731
    2174        15.26565511        14.20462529
    2175        15.15200818        14.68528104
    2176        14.79688909        14.34588932
    2177        14.68418310        14.83227977
    2178        14.32245183        14.49009905
    2179        14.21554065        14.97594905
    2180        13.85178422        14.63448755
    2181        13.74778627        15.12360784
    2182        13.38364478        14.78761446
    2183        13.27702354        15.27226258
    2184        12.91198892        14.93487377
    2185        15.97530176        14.87255864
    2186        12.80282386        15.41707261
    2187        12.43928351        15.08038508
    2188        12.33056078        15.56430538
    2189        11.96577836        15.22703593
    2190        12.07585432        14.74313278
    2191        11.60163231        14.88982700
    2192        11.49177268        15.37406500
    2193        11.12718798        15.03671991
    2194        11.01707228        15.52124856
    2195        10.65209124        15.18348589
    2196        10.54171360        15.66833574
    2197        10.17657214        15.33006878
    2198        10.28747379        14.84573010
    2199         9.81128212        14.99183317
    2200         9.70076380        15.47738557
    2201         9.33523363        15.13882177
    2202         9.22471296        15.62467898
    2203         8.85896911        15.28605001
    2204         8.96955153        14.79989934
    2205         8.49311345        14.94715429
    2206         8.38249303        15.43351409
    2207         8.01650830        15.09451659
    2208         7.90589471        15.58103077
    2209         7.53980328        15.24194262
    2210         7.65048892        14.75533899
    2211         7.17372223        14.90292646
    2212         7.06298392        15.38945386
    2213         6.69681719        15.05034936
    2214         6.58606880        15.53703641
    2215         6.21986483        15.19799672
    2216         6.10908733        15.68468980
    2217         5.74275417        15.34535674
    2218         5.85353854        14.85911642
    2219         5.37646315        15.00630767
    2220         5.26564340        15.49300176
    2221         4.89927973        15.15351121
    2222         4.78840026        15.64030226
    2223        14.57871957        15.31029074
    2224         5.00990631        14.66696067
    2225         4.53280418        14.81400025
    2226         7.28436313        14.41617871
    2227        11.71197979        14.40577833
    2228         4.64336849        14.32716734
    2229        13.17174529        15.75751242
    2230        13.49409682        14.30199842
    2231         4.16630290        14.47445847
    2232         6.47542925        16.02396801
    2233         4.27715677        13.98770245
    2234         4.75400983        13.84112893
    2235        10.90724425        16.00662460
    2236         3.79983811        14.13487654
    2237         3.68892413        14.62150632
    2238         3.91043888        13.64836595
    2239         3.43325351        13.79525652
    2240         3.54373618        13.30839262
    2241         3.06661225        13.45560704
    2242         3.17735005        12.96838535
    2243         3.65435515        12.82158904
    2244         2.69988056        13.11600957
    2245         2.58925025        13.60291061
    2246         2.81074321        12.62862376
    2247         8.60379404        14.46081254
    2248         8.27186789        15.91970140
    2249         5.99838173        16.17162792
    2250         6.36473352        16.51099923
    2251         5.88761907        16.65866724
    2252         6.25407160        16.99809009
    2253         5.77683138        17.14575642
    2254         6.73112165        16.85033599
    2255         6.62054164        17.33751536
    2256         7.09765728        17.18975988
    2257         9.08031685        14.31357167
    2258         8.71452833        13.97438238
    2259         9.19112896        13.82709656
    2260         8.82526551        13.48784274
    2261         9.30202473        13.34050227
    2262         8.93600068        13.00119550
    2263         9.41291038        12.85381643
    2264         8.45922292        13.14848572
    2265         9.77874783        13.19352144
    2266         9.88972226        12.70665921
    2267         8.56987916        12.66175649
    2268         8.09290604        12.80911014
    2269        10.25551861        13.04618275
    2270        10.36639489        12.55947508
    2271        10.73188460        12.89761159
    2272        10.84285650        12.41208292
    2273        11.20819161        12.75004118
    2274        11.31913476        12.26499261
    2275        11.68447281        12.60365817
    2276        10.43149951        16.15371185
    2277        10.79704289        16.49209097
    2278        10.32113697        16.63945100
    2279        10.68673810        16.97783069
    2280        10.21064160        17.12537597
    2281        11.16267648        16.83041261
    2282        11.05242301        17.31618259
    2283        11.52831172        17.16881340
    2284        16.04813540        12.65878720
    2285        14.44066792        13.98912600
    2286        16.44022444        14.72660809
    2287        16.33434770        15.20303767
    2288        16.80291533        15.05453909
    2289        16.69491215        15.53405194
    2290        16.22681822        15.68078783
    2291        16.58788623        16.01322909
    2292        16.11859826        16.15991404
    2293        16.48073588        16.49330332
    2294        16.01086667        16.64022173
    2295        16.95044830        16.34601106
    2296        16.84336267        16.82720216
    2297        17.31414262        16.67941963
    2298        17.20683563        17.16176543
    2299        17.42135360        16.19747904
    2300        16.73509775        17.30944835
    2301         2.33319630        12.77630062
    2302         9.52380914        12.36713718
    2303         6.98707750        17.67695203
    2304         7.46430477        17.52926841
    2305        11.41820520        17.65437752
    2306        11.89395448        17.50710792
    2307        10.94277185        17.80217695
    2308         2.44406963        12.28886789
    2309        11.79515919        12.11815791
    2310        12.16027623        12.45659002
    2311         6.50981566        17.82469132
    2312        17.09901948        17.64473931
    2313        17.57180232        17.49668411
    2314        16.62763034        17.79048039
    2315        17.78534890        16.53135538
    2316        17.89303427        16.04893181
    2317         8.20364566        12.32225828
    2318         7.72649206        12.46975050
    2319         2.92164223        12.14119193
    2320        11.78386108        17.99265358
    2321        12.25945122        17.84522286
    2322        12.36955676        17.35970253
    2323        12.73473462        17.69767534
    2324        12.27078283        11.97128626
    2325        12.63558334        12.30972879
    2326        12.52589529        12.79733661
    2327        13.00062782        12.65067648
    2328        13.11029895        12.16365185
    2329        13.47359214        12.50095924
    2330        13.58375232        12.01817667
    2331        13.94645032        12.35426378
    2332         1.96648449        12.43656073
    2333        17.46391610        17.98084428
    2334        17.93777919        17.83224028
    2335         6.87641079        18.16418663
    2336        10.47721963        12.07302203
    2337        17.11323039        13.63653744
    2338        14.05619413        11.87282366
    2339        14.41422120        12.20735367
    2340        18.25723866        16.38313628
    2341        12.84459345        17.21250754
    2342        13.20965254        17.55014717
    2343        13.10531890        18.05266318
    2344        13.57563591        17.89047781
    2345        13.68451398        17.40344830
    2346        14.04931146        17.74064400
    2347        14.15684953        17.25247032
    2348        14.52316990        17.59276929
    2349         5.41035684        16.80631628
    2350         5.29953572        17.29345458
    2351         4.93299553        16.95396359
    2352         4.82218990        17.44116700
    2353         4.45559896        17.10158294
    2354         4.34478886        17.58887620
    2355         3.97816248        17.24925813
    2356         3.86734782        17.73659808
    2357         3.50069184        17.39695656
    2358         3.61152763        16.90953295
    2359         3.13404089        17.05729460
    2360         3.02319845        17.54467703
    2361         2.65652072        17.20499138
    2362         2.76738108        16.71756788
    2363         2.54567113        17.69240523
    2364         2.28983076        16.86526261
    2365         2.40069897        16.37787169
    2366         2.87823414        16.23013688
    2367         2.51156294        15.89045671
    2368         5.18885397        17.78066750
    2369         2.05579660        16.04310517
    2370         2.14852054        15.55157310
    2371         7.61598125        12.95656253
    2372         7.24931911        12.61728937
    2373         7.36010785        12.13025520
    2374         6.88284079        12.27779932
    2375         6.77203136        12.76493231
    2376         6.40554537        12.42540702
    2377         6.29476099        12.91256194
    2378         5.92824682        12.57303932
    2379         6.03903994        12.08581776
    2380         5.56164553        12.23348292
    2381        12.18629175        14.25924006
    2382        10.62149406        13.38463769
    2383         2.91237846        18.03210286
    2384         9.84496863        16.78694966
    2385         9.73435891        17.27300958
    2386         9.36839175        16.93434338
    2387         9.25782318        17.42068806
    2388         9.62399855        17.75956040
    2389         9.14727453        17.90734197
    2390         8.89213283        17.08177725
    2391         2.55496303        11.80141856
    2392         1.85560371        12.92401547
    2393        15.64848523        16.30630372
    2394         2.43482637        18.17984560
    2395         2.06809968        17.84012457
    2396         6.99367404        11.79064510
    2397        14.41386667        18.07716668
    2398        14.88340073        17.92324856
    2399         9.51372567        18.24642875
    2400         4.23401453        18.07623351
    2401        16.15618583        12.18702873
    2402        14.52554448        11.72707839
    2403         1.49780837        12.58629699
    2404         1.63397801        12.10458097
    2405         6.40259074        18.30813020
    2406        12.14941984        18.33111743
    2407        11.90580550        11.63255811
    2408         5.67247910        11.74617644
    2409         5.19503132        11.89385019
    2410         5.08421947        12.38118652
    2411         4.71756262        12.04154458
    2412        18.36430079        15.90033506
    2413        18.00018394        15.56630317
    2414        18.47108821        15.41782962
    2415        18.10778960        15.08470715
    2416        14.30765802        12.68822074
    2417         1.95724220        18.32759312
    2418        13.36349970        12.98561191
    2419        13.79403961        16.91864807
    2420        14.26390483        16.76467548
    2421        13.22088582        11.68728537
    2422         3.03049620        11.65596471
    2423        11.82155050        13.91981342
    2424        12.47976473        16.87493462
    2425         7.57466229        17.04196416
    2426         2.62303662        15.40319657
    2427         2.25647568        15.06350134
    2428         1.77893015        15.21118050
    2429         1.88910940        14.72358905
    2430         6.66119641        13.25205572
    2431         6.18399273        13.39968277
    2432         7.47098029        11.64310257
    2433        17.82949136        18.31743919
    2434        15.54025979        16.78722692
    2435        15.69598097        12.32907318
    2436        15.78684227        11.85172317
    2437         7.10453391        11.30337895
    2438         9.03696797        18.39396725
    2439         8.67028208        18.05496687
    2440        18.30426198        18.16868935
    2441        18.41184737        17.68360706
    2442         4.82838612        11.55417347
    2443         4.35122010        11.70195846
    2444         8.56954677        18.56018519
    2445         2.66345106        11.31654409
    2446         9.40352121        18.73317028
    2447         9.88041911        18.58553535
    2448         1.61019797        17.99232949
    2449         1.50261830        18.48057226
    2450        13.46518088        18.37276885
    2451        18.57687894        14.93600618
    2452        18.21355492        14.60405771
    2453        17.35496914        18.46597035
    2454         6.76983147        18.64706066
    2455         7.24378440        18.50298348
    2456        11.67393385        18.47873127
    2457        14.79064322        18.39929874
    2458        15.25071853        18.25937609
    2459         1.41623551        14.87233577
    2460         1.54164388        14.38842046
    2461        15.35560825        17.77433303
    2462        18.72086048        16.23284543
    2463        12.03944289        18.81736471
    2464         2.80156093        18.51956138
    2465        13.90364299        16.43485836
    2466        14.37248146        16.28151503
    2467        17.74625621        14.75186541
    2468        17.85282776        14.27328442
    2469        18.31784047        14.12637601
    2470        12.29790445        13.77309221
    2471        14.16574340        11.39156596
    2472        11.34636012        14.06626800
    2473        11.63872500        16.68349742
    2474        12.95456295        16.72772899
    2475         7.79524414        16.06759123
    2476        12.37994010        11.48768834
    2477        12.01613631        11.14692478
    2478        11.56794258        11.30007645
    2479         2.73352330        14.91573629
    2480         6.55039774        13.73909975
    2481         1.70464620        17.50112155
    2482         2.18784142        11.46206193
    2483         3.27909404        18.37179076
    2484         9.55633464        14.16708526
    2485         8.68078704        12.17481943
    2486         6.14993847        11.59854025
    2487         8.31450585        11.83526195
    2488         8.79173516        11.68774092
    2489         4.56646337        16.61437297
    2490         7.76122396        14.26875426
    2491        12.51557840        18.66945896
    2492         7.39482712        13.92978337
    2493         3.10011972        15.25556328
    2494        14.31632271        18.63959349
    2495         6.07341879        13.88657266
    2496         5.70699935        13.54731418
    2497         9.00296345        16.59562252
    2498         4.60711892        12.52893485
    2499         8.16151420        16.40604530
    2500         4.97372256        12.86822935
    2501         8.40953311        11.32414006
    2502        16.90688037        14.57910037
    2503         3.39841978        11.99489207
    2504         3.51609071        11.53781398
    2505         7.94122982        17.38010050
    2506         7.83069657        17.86691856
    2507        18.62089616        16.71698392
    2508        15.59534075        12.79527566
    2509        17.95754949        13.80130204
    2510         1.38230478        13.07272591
    2511         1.74557735        13.41126310
    2512         1.23082036        13.61145756
    2513        16.26401612        17.45492898
    2514         1.31832494        15.34919716
    2515        15.70991607        18.10416452
    2516        15.14463803        18.74605647
    2517         5.78683728        11.27030013
    2518        17.71065526        18.79294336
    2519        18.38365519        13.67969669
    2520         3.16249012        18.84050691
    2521         3.64488837        18.70838129
    2522        19.10222013        16.51239580
    2523         1.25821834        17.71941858
    2524         1.31584440        17.23889545
    2525         8.89725082        11.20674352
    2526         9.26819275        11.54127331
    2527         9.38226146        11.06465619
    2528         9.74666022        11.39485394
    2529        14.01074026        15.94923088
    2530         1.01125776        12.73198015
    2531         7.12880736        18.97600730
    2532         7.60855507        18.82298715
    2533        14.62542126        11.25214820
    2534        11.93535392        13.42943444
    2535        12.58894093        16.38846394
    2536        15.33784735        11.99786904
    2537        15.44347727        11.49692983
    2538        15.89514463        11.37272370
    2539        17.16669748        15.38316007
    2540        14.77531665        12.56101700
    2541        14.67031490        13.03155091
    2542        14.20203921        13.16735950
    2543         6.03314077        17.97172967
    2544         5.92381812        18.43812616
    2545         5.15482476        15.97987171
    2546         7.87193150        13.78238823
    2547         2.00357617        14.23759307
    2548        12.66339564        14.10980849
    2549        12.77590312        13.62300228
    2550         6.44050634        14.22556866
    2551         9.59024455        15.96288855
    2552         5.59707838        14.03375291
    2553         4.49749521        13.01540836
    2554        18.74963887        13.98706312
    2555        17.66422814        13.05198299
    2556        15.17775493        16.45286919
    2557        15.29176533        15.97221228
    2558        15.06931972        16.93433961
    2559        18.77351997        18.06519373
    2560        18.64559226        18.46637208
    2561        18.92404568        15.26532738
    2562         3.47713678        19.16652586
    2563         4.43436587        11.22275451
    2564         2.29914161        10.97414380
    2565         1.81702812        11.14000431
    2566         1.84149234        18.78772133
    2567         1.32935259        18.89579110
    2568         7.58199829        11.15578092
    2569         7.19194910        10.82515843
    2570        19.04934087        14.79597554
    2571        18.86220201        17.58326200
    2572         6.73787508        10.96367461
    2573        14.27103435        10.92040975
    2574        13.81160524        11.09073237
    2575         4.91422591        11.09847839
    2576         9.76986396        19.07273241
    2577        10.24041153        18.90331822
    2578        10.35612820        18.43389830
    2579        10.71767115        18.75578176
    2580         1.00200055        18.62308978
    2581        11.55025006        19.07030408
    2582        11.95894919        19.27738433
    2583        15.56384725        10.98681869
    2584         1.00828337        14.47932114
    2585        17.03930677        11.96068856
    2586        16.62279878        10.80698780
    2587         9.30915464        19.21016820
    2588        17.24555241        18.95193779
    2589        16.87963314        18.61443937
    2590        16.76998105        19.10046440
    2591        16.40546333        18.76862303
    2592        16.30640966        19.24042264
    2593        15.92807254        18.91138924
    2594        12.50814590        11.00210123
    2595        12.13957974        10.68233050
    2596        13.01530767        10.89513177
    2597         2.74062589        10.83534914
    2598         9.92256523        10.84812369
    2599        10.25676128        11.26304162
    2600        18.72664231        13.10660434
    2601        19.41254331        15.12045043
    2602        16.03598560        10.90164064
    2603         6.58964856        19.17214369
    2604         4.03764205        19.11465795
    2605        15.19044720        10.66243972
    2606         2.67472350        18.96412672
    2607         9.49106485        10.56580826
    2608        14.55937902        13.50364810
    2609        15.02930531        13.37456932
    2610        16.25376259        10.45698868
    2611        14.08482908        13.64015116
    2612        15.43971202        17.26873081
    2613         7.02171954        19.47855261
    2614        14.91264513        13.85998020
    2615        17.38028635        14.42521853
    2616        13.54149211        16.10000569
    2617        14.47410453        15.79187133
    2618        16.35989251        11.28819198
    2619        16.68752004        11.64850086
    2620        13.64898786        15.61561997
    2621        17.48748350        13.96114067
    2622        13.06389262        16.24114269
    2623        19.56824290        13.75217476
    2624        13.23860742        10.44250234
    2625        17.63842646        15.23303489
    2626        13.96781632        14.13590355
    2627        13.61253469        13.80125235
    2628        13.13889115        13.95749425
    2629        17.27357703        14.90448639
    2630        11.57124868        13.08835081
    2631        15.24815988        19.58584019
    2632        14.25003883        19.56893050
    2633        14.00905939        19.13075005
    2634        13.53856643        19.14065978
    2635        13.25557978        19.56932290
    2636        12.99555652        19.11015966
    2637        14.49900362        19.13521741
    2638        19.56615610        16.26183107
    2639        19.53691699        16.76245631
    2640        12.11430478        16.53658982
    2641        12.22472464        16.05200143
    2642        12.04876564        12.94242241
    2643        11.45857103        13.57772974
    2644        12.41474989        13.28085055
    2645        12.88532770        13.13633201
    2646        10.98210531        13.72832521
    2647        10.87256235        14.21649270
    2648        10.50687830        13.87813496
    2649        10.14384287        13.53426840
    2650        13.31980577        17.06585273
    2651        16.51463304        18.27831155
    2652        11.27290651        16.34502815
    2653        11.74832173        16.19788303
    2654        11.38220579        15.85919627
    2655        19.58694849        17.74979196
    2656         8.05127758        16.89257632
    2657         7.68464361        16.55435937
    2658         7.31849332        16.21535025
    2659        15.75815810        15.82665628
    2660        15.40078447        15.49298536
    2661         9.63494355        11.88054324
    2662        18.66959464        14.45777850
    2663        10.83183092        18.28460507
    2664        12.54985318        14.59688779
    2665        17.75005761        19.56702056
    2666        19.59020046        18.72129832
    2667         9.99017850        18.09778123
    2668        18.75055110        19.56914745
    2669        19.00873072        19.20375061
    2670        18.49877600        19.16909868
    2671         3.21123801        14.76861025
    2672         2.84462063        14.42883106
    2673         2.98920580        15.74280147
    2674         3.46664641        15.59525471
    2675         3.35575856        16.08244393
    2676         3.83316871        15.93474726
    2677         3.94439232        15.44792309
    2678         4.31064779        15.78719815
    2679         4.19987038        16.27462234
    2680        17.52916193        15.71577143
    2681         3.24491920        16.56979657
    2682         5.45088984        12.72068979
    2683         7.71984972        18.35129747
    2684        13.83957193        12.83308189
    2685         7.13869012        13.10426196
    2686         2.36754018        14.57649100
    2687         4.12739821        18.57378550
    2688         4.49024011        18.90348680
    2689         4.60157357        18.41765404
    2690         4.99681284        18.76708185
    2691         4.85700248        19.24318801
    2692         5.08458133        18.27492599
    2693         4.08899533        16.76189132
    2694         3.75393863        10.42689156
    2695         3.49688791        10.82480949
    2696         4.01370598        10.88927108
    2697         5.71733830        10.43413036
    2698         8.25013387        10.43048870
    2699         8.00345262        10.89433880
    2700        10.75823449        10.44201878
    2701        10.94926954        10.90525765
    2702        10.78578009        19.56947428
    2703         8.25042987        19.57843447
    2704         8.49979710        19.11189895
    2705         5.74796957        19.56978921
    2706         5.48445276        19.12701025
    2707         5.45348358        18.63590079
    2708         6.02840171        19.17151615
    2709         2.27262444        19.58312162
    2710         1.31951838        19.58581136
    2711         1.24426435        10.42345502
    2712         0.99528535        10.85854076
    2713         0.45936926        10.81363601
    2714         0.75000000        11.29903779
    2715         1.30098430        11.32432836
    2716         0.96284116        11.76479655
    2717         0.72494613        12.10957908
    2718         4.75000000        10.41112251
    2719         0.41816134        17.74571656
    2720         0.81756296        17.94961872
    2721         0.43301270        15.75000000
    2722         0.85283267        16.00633141
    2723         0.88918852        16.49270910
    2724         1.24637058        16.24322181
    2725         0.43301994        16.74998746
    2726         0.43028776        13.75697648
    2727         0.86602540        14.00000000
    2728         0.52319391        14.75051675
    2729         0.48338527        18.71701574
    2730         0.47083870        12.77971256
    2731         2.27536955        10.46602254
    2732         6.75973204        10.47736670
    2733         1.81104830        17.03057733
    2734         1.70538801        15.69310472
    2735        12.00421065        17.02187585
    2736         2.08299419        11.95046756
    2737         7.35368729        18.01526776
    2738         3.72236147        16.42207748
    2739         2.17930280        17.35574711
    2740         9.92206872        14.50726943
    2741         3.38987280        17.88432208
    2742         2.32103063        18.65752065
    2743         5.34072039        13.20759539
    2744         4.24121774        12.18907305
    2745         2.22264498        13.26344918
    2746         3.28777803        12.48162358
    2747        18.04458741        17.34819286
    2748         1.71062857        11.60931530
    2749         5.81760169        13.06014723
    2750         5.30228043        11.41370303
    2751         6.51638300        11.93820813
    2752         4.71266703        17.92992070
    2753         3.75710263        18.22518520
    2754         1.94971470        16.53872083
    2755         5.63204537        15.83223371
    2756         8.12719960        14.60811532
    2757         6.14340965        17.48510461
    2758         9.15771556        12.02765530
    2759         7.83732802        11.98272896
    2760         7.02785225        13.59123587
    2761         8.74835131        15.77184549
    2762         7.42911722        15.72856957
    2763         9.66723741        13.68087064
    2764         9.04685033        12.51439672
    2765        10.95394712        11.92607070
    2766        10.10034295        17.61149131
    2767         8.78118867        17.56825616
    2768        13.42957268        16.58137275
    2769        12.42192213        19.17444022
    2770        13.01631222        18.52443525
    2771         9.44579791        14.65308011
    2772         5.41229114        10.88471915
    2773         6.91739339        14.07789774
    2774        12.63013587        18.18676217
    2775         5.66618762        17.63275710
    2776         6.84162974        16.36326382
    2777         6.62717518        11.45097347
    2778         5.04390517        16.46691532
    2779         5.52123741        16.31926400
    2780        10.11758101        11.73617358
    2781         7.20803465        16.70250558
    2782         8.23797073        14.12170127
    2783         6.95228475        15.87610723
    2784         4.67762986        16.12749333
    2785        10.00161175        12.22050172
    2786         7.93629970        11.47255888
    2787         6.26893846        11.13814702
    2788        10.06626995        15.81539608
    2789        10.60067687        11.60708856
    2790        10.57655966        17.46375943
    2791         8.34858143        13.63506096
    2792         5.55535423        18.11982985
    2793        13.94084814        18.23504478
    2794        12.74426816        11.82840503
    2795        11.43453404        11.78053742
    2796         4.42220362        15.30069933
    2797        11.68290504        10.83142232
    2798        18.25301134        18.70455725
    2799         4.05554340        14.96118707
    2800         7.98254200        13.29562721
    2801        10.46644045        17.94949907
    2802         3.57781066        15.10834079
    2803         7.50530404        13.44330986
    2804         9.95555472        16.30118977
    2805         9.47928606        16.44866089
    2806        18.80538681        15.74486600
    2807        11.23732203        14.55246674
    2808         3.32237845        14.28188834
    2809        11.85722733        15.71241451
    2810        17.67793871        17.01347572
    2811        16.98996687        18.12913087
    2812         2.95588120        13.94233182
    2813        16.37278693        16.97425330
    2814         2.47887169        14.08972554
    2815         6.80744999        14.56428904
    2816        15.86753364        15.34897416
    2817         9.11387007        16.11011612
    2818         2.11236171        13.75019568
    2819        13.02265379        14.45238363
    2820        17.05840995        15.86495044
    2821         1.63374917        13.89769829
    2822        11.30832791        18.13988091
    2823         6.33048859        14.71183415
    2824        15.50919914        15.01692616
    2825        16.54346266        14.25181086
    2826         5.96377873        14.37289276
    2827         5.12050904        14.18075002
    2828         8.09910104        18.70209001
    2829         5.48687902        14.51996341
    2830         5.23058152        13.69412042
    2831        13.69553361        11.54099990
    2832        17.01306065        14.10554629
    2833         8.63770020        16.25773310
    2834        10.76297441        14.69997248
    2835        11.08273299        11.38773066
    2836        15.90479047        17.11904983
    2837         8.52736807        16.74369499
    2838         4.02100753        13.16214196
    2839         4.86417514        13.35433887
    2840         4.38738056        13.50151442
    2841         4.13105065        12.67579253
    2842         3.76415779        12.33505932
    2843         8.92763940        18.87964493
    2844         0.88610271        16.98858828
    2845         3.87640623        11.85361985
    2846        18.14919671        16.86476114
    2847        12.69622233        15.90189723
    2848        11.19514188        18.63891383
    2849         9.74185714        19.53888716
    2850        15.94389587        13.12593129
    2851         8.41737921        17.23019410
    2852         3.98478109        11.37208738
    2853        10.03171249        14.02250274
    2854         8.30692764        17.71683896
    2855         8.19940064        18.20871617
    2856        10.39727834        14.36168374
    2857        18.51247802        17.20788633
    2858        18.02859171        13.35355541
    2859        11.09558255        13.23778270
    2860        19.06773576        17.07613282
    2861        14.11135478        15.45750753
    2862        15.04325927        15.16179024
    2863         8.55517461        10.83967088
    2864         0.83706918        19.05173212
    2865        14.27020757        10.44347943
    2866        15.51391982        19.12628312
    2867        11.03681155        19.11949880
    2868        14.93777479        15.64209871
    2869        14.97846661        17.42346992
    2870        12.85853858        11.35290939
    2871        15.08380975        11.09997389
    2872        10.50550625        10.85517587
    2873        16.69696691        19.58263095
    2874         0.90981230        13.21319892
    2875        15.49289925        13.26795348
    2876         3.16630427        11.16745213
    2877        15.23910270        12.45184878
    2878        15.80313275        17.59586287
    2879        15.37680076        13.72860474
    2880        19.11117005        18.45994384
    2881         3.25622236        19.59832596
    2882        16.16601097        17.92643997
    2883        13.72229417        13.31799517
    2884        14.86766348        12.05769496
    2885        13.80034741        18.70145860
    2886        14.97950089        11.59736344
    2887        14.83059546        16.12424505
    2888         0.87587264        15.52838141
    2889        14.72259130        16.60737528
    2890        13.24974175        13.47028133
    2891        14.61905031        17.09584999
    2892         1.43924934        16.69431350
    2893        19.55458231        19.21889889
    2894         0.93993551        15.03474065
    2895         7.94939264        19.17711998
    2896         6.25052014        18.75896435
    2897        13.34244107        11.23158054
    2898        16.04928928        18.45117445
    2899        15.59942571        18.59974065
    2900        18.01509345        19.16202189
    2901        19.13249185        14.32336265
    2902        15.13371326        12.91370253
    2903        17.21778562        13.17922727
    2904         3.76372341        19.58174566
    2905         2.17946652        19.13046580
    2906        12.21363499        19.60761137
    2907         1.48513041        10.83032111
    2908        14.99157735        19.17425800
    2909        19.52775156        14.65302967
    2910         0.40975677        19.24052518
    2911        19.16161316        16.01567591
    2912        17.57814481        13.49729097
    2913         1.13175154        12.23110873
    2914        18.76832699        13.53910503
    2915         2.78668521        10.39627979
    2916        11.80947213        10.38395603
    2917        16.58779740        12.06744688
    2918         7.27628821        10.39297152
    2919         0.83862843        17.48717089
    2920         9.03404818        10.75198468
    2921         5.95482855        10.82445218
    2922        19.20239213        17.95324776
    2923         1.25336006        15.80135699
    2924         4.53080763        10.78778930
    2925         9.23274258        19.63099389
    2926         4.74287282        19.64522153
    2927         7.47354912        19.26418380
    2928        19.16050885        13.81729684
    2929        13.51757976        10.79875673
    2930        10.54201285        19.19195596
    2931        16.22301564        19.63999431
    2932         0.33493647        11.25000000
    2933        14.72443298        10.83019084
    2934        16.24556378        11.73593589
    2935        19.64489660        13.32464535
    2936        11.70475420        19.60043741
    2937        17.58355898        19.19118428
    2938        16.64675198        10.37390770
    2939         0.39260815        12.27761663
    2940        10.69451731        11.20342911
    2941        19.25482519        15.55082025
    2942         1.26593349        14.06926792
    2943        14.74559293        18.81601757
    2944         9.84892113        10.37590056
    2945         2.97021269        19.24681429
    2946         6.64769541        19.62605288
    2947         1.16126686        18.18513959
    2948         0.79349443        13.59549723
    2949         9.15256921        10.34488141
    2950        13.37125924        18.76653669
    2951         1.97071624        10.75823005
    2952         1.66254702        19.18603163
    2953        19.63397460        19.63397460
    2954         0.36602540        10.36602540
    2955         1.66660383        16.20343858
    2956         0.36268228        19.63731772
    2957        19.26469637        17.51144616
    2958        12.25000000        10.29423990
    2959         7.36187360        19.65349587
    2960         5.79906166        18.81928068
    2961         1.37583771        11.78951621
    2962         7.59211559        10.77722317
    2963         6.41634924        10.76967607
    2964        18.37797992        13.29694195
    2965         4.48510531        19.27687088
    2966         5.00000000        10.70348403
    2967        18.76457454        18.84455976
    2968         3.12904516        10.76921655
    2969         8.92702458        19.24611212
    2970        13.96176107        10.72838864
    2971        19.65107895        15.39565101
    2972        11.32995424        10.98924699
    2973         3.65961928        11.17422823
    2974        10.08530236        19.24664250
    2975        15.24602936        10.27738609
    2976        19.22279744        18.85241787
    2977         1.14909040        19.23736689
    2978         2.51810342        19.30898611
    2979         0.73751223        12.45600277
    2980         0.77647826        18.33983306
    2981        15.94025011        19.27655030
    2982        17.08767821        11.59266539
    2983        22.59571710        12.21559389
    2984        26.74615945        10.43734703
    2985        29.23212556        10.39826814
    2986        31.77295816        10.40865130
    2987        34.26293536        10.42429483
    2988        26.24990782        19.58844695
    2989        33.25000000        19.59975126
    2990        30.75290484        19.56685723
    2991        28.21575601        19.56919534
    2992        35.26512176        19.57571851
    2993        39.56698730        14.75000000
    2994        24.24776290        19.60187078
    2995        20.45080976        15.68379193
    2996        36.26717495        10.42310864
    2997        39.54515421        16.72842305
    2998        25.24863547        10.43196165
    2999        20.41336658        17.28548384
    3000        36.72819605        19.58563392
    3001        39.57122891        13.25734612
    3002        21.78204765        12.88742134
    3003        22.76215530        19.65886874
    3004        37.75001274        10.43302604
    3005        38.20011283        19.56316653
    3006        23.11974861        11.32190536
    3007        39.56052738        11.73897370
    3008        20.42913434        14.24381842
    3009        39.56698730        18.25000000
    3010        27.25000000        19.56698730
    3011        25.25001718        19.59328160
    3012        20.41146923        18.26037435
    3013        21.70697553        19.61279991
    3014        29.28267350        19.56945187
    3015        34.24062718        19.57239870
    3016        32.23527595        19.48778071
    3017        27.74837838        10.43717714
    3018        30.23960034        10.45739240
    3019        32.77964985        10.45838416
    3020        35.25000000        10.43301270
    3021        39.57747521        15.76816559
    3022        24.26887763        10.42257211
    3023        38.74591203        10.43065251
    3024        20.76628083        13.28363336
    3025        20.42180234        19.23055914
    3026        39.25338616        19.57920487
    3027        39.54714774        10.79591019
    3028        21.28686495        13.18980800
    3029        21.77740293        13.37836970
    3030        22.19917782        13.11084135
    3031        22.20960087        13.59840912
    3032        22.62096013        13.33959371
    3033        22.63322419        13.82477767
    3034        23.04516753        13.56569155
    3035        23.05774600        14.05294294
    3036        23.46693112        13.79938361
    3037        23.48253876        14.28198470
    3038        23.89000295        14.01870751
    3039        23.90607960        14.51079383
    3040        24.32149419        14.24572739
    3041        24.33622397        14.74268128
    3042        24.75251168        14.48451154
    3043        24.77233189        14.97587200
    3044        25.18323728        14.71025383
    3045        25.20453183        15.20714632
    3046        25.61967708        14.94054670
    3047        24.34695616        15.23445739
    3048        25.63869502        15.43946101
    3049        26.05751745        15.17934258
    3050        26.03588607        14.67282792
    3051        26.47382065        14.91114871
    3052        26.49227751        15.41115621
    3053        26.91231767        15.15068746
    3054        26.89597484        14.64977503
    3055        27.33360239        14.89039495
    3056        27.34989524        15.38409068
    3057        27.77043838        15.12394387
    3058        27.75414301        14.63004823
    3059        28.19157841        14.86353530
    3060        28.20828190        15.35734104
    3061        28.62957054        15.09718650
    3062        28.61233130        14.60086611
    3063        29.05138097        14.83521121
    3064        29.06750453        15.33201032
    3065        29.48991665        15.06968100
    3066        29.47373622        14.57252599
    3067        29.91254950        14.80710528
    3068        29.92867797        15.30456707
    3069        30.35160852        15.04186532
    3070        30.36766648        15.53962850
    3071        30.79086117        15.27677209
    3072        30.77450131        14.77913779
    3073        31.21399175        15.01403999
    3074        31.23028566        15.51187272
    3075        31.65363871        15.24876434
    3076        31.63721342        14.75148724
    3077        32.07698817        14.98612510
    3078        32.09340728        15.48367124
    3079        32.51695954        15.22068161
    3080        32.50057964        14.72352328
    3081        32.94047557        14.95811724
    3082        32.95734475        15.45564191
    3083        33.38080757        15.19274465
    3084        33.36436816        14.69554483
    3085        33.80439065        14.93012539
    3086        33.82154603        15.42764003
    3087        34.24487766        15.16473475
    3088        34.22850398        14.66755190
    3089        34.66863125        14.90210806
    3090        34.68531843        15.39991007
    3091        35.10919176        15.13676200
    3092        35.09297436        14.63892601
    3093        35.12566543        15.63540824
    3094        35.54964523        15.37222737
    3095        35.56585214        15.87141775
    3096        24.73232456        13.97833301
    3097        35.14194244        16.13406641
    3098        35.99008642        15.60784611
    3099        36.00626264        16.10714200
    3100        23.06724507        14.53816571
    3101        36.43059430        15.84347462
    3102        36.41434333        15.34413957
    3103        36.44679950        16.34282552
    3104        36.85494445        15.57978490
    3105        36.83872235        15.08039430
    3106        37.27934693        15.31606271
    3107        37.26311887        14.81661962
    3108        36.82244599        14.58095341
    3109        37.24687593        14.31717901
    3110        36.80619369        14.08150567
    3111        37.23063629        13.81772328
    3112        36.78991936        13.58203348
    3113        37.21441278        13.31825443
    3114        36.77367797        13.08254950
    3115        37.19819213        12.81873530
    3116        23.44792001        13.28911567
    3117        36.75743774        12.58302791
    3118        36.33294743        12.84686537
    3119        36.02239984        16.60652081
    3120        36.46300578        16.84223418
    3121        36.03852340        17.10596821
    3122        36.47917581        17.34170512
    3123        36.90367174        17.07794047
    3124        36.91984932        17.57746863
    3125        37.34438481        17.31366797
    3126        29.89637816        14.30961302
    3127        29.45731123        14.07501708
    3128        29.88009585        13.81192614
    3129        29.44065084        13.57708393
    3130        29.86380857        13.31393744
    3131        29.42412164        13.07899115
    3132        29.84752303        12.81571453
    3133        30.28726800        13.05075969
    3134        29.40777610        12.58079509
    3135        28.98439389        12.84409304
    3136        30.27102413        12.55226688
    3137        30.71101306        12.78746319
    3138        28.96798501        12.34596178
    3139        28.54470375        12.60933185
    3140        29.94456060        15.80234919
    3141        30.38375735        16.03757716
    3142        29.96013854        16.30050049
    3143        30.39977350        16.53576570
    3144        29.97591906        16.79879569
    3145        30.41570145        17.03418680
    3146        29.99192875        17.29720715
    3147        29.55210500        17.06184457
    3148        30.83942604        16.77105871
    3149        30.85548425        17.26969720
    3150        31.27943903        17.00640270
    3151        31.29543752        17.50529343
    3152        31.71956556        17.24187777
    3153        25.22063399        15.70040582
    3154        25.65516182        15.93361996
    3155        25.23535588        16.19399876
    3156        25.67098221        16.42739848
    3157        25.25043849        16.68800492
    3158        25.68666750        16.92178623
    3159        25.26616434        17.18238039
    3160        24.82981986        16.94824314
    3161        25.70244357        17.41668697
    3162        26.12345530        17.15546455
    3163        24.84518891        17.44329087
    3164        24.40837344        17.20868697
    3165        22.22439806        14.07796825
    3166        30.69470824        12.28870332
    3167        31.13487406        12.52398191
    3168        36.05468486        17.60545236
    3169        35.61402115        17.36970048
    3170        37.67131654        14.05344559
    3171        29.56815899        17.56015596
    3172        29.12854612        17.32481398
    3173        26.13925091        17.65098178
    3174        26.56093585        17.38937808
    3175        36.31669222        12.34734729
    3176        35.89231237        12.61118909
    3177        37.18193917        12.31916347
    3178        37.62272565        12.55490012
    3179        24.42383759        17.70430080
    3180        23.98702019        17.46961385
    3181        23.97163961        16.97403772
    3182        23.55056850        17.23439843
    3183        23.53543527        16.73958043
    3184        23.11435276        16.99968473
    3185        23.09918058        16.50530585
    3186        22.67822103        16.76553650
    3187        22.69468330        17.26083246
    3188        22.66301518        16.27089133
    3189        22.24258146        16.53131042
    3190        22.22793044        16.03731256
    3191        23.56693775        17.73010802
    3192        37.36056717        17.81325358
    3193        37.78513602        17.54942666
    3194        37.76889701        17.04988968
    3195        31.73554027        17.74095254
    3196        32.15978730        17.47746275
    3197        30.00783004        17.79562968
    3198        29.14447187        17.82305090
    3199        28.70511937        17.58757980
    3200        37.70378284        15.05228134
    3201        28.52826411        12.11108237
    3202        28.09141015        12.35165132
    3203        28.11930517        12.86852258
    3204        27.67969920        12.63317012
    3205        27.63952101        12.12177762
    3206        27.23878257        12.39963346
    3207        27.25980430        12.90021098
    3208        26.82069332        12.66495653
    3209        26.80429020        12.16893851
    3210        26.38361575        12.43190561
    3211        26.38257421        11.96100585
    3212        25.94920941        12.20227236
    3213        26.39711653        12.92336338
    3214        28.68931388        17.08973905
    3215        31.15108955        13.02279863
    3216        31.57503735        12.75934094
    3217        31.55879096        12.26060734
    3218        31.99897983        12.49607254
    3219        32.01517968        12.99493135
    3220        32.43934705        12.73145650
    3221        32.42161098        12.23134804
    3222        32.86319847        12.46783186
    3223        32.87966432        12.96697596
    3224        33.30387340        12.70345779
    3225        33.28629005        12.20315411
    3226        33.72787909        12.43980607
    3227        33.74430151        12.93908800
    3228        26.57665456        17.88565040
    3229        29.39100048        12.08227747
    3230        35.87597660        12.11167211
    3231        35.62283289        17.85737485
    3232        35.18829602        17.63146787
    3233        25.71781008        17.91219913
    3234        35.90872692        13.11206441
    3235        34.16776502        12.67553951
    3236        34.15018195        12.17434906
    3237        32.17577359        17.97668472
    3238        32.60003500        17.71321041
    3239        32.58404903        17.21392517
    3240        33.02432499        17.44966814
    3241        33.04038587        17.94893847
    3242        33.46422409        17.68539452
    3243        33.44852138        17.18611867
    3244        26.99865777        17.62387541
    3245        26.98270840        17.12740446
    3246        37.59799771        12.07113987
    3247        31.75145676        18.24013504
    3248        37.16566422        11.81956197
    3249        38.04586417        12.29367336
    3250        36.07085729        18.10497885
    3251        38.06327980        12.79110436
    3252        37.72000140        15.55178058
    3253        37.80133805        18.04903853
    3254        34.18458604        13.17478790
    3255        23.08436829        16.01143211
    3256        33.48036567        18.18470117
    3257        28.72087312        18.08583826
    3258        21.80676040        16.29718172
    3259        21.79248800        15.80354392
    3260        21.82161986        16.79193845
    3261        38.14448727        15.28797705
    3262        38.16067552        15.78748412
    3263        35.19689866        18.11881775
    3264        38.02216614        11.75164655
    3265        27.01453727        18.12058586
    3266        38.20969968        17.28558649
    3267        25.97779889        11.67660556
    3268        25.51888069        11.96221918
    3269        25.52817239        12.45711617
    3270        25.09231039        12.22635545
    3271        25.03617026        11.68682300
    3272        24.65936489        11.99535428
    3273        24.67675118        12.48398539
    3274        24.24704649        12.25419593
    3275        38.48781771        12.52730278
    3276        37.37673402        18.31287381
    3277        22.21231803        15.54433230
    3278        21.77854405        15.31126668
    3279        24.21938879        11.78842057
    3280        23.95635187        16.47924681
    3281        36.38172105        14.34524861
    3282        31.70347508        16.74296188
    3283        33.88741369        17.42247404
    3284        33.87213792        16.92267071
    3285        33.43236697        16.68692901
    3286        33.76043106        13.43835570
    3287        26.80235115        11.69024114
    3288        34.60905115        12.91121515
    3289        34.62513735        13.41049502
    3290        29.16041330        18.32148714
    3291        27.42065817        17.36184157
    3292        27.40259372        16.86541485
    3293        26.96674749        16.63096099
    3294        21.38501436        16.55708989
    3295        38.48451760        13.02504735
    3296        33.05636700        18.44827418
    3297        26.59204089        18.38250433
    3298        23.83634796        12.02894817
    3299        21.39983241        17.05298060
    3300        37.81753228        18.54867904
    3301        38.24214322        18.28483429
    3302        28.73720359        18.58316109
    3303        28.29845712        18.34172140
    3304        24.26347917        12.74099615
    3305        24.69311848        12.97098757
    3306        35.45176734        12.37558815
    3307        35.43527024        11.87600197
    3308        35.85972406        11.61212781
    3309        29.01692316        13.83992188
    3310        35.17343620        17.13362822
    3311        29.52101992        16.06493469
    3312        38.12823266        14.78849255
    3313        24.79903988        15.96011591
    3314        32.19177131        18.47595664
    3315        31.77486901        18.72545054
    3316        31.32823298        18.50127995
    3317        37.73618944        16.05120267
    3318        38.19336234        16.78610816
    3319        30.87132570        17.76849376
    3320        30.25450623        12.05350108
    3321        30.67839166        11.78975374
    3322        30.23804805        11.55442998
    3323        30.66189919        11.28585459
    3324        31.10249370        11.52517962
    3325        30.31935938        14.04687738
    3326        34.76361839        17.89448527
    3327        34.77946479        18.39388654
    3328        33.85644459        16.42362889
    3329        26.09071137        16.16627120
    3330        24.86085638        17.93880592
    3331        24.43901726        18.20038450
    3332        24.87639459        18.43527492
    3333        21.83700384        17.28800249
    3334        21.41459742        17.54963499
    3335        21.85228431        17.78517021
    3336        21.44075921        18.02592649
    3337        21.86990409        18.27923070
    3338        21.40445795        18.49921077
    3339        22.29150156        18.02050343
    3340        22.30720825        18.51778976
    3341        34.29546376        16.65964871
    3342        38.56899973        15.02415196
    3343        38.55274413        14.52467916
    3344        22.72946504        18.25602579
    3345        27.38779742        16.36983172
    3346        27.82640187        16.60311200
    3347        22.19670178        15.05330935
    3348        21.76436957        14.82058239
    3349        21.34600206        15.07827172
    3350        22.62881226        15.28483511
    3351        21.32036588        14.60135892
    3352        33.48037461        18.65856767
    3353        21.43813539        13.63255974
    3354        37.39290731        18.81252337
    3355        36.95213236        18.57670140
    3356        27.03023309        18.61761577
    3357        35.42041408        11.37878522
    3358        34.99486090        11.64070623
    3359        38.62423664        17.04054359
    3360        38.64884051        17.52451339
    3361        38.63263096        16.52742057
    3362        35.24523169        18.67543792
    3363        24.27834681        13.23840410
    3364        31.08508211        11.02772317
    3365        31.52689693        11.26226593
    3366        24.45691248        18.69197304
    3367        24.01829867        18.46103360
    3368        20.88379451        14.87108591
    3369        34.78316672        18.81650221
    3370        38.07638878        13.29008895
    3371        38.48884759        13.53902564
    3372        33.41562875        16.18858024
    3373        32.99214781        16.45135517
    3374        26.94826132        16.13747183
    3375        34.27907013        16.16058258
    3376        34.34091435        18.15864422
    3377        35.04682722        13.14425543
    3378        35.06328920        13.64469170
    3379        34.63897595        13.90788631
    3380        38.87509128        12.77590079
    3381        27.80829538        16.10872558
    3382        28.24598473        16.34391878
    3383        38.91268816        12.26288514
    3384        28.26739892        17.34688648
    3385        22.75391795        18.73861540
    3386        23.16938291        18.49160686
    3387        23.19554783        18.97356781
    3388        34.98628629        11.16053702
    3389        34.55523259        11.40800181
    3390        27.45317598        18.35536941
    3391        31.39885304        19.06780847
    3392        30.91888932        18.76440779
    3393        27.46631002        18.83244227
    3394        38.26794744        18.76656082
    3395        38.68299090        18.52062494
    3396        22.32472035        18.99322399
    3397        35.80481671        11.07827023
    3398        36.29184109        11.28238624
    3399        38.70792984        18.99397990
    3400        26.55601439        18.85917855
    3401        26.13099086        18.62406295
    3402        23.82939492        11.54597424
    3403        24.25325270        11.28266504
    3404        23.78520440        11.05239442
    3405        29.16532161        18.79931095
    3406        29.59843483        18.55366647
    3407        38.98687572        17.28856251
    3408        20.99097262        17.81102983
    3409        28.32728075        18.81206499
    3410        24.93906904        18.89761529
    3411        25.34934198        18.64371598
    3412        39.15637078        18.74762738
    3413        22.60134768        12.86935041
    3414        20.97552802        16.79353640
    3415        20.93058600        16.33317289
    3416        29.56763631        19.11439217
    3417        30.03137071        18.80189806
    3418        30.03286748        19.24759961
    3419        39.10871427        17.75874190
    3420        24.02506033        18.91896403
    3421        33.04658046        18.90559380
    3422        22.90816565        11.76902924
    3423        23.09218616        12.22842466
    3424        20.91180059        15.35567626
    3425        39.25862555        12.54596591
    3426        30.22705606        11.03325922
    3427        29.79836465        11.31545077
    3428        29.78607156        10.82331049
    3429        29.39432353        11.10110406
    3430        32.21217806        18.95101108
    3431        38.98093373        14.76063201
    3432        38.93760685        14.27227825
    3433        39.00832058        15.26751770
    3434        23.32580069        10.83001788
    3435        21.75729062        14.33257502
    3436        24.71083916        13.46598780
    3437        25.12494556        13.20283603
    3438        34.52964885        10.87322247
    3439        34.10245738        11.18177592
    3440        22.62111185        14.79536515
    3441        36.95152680        19.14257864
    3442        36.51402691        18.84037923
    3443        37.42278258        19.24294830
    3444        20.52518056        16.58160847
    3445        30.64469095        10.76287612
    3446        31.05464865        10.54978810
    3447        23.84965067        12.99853230
    3448        25.14151593        13.69055853
    3449        25.55822832        13.43214078
    3450        25.57479225        13.93084116
    3451        25.99293666        13.66386247
    3452        26.01153039        14.16113313
    3453        26.43292336        13.90031576
    3454        24.29875633        13.74853730
    3455        26.45369632        14.40286792
    3456        26.88362965        14.15088542
    3457        26.85972600        13.65153234
    3458        27.30415922        13.89187156
    3459        22.21279120        12.58723548
    3460        25.59667327        14.44063819
    3461        34.12961633        11.67226935
    3462        33.68789575        11.43713065
    3463        33.67206733        10.93334372
    3464        33.24752550        11.19795946
    3465        33.25100551        10.71477234
    3466        32.81719923        10.97832178
    3467        32.82611151        11.46555590
    3468        32.38238253        11.22557953
    3469        32.40197810        11.72957086
    3470        24.75388027        10.42938319
    3471        24.98569029        10.85168117
    3472        25.49312003        10.93463035
    3473        24.51956250        10.84745634
    3474        24.75467991        11.26432181
    3475        25.74641088        10.44488806
    3476        25.99107244        10.86686536
    3477        23.85293154        12.51141736
    3478        23.39238072        12.71512017
    3479        23.76261461        10.50200286
    3480        20.43994702        15.18195504
    3481        26.24557926        10.43664673
    3482        26.49179002        10.85810804
    3483        26.99488673        10.86290075
    3484        26.24569802        11.24501509
    3485        20.47574170        13.72630075
    3486        20.84139199        14.01028424
    3487        25.49174484        11.47422078
    3488        23.52020309        16.24533847
    3489        23.50385202        15.75220779
    3490        23.06929262        15.51867589
    3491        23.48978739        15.25915644
    3492        23.92428675        15.49349517
    3493        25.96156055        12.68965247
    3494        22.64843882        15.77766434
    3495        24.39242634        16.71329917
    3496        24.37698588        16.21988007
    3497        25.74989118        19.57544722
    3498        26.06239891        19.12243726
    3499        25.44293328        19.13368668
    3500        24.74731376        19.60801939
    3501        23.94025684        15.98614373
    3502        23.06159822        15.02609782
    3503        26.75759314        19.58839867
    3504        22.71219845        17.75803357
    3505        27.70107344        13.13267179
    3506        28.13878745        13.36755163
    3507        22.19269653        14.56435765
    3508        23.01189215        13.06953588
    3509        23.76428808        19.60719884
    3510        27.24907127        10.44254685
    3511        27.49822861        10.87446223
    3512        27.99624669        10.87299017
    3513        27.76520719        11.30116505
    3514        28.25257786        11.29116145
    3515        28.49475513        10.86819836
    3516        28.71109051        11.31077049
    3517        27.23094307        11.36676294
    3518        28.05289954        11.79163772
    3519        20.50438519        17.74764290
    3520        29.11290073        16.82680076
    3521        28.56066522        13.10608148
    3522        28.57700355        13.60410567
    3523        28.15524944        13.86710414
    3524        28.59520772        14.10320589
    3525        23.23144674        19.50862877
    3526        29.00058282        13.34195244
    3527        26.54507603        16.89297180
    3528        27.74967474        19.56717509
    3529        29.53653343        16.56330791
    3530        29.09711735        16.32697125
    3531        28.28323735        17.84196887
    3532        29.40930829        11.58454138
    3533        22.29250952        19.51718153
    3534        20.43293249        18.74986107
    3535        20.84345600        19.00469542
    3536        20.81142591        19.54053917
    3537        21.32174361        19.24927371
    3538        20.86848895        18.50818974
    3539        28.75407753        19.51921487
    3540        33.00822937        16.95045427
    3541        32.56805366        16.71475020
    3542        32.55113962        16.21645358
    3543        32.12767622        16.47935399
    3544        32.14376781        16.97838863
    3545        31.68699077        16.24439305
    3546        31.26319615        16.50784578
    3547        24.36263442        15.72673847
    3548        26.52749213        16.39900073
    3549        34.20064643        13.67383393
    3550        33.77487997        13.93593075
    3551        33.33598547        13.70158404
    3552        33.31999481        13.20259348
    3553        32.89579032        13.46613368
    3554        32.91087070        13.96421211
    3555        32.47108694        13.72897752
    3556        32.45536814        13.23039185
    3557        32.03114051        13.49387608
    3558        32.04612056        13.99162476
    3559        31.60701168        13.75704120
    3560        34.74912833        17.39694495
    3561        36.34923738        13.34657759
    3562        35.92538391        13.61252799
    3563        36.36557870        13.84624281
    3564        35.94147813        14.11044822
    3565        35.95752548        14.60927283
    3566        36.39809570        14.84477900
    3567        35.59788036        16.87021234
    3568        33.26772148        11.70246986
    3569        35.15797836        16.63370405
    3570        30.72721914        13.28602961
    3571        31.16720237        13.52151930
    3572        31.59111019        13.25825125
    3573        31.18257935        14.01963863
    3574        30.89000078        18.26640972
    3575        32.24534721        10.42418424
    3576        31.97903504        10.90434257
    3577        34.75709737        10.41226638
    3578        38.24932611        10.43262463
    3579        38.49921393        10.86556443
    3580        39.00295608        10.85150355
    3581        38.75036362        11.27797420
    3582        39.25309513        11.28143104
    3583        38.25364111        11.28016292
    3584        38.96342190        11.75521003
    3585        38.00038053        10.86274209
    3586        37.50009672        10.86549355
    3587        37.25003369        10.43294753
    3588        37.00002990        10.84642710
    3589        37.20430305        11.32103232
    3590        36.75003947        10.43309632
    3591        36.52702420        10.82890373
    3592        37.75332342        11.28864409
    3593        38.72631628        19.49851653
    3594        36.24636757        19.58881297
    3595        35.75191645        19.57208598
    3596        36.06162284        19.09777880
    3597        35.52743527        19.13473166
    3598        35.72111582        18.76152150
    3599        34.75000000        19.56698730
    3600        33.74843786        19.57784226
    3601        34.02418545        19.15453467
    3602        32.76599086        19.59026368
    3603        31.70209313        19.54621299
    3604        31.21865979        19.56217388
    3605        35.76235421        10.51883111
    3606        39.56698730        16.25000000
    3607        39.20296471        16.02220649
    3608        39.13485903        16.48475411
    3609        28.73912010        10.42440533
    3610        33.71089367        10.45019984
    3611        39.59048206        13.75122435
    3612        39.22620220        13.53349761
    3613        39.56698730        14.25000000
    3614        39.53284972        15.26476294
    3615        37.32813924        16.81417157
    3616        36.93597808        18.07706770
    3617        35.01148323        12.14140077
    3618        29.08352318        15.82788383
    3619        36.74117885        12.08348973
    3620        37.63834157        13.05450697
    3621        35.51736444        14.37445507
    3622        37.88832014        19.09965117
    3623        36.88741962        16.57851846
    3624        30.74284462        13.78412816
    3625        38.48866209        12.03523920
    3626        37.29556395        15.81546165
    3627        38.22564836        17.78573385
    3628        37.68752620        14.55286067
    3629        38.55804889        15.52435403
    3630        36.49534374        17.84120526
    3631        35.53335532        14.87316051
    3632        35.97384191        15.10857090
    3633        36.30172282        11.83683723
    3634        38.08998781        13.79183124
    3635        35.58205263        16.37051056
    3636        34.30637376        18.69996564
    3637        38.66673269        18.02100375
    3638        30.82322852        16.27276190
    3639        36.87118281        16.07914750
    3640        24.81358281        16.45421050
    3641        37.65505028        13.55395868
    3642        36.52289516        18.34037146
    3643        29.03448177        14.33779136
    3644        31.31199900        18.00376074
    3645        32.61606957        18.21245382
    3646        31.11870983        12.02492612
    3647        36.73744342        11.58652775
    3648        30.80702859        15.77470628
    3649        28.24641672        10.43379517
    3650        30.43162180        17.53275339
    3651        30.33534527        14.54439911
    3652        29.50600459        15.56679326
    3653        37.31181671        16.31483795
    3654        23.91611234        15.00016212
    3655        31.54159191        11.76151684
    3656        29.83113248        12.31733227
    3657        38.11105011        14.28943865
    3658        32.62227260        18.69062262
    3659        37.75250524        16.55056933
    3660        29.58385999        18.05799871
    3661        30.30343259        13.54894307
    3662        27.43661147        17.85847928
    3663        38.17942990        16.28761640
    3664        35.46829611        12.87502537
    3665        38.51551181        14.04469518
    3666        28.64633713        15.59183716
    3667        29.82039336        11.81792216
    3668        38.58092553        16.02263863
    3669        25.28155252        17.67764611
    3670        35.02925507        12.64326501
    3671        30.44788891        18.03101139
    3672        21.89516741        18.73550132
    3673        26.14844633        18.14369530
    3674        26.10739742        16.66048216
    3675        24.00308390        17.96500398
    3676        21.36919738        16.06415324
    3677        26.07365780        15.67254519
    3678        27.21756830        11.90737013
    3679        34.57107060        11.90522767
    3680        31.24660361        16.00965795
    3681        24.78435470        15.46745598
    3682        30.02201478        18.29483067
    3683        28.94538353        11.77777779
    3684        31.67000643        15.74659401
    3685        20.90226507        17.31073612
    3686        33.70826411        11.93819652
    3687        32.84448510        11.96665511
    3688        32.11045530        15.98155929
    3689        30.75862089        14.28187825
    3690        22.25774828        17.02638349
    3691        34.73420354        16.89680686
    3692        32.53410790        15.71861270
    3693        32.97467043        15.95348334
    3694        34.32565733        17.65866654
    3695        31.98057283        11.99619719
    3696        33.39781941        15.69035649
    3697        33.83872899        15.92549203
    3698        28.17466209        14.36877409
    3699        25.30331438        18.16906921
    3700        27.00862623        19.13977734
    3701        31.19759033        14.51689304
    3702        30.46270419        18.52877968
    3703        34.26201924        15.66253721
    3704        26.83653037        13.15976382
    3705        21.35588026        15.57362135
    3706        22.27386449        17.52317730
    3707        28.67523109        16.59234282
    3708        25.10906562        12.71436654
    3709        30.49817516        19.10215753
    3710        31.62157428        14.25415523
    3711        28.25380034        16.85144215
    3712        32.06138367        14.48882220
    3713        27.73812680        14.13043863
    3714        25.73326911        18.38441374
    3715        34.31066743        17.15953530
    3716        32.48574769        14.22612662
    3717        34.70205755        15.89798997
    3718        33.90267911        17.92173961
    3719        34.71845263        16.39713310
    3720        32.92473371        14.46107253
    3721        22.64737335        14.30612658
    3722        33.35025652        14.19798388
    3723        26.50880602        15.90526211
    3724        33.78953195        14.43285031
    3725        21.80507689        13.84998132
    3726        34.21419331        14.17042946
    3727        23.13113661        17.49616205
    3728        27.31827265        14.39056897
    3729        20.93724951        15.82881627
    3730        33.89438831        18.40213499
    3731        34.65364740        14.40489357
    3732        39.45991676        17.27089511
    3733        26.93024393        15.64440752
    3734        35.07846370        14.14212406
    3735        23.14875212        17.99275323
    3736        27.36911773        15.87727355
    3737        34.58980117        12.40849953
    3738        35.50272454        13.87823908
    3739        35.48587465        13.37780066
    3740        23.58429933        18.22651724
    3741        27.78885998        15.61674580
    3742        25.54142329        12.94550659
    3743        31.96874289        11.47991215
    3744        28.22713123        15.84910007
    3745        23.59670379        18.70538521
    3746        28.75374005        19.04839423
    3747        28.66397282        16.08279563
    3748        27.28278585        13.39521268
    3749        27.72074783        13.62787274
    3750        25.97633334        13.17768767
    3751        23.48722690        14.76939344
    3752        21.28299091        14.06989455
    3753        27.83339155        17.10223375
    3754        26.41592771        13.41275424
    3755        39.61366880        17.75423386
    3756        27.84764830        17.59820605
    3757        27.86473220        18.09643144
    3758        27.88369540        18.58355686
    3759        35.37064522        10.88541743
    3760        25.16350916        14.20585604
    3761        23.87193465        13.51544675
    3762        23.39916647        11.78380854
    3763        39.03635919        18.25959959
    3764        33.50000000        19.16092900
    3765        39.23466008        10.41063661
    3766        39.66089081        18.74460913
    3767        39.55330309        19.20543682
    3768        27.93503916        19.11931694
    3769        24.48599883        19.16339445
    3770        37.71973448        19.58797940
    3771        29.01608143        10.88309377
    3772        29.72850008        19.59094990
    3773        31.46989528        10.74979129
    3774        22.87218842        12.60627195
    3775        29.73133570        10.38340534
    3776        34.46686484        19.16635930
    3777        28.50379461        11.66775912
    3778        26.71998975        11.25220657
    3779        32.63665524        19.15356508
    3780        23.62182948        19.16818553
    3781        20.42929549        14.70386671
    3782        20.86449552        14.41671812
    3783        36.16903254        18.60189634
    3784        35.62014985        18.31222943
    3785        20.39009717        16.17566812
    3786        30.95788497        19.19964140
    3787        39.27941771        12.09972233
    3788        23.51460257        12.25354378
    3789        30.30184421        19.60289951
    3790        39.61398668        12.78881732
    3791        39.07946123        19.20495310
    3792        27.58359754        11.69749252
    3793        31.84690224        19.15518150
    3794        21.84376951        19.17271656
    3795        21.26802901        19.68052256
    3796        39.67215405        11.26326299
    3797        23.35542013        10.39778930
    3798        32.43031583        10.80496186
    3799        24.11790237        10.82141816
    3800        38.87762248        13.77374014
    3801        25.15228107        11.24233542
    3802        39.21622022        13.04369034
    3803        20.38433855        13.33863665
    3804        25.83988684        11.23946743
    3805        30.68778799        10.35401132
    3806        35.06873961        19.17843097
    3807        22.79211574        19.18621450
    3808        37.53935299        11.65078712
    3809        25.74378683        18.78166332
    3810        39.65654445        12.25038641
    3811        38.49842428        11.62047289
    3812        36.50034804        19.25103671
    3813        37.18634936        19.60837773
    3814        36.75212833        11.17305543
    3815        21.00084302        13.64030541
    3816        27.49995537        19.25311094
    3817        36.13064223        10.82629999
    3818        34.04024751        10.77467818
    3819        38.33210592        19.17657064
    3820        35.00000000        10.74306827
    3821        26.50720975        19.26043193
    3822        39.21748309        15.61243893
    3823        39.04528726        16.88451082
    3824        38.86141690        13.28181698
    3825        33.25000000        10.30430982
    3826        21.52489287        18.90929307
    3827        20.36602540        19.63397460
    3828        39.63397460        10.36602540
    3829        39.63397460        19.63397460
    3830        24.58106887        11.61914590
    3831        39.24591451        14.01345672
    3832        29.11278218        19.20648142
    3833        23.50580381        11.31136905
    3834        39.26385123        14.50772783
    3835        28.40260183        19.21767310
    3836        21.08840286        18.18141684
    3837        39.28101015        14.97660561
    3838        25.00010363        19.28956951
    3839        33.85562236        18.78919166
    3840        21.19260788        18.83413254
    3841        20.57866952        16.97729335
    3842        38.88026679        15.76596057
    3843        33.01452089        19.29573829
    3844        29.10624173        11.34205194
    3845        31.37970468        10.34376722
    3846        20.74655260        18.07288028
    3847        38.88006083        16.22776866
    3848        26.43868764        11.58298544
    3849        24.00754579        19.30789924
    3850        29.43491344        10.73685809
    3851        22.56168127        12.56103972

NODES_WITH_PRESCRIBED_DISPLACEMENTS = 40
       2   1   1      0.000000000000      0.000000000000
       3   1   1      0.000000000000      0.000000000000
       6   1   1      0.000000000000      0.000000000000
      11   1   1      0.000000000000      0.000000000000
      46   1   1      0.000000000000      0.000000000000
      47   1   1      0.000000000000      0.000000000000
      48   1   1      0.000000000000      0.000000000000
      49   1   1      0.000000000000      0.000000000000
      50   1   1      0.000000000000      0.000000000000
      51   1   1      0.000000000000      0.000000000000
      52   1   1      0.000000000000      0.000000000000
      53   1   1      0.000000000000      0.000000000000
      54   1   1      0.000000000000      0.000000000000
     126   1   1      0.000000000000      0.000000000000
     127   1   1      0.000000000000      0.000000000000
     128   1   1      0.000000000000      0.000000000000
     129   1   1      0.000000000000      0.000000000000
     130   1   1      0.000000000000      0.000000000000
     131   1   1      0.000000000000      0.000000000000
     132   1   1      0.000000000000      0.000000000000
     133   1   1      0.000000000000      0.000000000000
     134   1   1      0.000000000000      0.000000000000
     278   1   1      0.000000000000      0.000000000000
     279   1   1      0.000000000000      0.000000000000
     280   1   1      0.000000000000      0.000000000000
     281   1   1      0.000000000000      0.000000000000
     282   1   1      0.000000000000      0.000000000000
     283   1   1      0.000000000000      0.000000000000
     284   1   1      0.000000000000      0.000000000000
     285   1   1      0.000000000000      0.000000000000
     286   1   1      0.000000000000      0.000000000000
     364   1   1      0.000000000000      0.000000000000
     365   1   1      0.000000000000      0.000000000000
     366   1   1      0.000000000000      0.000000000000
     367   1   1      0.000000000000      0.000000000000
     368   1   1      0.000000000000      0.000000000000
     369   1   1      0.000000000000      0.000000000000
     370   1   1      0.000000000000      0.000000000000
     371   1   1      0.000000000000      0.000000000000
     372   1   1      0.000000000000      0.000000000000

NUMBER_OF_MATERIALS = 4

MATERIAL_PROPERTIES =
     1    2.10000000e+11    0.300000      7850.0000
     2    2.10000000e+11    0.300000      7850.0000
     3    2.10000000e+11    0.300000      7850.0000
     4    2.10000000e+11    0.300000      7850.0000

CONSTANT_BODY_FORCE = 4
     1      0.000000000000      0.000000000000
     2      0.000000000000      0.000000000000
     3      0.000000000000      0.000000000000
     4      0.000000000000      0.000000000000

PRESCRIBED_TRACTIONS = 80
      77       3   -1000.000000       0.000000
     530       3   -1000.000000       0.000000
     693       3   -1000.000000       0.000000
     709       3   -1000.000000       0.000000
     713       3   -1000.000000       0.000000
     721       3   -1000.000000       0.000000
     722       3   -1000.000000       0.000000
     730       3   -1000.000000       0.000000
     731       3   -1000.000000       0.000000
     732       3   -1000.000000       0.000000
     733       3   -1000.000000       0.000000
     734       3   -1000.000000       0.000000
     735       3   -1000.000000       0.000000
     736       3   -1000.000000       0.000000
    1487       3   -1000.000000       0.000000
    1563       3   -1000.000000       0.000000
    1637       3   -1000.000000       0.000000
    1639       3   -1000.000000       0.000000
    1663       3   -1000.000000       0.000000
    1771       3   -1000.000000       0.000000
    3730       3   -1000.000000       0.000000
    3768       3   -1000.000000       0.000000
    4296       3   -1000.000000       0.000000
    4299       3   -1000.000000       0.000000
    4307       3   -1000.000000       0.000000
    4318       3   -1000.000000       0.000000
    4319       3   -1000.000000       0.000000
    4320       3   -1000.000000       0.000000
    4329       3   -1000.000000       0.000000
    4330       3   -1000.000000       0.000000
    4331       3   -1000.000000       0.000000
    4332       3   -1000.000000       0.000000
    4333       3   -1000.000000       0.000000
    4334       3   -1000.000000       0.000000
    4336       3   -1000.000000       0.000000
    5378       3   -1000.000000       0.000000
    5397       3   -1000.000000       0.000000
    5415       3   -1000.000000       0.000000
    5479       3   -1000.000000       0.000000
    5489       3   -1000.000000       0.000000
    1951       3    1000.000000       0.000000
    2413       3    1000.000000       0.000000
    2432       3    1000.000000       0.000000
    2440       3    1000.000000       0.000000
    2451       3    1000.000000       0.000000
    2452       3    1000.000000       0.000000
    2455       3    1000.000000       0.000000
    2456       3    1000.000000       0.000000
    2457       3    1000.000000       0.000000
    2458       3    1000.000000       0.000000
    2459       3    1000.000000       0.000000
    2460       3    1000.000000       0.000000
    2461       3    1000.000000       0.000000
    2462       3    1000.000000       0.000000
    3445       3    1000.000000       0.000000
    3504       3    1000.000000       0.000000
    3512       3    1000.000000       0.000000
    3538       3    1000.000000       0.000000
    3591       3    1000.000000       0.000000
    3692       3    1000.000000       0.000000
    6232       3    1000.000000       0.000000
    6243       3    1000.000000       0.000000
    6255       3    1000.000000       0.000000
    6256       3    1000.000000       0.000000
    6259       3    1000.000000       0.000000
    6260       3    1000.000000       0.000000
    6261       3    1000.000000       0.000000
    6262       3    1000.000000       0.000000
    6263       3    1000.000000       0.000000
    6264       3    1000.000000       0.000000
    6266       3    1000.000000       0.000000
    7051       3    1000.000000       0.000000
    7130       3    1000.000000       0.000000
    7131       3    1000.000000       0.000000
    7183       3    1000.000000       0.000000
    7191       3    1000.000000       0.000000
    7228       3    1000.000000       0.000000
    7231       3    1000.000000       0.000000
    7331       3    1000.000000       0.000000
    7338       3    1000.000000       0.000000

